:10000000003C0220C1700100817C0100817C010064
:10001000817C0100817C0100817C0100817C0100E8
:10002000817C0100817C0100817C0100817C0100D8
:0C003000817C0100817C010051AE0000C9
:04003C0000000000C0
:10004000B8B0DFF85CAA0AF10401504613F026FEAE
:100050000AF10C0019F016FCDFF8487ACAF808001B
:100060005021384619F030FE00204FF6FF7150281D
:1000700002D039520A30FAE7DFF82C0A4FF49861BF
:1000800019F022FEDFF8240A4FF4907119F01CFEDB
:10009000DFF81C0ADFF81C1ADFF81C5A00260022C1
:1000A0001523CAE9066600901020A84744F268208C
:1000B000FB211B224FF4A473CDE90010DFF8FC19DB
:1000C0001020A847DFF8F8191020A8479AF8001068
:1000D000DFF8F0495020A047DFF8EC190246102065
:1000E000A847DFF8E819102001224FF0010BA847BC
:1000F000DFF8DC1910204FF0FF32A84719F0D8FDC7
:10010000DFF8D01902461020A8478DF88060DFF88C
:10011000C86903204FF002080DF1A0094FF4806276
:1001200001238DF838B08DF83CB08DF840001020D8
:100130008DF8A080CDF800903146A84710A8314630
:1001400040F2034219F0A8FD20A8314640F20242D5
:1001500019F0A2FD0EA8314640F2064219F09CFDAE
:100160000FA8314640F2114219F096FDDFF86C6994
:10017000DFF86C19102006F11002A847DFF86419A7
:10018000102000220023A84719F092FDDFF858192B
:1001900002461020A84719F08BFD0346DFF84C09F2
:1001A000DFF84C190822CDE900801020B046A8479E
:1001B0004FF08040002114F0CBF9DFF83839FF21EF
:1001C0000022706018F0B1FFDFF82C0900680B9076
:1001D00009F102000890381D0990DAF804000021A6
:1001E0004FF040424FF0FF330CF00EF90028F4D0EE
:1001F000074600200DF13F010E900FA80EAA16F041
:10020000D2FC002840F0D781BDF83C00102840F017
:10021000CD819AF800009DF83F10814240F0C681E0
:100220000E9E4FF6FF713088884200F0C081C1B247
:10023000912900F0C880B02900F0B780D02940F0A3
:10024000B681B078072800F2E280DFE810F00800FD
:10025000AF01AF01AF01AF012301F8000701DFF8E3
:10026000D018DFF8D028DFF8504810200023A0472E
:10027000DFF8C41810204FF48602A0474FF44870EE
:10028000DFF8B81801220123CDE900001020A047B3
:10029000DFF8AC9806200DF1A0080022ADF8A00010
:1002A000102043464946A0478DF840B010AD1020BD
:1002B000494601222B46A0471020494606222B46DC
:1002C0008DF840B0A04740F602004946032243465D
:1002D000ADF8A0001020A047A146DFF868485025DF
:1002E00010200122022300952146C84710202146F4
:1002F000012203230095C847DFF8E007D0F8048007
:10030000B01D15F03DFBDFF84038DFF840480090A5
:100310004046DFF8C887FF210022A047002013F0E5
:1003200025FB02684146D8F8046041F8082F808810
:100330008880084615F024FBDFF81438009030461A
:10034000FF210022A047DFF80C58062040F6B83203
:100350000023CDE900B00AF12000294613F080FF08
:10036000D8F80400DFF8F037FF210022A047002072
:10037000DFF8E8170022642300901020C847082007
:10038000294642F210720023CDE900B00AF1440080
:1003900013F066FF42F21071D8F80400DFF8C0379E
:1003A00000220091FF21A04700E170881AF056F961
:1003B00000283ED17078162831D13179D8F8040060
:1003C000DFF8443733E0000A10281BD00E2840F035
:1003D000ED80B08841F20541884240F0E780DFF8C7
:1003E000FC06D0F80480B06890F90340B0F8010032
:1003F00017F01EFCCDE900044046DFF8E086DFF888
:100400000037CFE0D8F80400DFF8F036CAE015284E
:1004100040F0CC80D8F80400DFF81037C2E0307923
:100420007F2806D13189D8F80400DFF8D83619F0D2
:10043000ECFB317906F108001AF00CF9B6E0B1884E
:10044000DFF8602600204FF6FF74082800F02683AE
:1004500013888B422FD00A320130F6E7B288DFF8DA
:10046000AC16102028AB10F029FD002840F09E802B
:100470000898D8F8046015F083FABDF8B410DFF8D6
:100480009036002201EB81014900CDE900013046A0
:10049000FF2189E07189099A06F1040900204FF6CD
:1004A000FF74082800F0FA8232F8043CA34225D0F9
:1004B0000A320130F5E798F800101480013910F085
:1004C000F80F88F8001040F0E98200F00700DFF82C
:1004D000D415D8F8049000EB800001EB4000043004
:1004E00015F04EFAB179DFF830460022172A36D0DF
:1004F00014F832308B424DD00132F7E722F8041C59
:10050000D9F800101160B9F80410918098F8001023
:10051000013110F0F80F88F8001040F0BF8200F0B1
:100520000700002150440176D8F804000D90484699
:1005300015F026FA0C90484615F096FC0A90DFF864
:1005400068052124013C0DD0494600F1260518F02C
:10055000F1FC00282846F5D115F9010C03E0DFF87D
:10056000B4251AE000200C99DFF8B4350022009180
:100570000A99CDE901100D98FF2118F0D6FD728976
:10058000DFF8A015102010F099FCD8F80400DFF86F
:10059000983507E004EBC2025268DFF880358DE839
:1005A00007004846FF21002218F0BFFD0E9E16B13D
:1005B000304619F0B9FB78007FF50FAEDAF8080085
:1005C00018F0ACFC00283FF408AE814600880138E2
:1005D000072800F23B82DFE800F0048838580DA5B8
:1005E000C27388F801B0DFF8D035FF210022D8F8B7
:1005F0000400FCE1D9F80440D8F80400627AE3680A
:10060000E688217ACDE90223DFF86435CDE900617F
:1006100019F04AFB304618F02BF807289CBF5044CD
:1006200080F818B0207A40B9607A30B9E06820B913
:10063000DFF84015304611F001FEDD48DFF83815CF
:100640003246002300901020A7E0D9F8045020A8DB
:100650001F2119F039FBE88AAA691044511C814214
:1006600080F08B801378002B00F087801944814242
:1006700000F28380911C5278013B02F0FE02082AAE
:1006800000F08E8051FA83F2E8E7D9F8040099F877
:10069000025006888478304617F0EAFF032D00F2F6
:1006A000D5810746DFE815F004009A0186018D0127
:1006B000D8F80400DFF8E834FF210022009696E124
:1006C00042F21071D8F80400DFF8D83419F09DFA1E
:1006D00098F80100002853D088F802B0DFF8C83439
:1006E000FF210022D8F804003FE00020DFF8C034EA
:1006F000FF21002288F80100D8F8040018F015FD49
:1007000098F80200002800F0A1810024DFF8A4344A
:10071000FF21002288F80240D8F8040018F005FDF7
:10072000009435E0002013F021F908F10801064695
:1007300018F000FC002800F08981D8F804703046D9
:1007400015F01EF9DFF824340090384619F0ACFAA1
:10075000B088A8F80C003068C8F8080076E1D8F82E
:100760000400DFF80034FF21002218F0DEFCDFF87F
:10077000F813102010F0A2FB68E14FF0000B1DE011
:10078000D8F80400DFF8243419F08EFA0020009025
:10079000DFF8C81310200022642310F08FFB55E10E
:1007A000DEB21E201E2E28BF064620AC2046324652
:1007B00019F088FB0020A0559DF880B095F80CA09A
:1007C000B94E0D9505F10208FF240025202DE7B252
:1007D00011D03046414618F0ADFB48B3FF2F07D18A
:1007E000304618F0BEFA00284FF0FF3418BF2C46F0
:1007F00026360135EAE7FF2F27D02623AA4AD8F864
:10080000001007FB03F0115017FB0324B8F8040095
:1008100084F825A0A080A01DBBF1000F00F01F816F
:1008200020A91E2217F023F9002084F824000CE0F0
:10083000BBF1000F07D0B01D20A91E2217F017F939
:10084000002086F8240086F825A0DDF834A00020DA
:100850009AF800608DF8A000F0074FEA86740ED178
:10086000002C28AD18D4700722D4F0062CD4300701
:1008700036D4D84928463F2217F0F9F835E028AD9C
:1008800019F064FACD4919F0B6F9002C09D519F020
:100890005DFACB4919F0AFF919F058FAC94919F0C6
:1008A000AAF9700709D519F051FAC54919F0A3F949
:1008B00019F04CFAC44919F09EF9F00609D519F05F
:1008C00045FABF4919F097F919F040FABF4919F0F4
:1008D00092F9300709D519F039FAB94919F08BF9AD
:1008E00019F034FABA4919F086F9002429463F2252
:1008F0008DF8DF4010A817F0BAF8B7488DF87F40A0
:10090000BBF1000F20AC08BF0446744840680C904F
:10091000404615F035F807469AF801009AF90C5050
:10092000DFF8F0B1032802D8AC4951F820B09AF8AA
:10093000080018F00BFB56468246707A18F006FB4A
:10094000CDE90074CDE9025BCDE904A010A8A44B69
:10095000FF21002206900C9818F0E7FB5F48DFF8B3
:1009600040A14FF0010B0078072869D83078C00704
:1009700066D016F061FF0B994C4E00244FF0FF3506
:1009800048434FF47A71B0FBF1F7182C32D030465F
:1009900018F0E7F918B1002D48BF254605E03046AC
:1009A000414618F0C7FA00285CD00C360134ECE759
:1009B00040E20100744A002C7449D8F80400744BDA
:1009C00005E06E4A002C6E49D8F804006D4B08BF54
:1009D00011460022CDE90016FF2108E0002C49D085
:1009E000D8F804006B4BFF210022CDE9004618F037
:1009F0009CFB2BE00D9E25EAE574D8F800102B4AED
:100A000004EB440042F8201002EB8000B8F8041018
:100A10008760818031484468404614F0B1FF714BD3
:100A20000090204619F040F9707840F6B8314346FE
:100A3000CDE900B16C4900F00102102010F03EFA3F
:100A4000B06908B119F0D4F9DFF89080D9F8040042
:100A500008B119F0CDF9484619F0CAF9AEE5002100
:100A60000170F2E6B06841F270710D9E381A88424A
:100A7000C3D2E5E7D8F80400474BFF2100220096D7
:100A800018F053FB072FE1D80AEB0700007E00287F
:100A9000DCD14249304611F0D1FBD7E718F02CFCED
:100AA000401E0020583C002040240020303400200C
:100AB000C8220020992F0100BD0E01000D3D02103B
:100AC000397F011081760100F16C0210518701001D
:100AD000996801002D6D0210C55000009822002079
:100AE000F1820100C15A0100D96C0210E4230020F8
:100AF0004D9F00005CC3010050CE0100AFC8010053
:100B000041C9010014C901007CC80100F9DC0110D1
:100B1000D4C40100A4CD01000CBD01008FC30100AD
:100B2000E4C301009537010088C4010020C501001D
:100B30008961021017630100C5690110F5F9011000
:100B400095390110D5F4011096C801002B910100D0
:100B500038CA01008977010064C70100E1F4001080
:100B6000AFC40100BAC301009973010062C801005B
:100B700078C2010081C70100597001000DCE01004B
:100B8000B4CC01002AC70100F4CB0100BBCA0100AC
:100B9000E1C8010068C501000DC701008BC5010057
:100BA000F0C60100AEC50100B0C6010047C8010093
:100BB000B4CB010057C9010012CC01009CCC01004C
:100BC0009EC7010011CD010042CD0100F9CD010009
:100BD00039CD010032CE010025CD010014CB01003A
:100BE0003CC00100D8C701003561021038B586B09D
:100BF00004468DF805104FF6FF720120ADF8022073
:100C0000090ADFF8BC5AADF8000002238DF806107F
:100C10008DF8043069462A78204619F017FD162809
:100C200003D12978204619F00DFD07B030BD3EB53F
:100C300004000D461ED0DFF88C0A0068224619F029
:100C4000FDFCFF2815D000200090002301AA2946B2
:100C500020460DF0B1FC60B99DF8040000F06CF97D
:100C6000C00606D59DF8040000F066F910F00400F7
:100C700000D001203EBDFEB5154600F0B2FB15D1F7
:100C800000208DF80400DFF8387A9DF80400F97927
:100C900088421AD22A46214600F03EF800B10026CA
:100CA0009DF80400401C8DF80400EEE719F0C2FC2A
:100CB00050B100F09CFB40B99DF804002A46214643
:100CC00000F02AF8002600E014263046FEBD7CB570
:100CD0000D46044606214C43164620346A46082138
:100CE000204617F0A9F8A8B900F074F890B99DF85B
:100CF0000700002E14BF054320EA0505E9B2814232
:100D000006D08DF807506A460821204617F0A8F84B
:100D1000012076BD002076BD2DE9FC418046444689
:100D200006230D4616465C436A46082104F120005E
:100D300017F082F800284AD100F04CF8002846D17C
:100D400000F024FA040002D100F01DFA3FE0397AE5
:100D500008F1E00822468900404617F06DF890BB84
:100D6000204600F04FF828000ED13A7A9206120E73
:100D70000021204617F0C6FD28BB3A7A92000021D8
:100D8000204618F03BFB15E0214600F028F850B94A
:100D9000300004D02146002000F021F810B900F006
:100DA00013FC14E005808178B1420CD086700EB936
:100DB00000210180204600F025F8397A224689007A
:100DC000404617F04DF800F0FFFB012000E0002046
:100DD000BDE8F6810622FF21684617F093BDB0B545
:100DE000DFF8DC381F7A002200E0521CD4B2BC428B
:100DF00006D231F824508542F7D101EB8400B0BD12
:100E00000020B0BD10B50021DFF8B4280AE030F8AA
:100E10002130DB4320F8213000EB8103491C9C7812
:100E2000E4439C70137A9942F1DB10BD2DE9FE4F2B
:100E3000DFF88C580646287A0F469246984680007E
:100E400018F0BAFC5FEA000903D100F09CF90A200F
:100E500070E00C9C02974FF0060B37461BFB07FB1C
:100E6000029A08210BF1200016F0FAFF8DF8040019
:100E7000304600F099F82A7A9200FF21484618F08F
:100E8000BDFA9DF8040000904A46297A890006F1CF
:100E9000E00016F0E5FF009E02990643286A08224A
:100EA00000EBC70018F0B4FAF4B11022002120467C
:100EB00017F028FDC0B9029988790023224600F076
:100EC000010019F0B3FB00281CBF9DF93C0000286D
:100ED00003D0DFF8F41701200870224610210BF12F
:100EE000230016F0BDFF06435FEA0A0205D01C216D
:100EF0000BF1210016F0B4FF06435FEA080205D0AB
:100F00001C210BF1220016F0ABFF06430D9A4AB1EB
:100F100010210BF1240016F0A3FF06430EAA00F0E7
:100F20002DF90643A87D08B100F096FA484618F05E
:100F30004BFCF0B2BDE8FE8FE0B5062358436A468D
:100F40000821203016F078FF10B99DF807000EBD7B
:100F5000FF200EBDDFF86827107808210CF058BE7E
:100F600038B500F081F816E0286A062300EBC402C9
:100F700013FB04F3082103F1200016F05DFF40B1DC
:100F800000F081FA18F03AFA2A6A02EBC400002154
:100F9000C171641CE4B2E9798C42E5DBA87D10B133
:100FA000BDE8314058E231BDF8B5DFF81417DFF87D
:100FB0001C47CB79194600E01146CAB242B14A1E1D
:100FC0002568C9B20D4415F8011C8142F4D11346BD
:100FD000DFF8EC16C979DBB218464D1E07E017188A
:100FE000165C7F78175422680244401C5670A84251
:100FF0002268F4DBAB4204DABDE8F840052016F0C5
:101000002FBFF1BD70B500F02FF800E0641CE87947
:10101000E3B283420BD22B6AE6B20622FF2103EB36
:10102000C60017F06FFC0028F0D0E0B270BDDFF80A
:10103000A026117839B1DFF8940601680C782046B3
:1010400000F016F8204670BD38B5002000F00CF80E
:1010500003E0E0B200F00CF8641CEA79E1B29142DE
:1010600001D20100F5D032BD0024DFF8545670479C
:101070002DE9F84F4FF0060B1BFB00FB8EB08146AD
:101080000BF1200501AA0821284616F0D5FE0028FC
:101090006BD10622FF2101A817F034FC002864D18F
:1010A00000F074F85FEA000803D100F06CF80A2041
:1010B0005DE01C22FF2103A818F0A0F93A7A920003
:1010C000FF21404618F09AF90BF123060AAA1021D5
:1010D000304616F0B1FE60B91022FF210AA817F0C1
:1010E00011FC30B99DF80A0001A900F0010019F0C7
:1010F00099FA082200F03EF801AA0821284616F0C5
:10110000AFFE054603AA1C210BF1210016F0A8FE34
:101110008DF8000003AA1C210BF1220016F0A0FE9E
:10112000044603AA1021304616F09AFE064603AA8A
:1011300010210BF1240016F093FE824603AA00F062
:101140001DF89DF800100D43254335434AEA050577
:10115000397A05434246890009F1E00016F080FE25
:101160000543404618F030FB00E0002528460FB04C
:10117000BDE8F08FFF2101A818F040B904210BF160
:10118000250016F06DBE042016F006BCDFF83075A1
:10119000387A800018F010BB2DE9F84187B0FF20A5
:1011A0008DF80000DFF81875F87918F005FB0400D9
:1011B00003D1FFF7E8FF0A2030E01022FF2103A847
:1011C00018F01CF9FA79FF21204618F017F90622C9
:1011D000FFF7D0FF03AA1021022016F041FE0546BA
:1011E00003AA1021032016F03BFE05436A460121A5
:1011F000042016F035FE0646F9792246052016F041
:101200002FFE074601AA0621062016F029FE804679
:1012100000F0DAF935433D4348EA050008B0BDE87F
:10122000F081DFF89C244088117816F0A1BDF0B55C
:10123000A9B006460D46144619F0FCF908B9142069
:10124000A6E0A4220021684618F0D8F8ADF80060A6
:10125000DFF86C64F078F27B27998DF80400490878
:10126000307C8DF8A000530802F0010040EA4101F3
:1012700021F0020103F0010341EA4301100921F4C6
:10128000807100F0010041EA0021500921F4007151
:1012900000F0010041EA4021900921F4806100F052
:1012A000010041EA8021920821F0040102F00102CC
:1012B000707C41EA8201279102280CBF01200020A6
:1012C0000DF12607787419F0A9F9412807DB707C25
:1012D00000B108209DF8991008438DF89900F07C22
:1012E000B8B10121B974202206F188010DF139004D
:1012F00018F08EF8202206F1A8010DF1590018F01F
:1013000087F8202206F1C8010DF1790018F080F865
:1013100000E0B874707B8DF8050090B1DFF8B4730D
:10132000102207F110010DF1060018F071F89DF878
:101330009900082805D1102239460DF1160018F041
:1013400067F8307B8DF8260030B11022DFF8881363
:101350000DF1270018F05CF8307948B1022D18BF64
:10136000032D03D1279840F002002790012100E0CF
:1013700000219DF899000143B0788DF8991000B1D3
:10138000042001438DF899106846214619F042F96E
:1013900029B0F0BD2DE9FC41904600F022F80ED1B5
:1013A0000027DFF81C53E979F8B2884216D242468A
:1013B0002146FFF78CFC00B100267F1CF3E719F0F3
:1013C00039F950B100F013F840B99DF804004246D5
:1013D0002146FFF77CFC002600E014263046BDE8DD
:1013E000F68115264FF6FF7290420C467047002199
:1013F00000910023417901AA01F00101801D0DF047
:10140000DBB870B504460D4606204543082B88B06E
:10141000164603D1300758BF223500D521351C228E
:101420000021FFF7A8FE01AA1C21284616F004FDA2
:1014300080B99DF81E00C01F0A280BD29DF830000D
:101440000090F20801AB02F0010206F00101204613
:1014500018F03BFA08B070BD38B519F0D7F8FFF7AF
:1014600003FE0CE000F00FF817F04CFA28B9286AD8
:1014700000EBC401887919F0C5F8641CE4B2E8797E
:101480008442EFDB31BD286A0622FF2100EBC40055
:101490007047F0B5914E0446706885B04FF6FF7501
:1014A00038B9009602238E4A2946012019F0A6F881
:1014B0007060716819B30222FF200292002303902A
:1014C00001930DF112073288009704AB204605F016
:1014D00057FB60B99DF810009DF8111000EB012238
:1014E000100004D0706841892046FFF7C4FB3288A1
:1014F00070680023294619F07DF8706008B9012052
:1015000000E0002005B0F0BD3EB50C4600250146C8
:101510000095002301AA20460DF04EF838B99DF839
:101520000400FFF709FDC00601D401203EBD0020E4
:101530003EBD2DE9F0416B4F3C6806468846154696
:1015400003E02089B04224D02468002CF9D10C207B
:1015500018F032F9040019D0268184F80A8000209E
:101560002060E07245B10821284617F09DFB6060BD
:1015700018B900F029F80AE06060396811B93C60D8
:1015800004E0014608680028FBD10C600CB9152066
:1015900018E019F02BF808B1002013E00120E072E8
:1015A0002A4641463046FFF742FE04464448C06999
:1015B00000281CBF4368002B03D0002200213046C6
:1015C00098472046BDE8F081204618F0FDB838B5B0
:1015D00005464448046803E02089A84204D02468F2
:1015E000002CF9D1012032BDE07A012807D100F0AA
:1015F0005CF820B13248007804210CF009FBE17A54
:10160000491CE1722846C9B200F002F8002032BD40
:1016100038B5022904462A4D02D003290DD01EE018
:1016200042F6C921FFF7E2FA02001CBFE869002870
:1016300018D04368B3B105210CE042F6A621FFF7AC
:10164000D5FA01001CBFE96900290BD04B684BB1EA
:1016500002460421204601B0BDE830401847BDE8ED
:10166000324000E031BD10B51E4A1468002101E08F
:10167000214624686CB123898342F9D1206800296E
:101680000CBF10600860606808B118F09DF8FFF7A3
:101690009BFF002010BD024604201249096819B1C1
:1016A0000B899342FAD1C87A70470E48006828B176
:1016B000006818B1C17A0029FAD17047002070473C
:1016C000741A0020680F0020EB4200207C420020AA
:1016D000EA4200206C4000209C4000203442002060
:1016E00074CE01008042002038B584B0044618F062
:1016F000A1FF0622417901F001018DF80E10811D34
:1017000002A817F085FE0020009000239DF80E101F
:1017100001AA02A80CF050FF9DF80400FFF7A8FCF6
:1017200005460521204618F05DFF284605B030BD6E
:101730002DE9FE4FDFF810687168019119B9BDE815
:10174000F74F18F04BBF0978DFF80098DFF8007802
:1017500046F2A81541F64C58012918BF02290DD0B0
:10176000042918BF082909D0102918BF202905D03D
:10177000402918BF802900F0E781DEE318F0E2F984
:101780000028FAD0012015F02FF920B1012015F022
:1017900063F915F0D5F8082015F026F920B10820D6
:1017A00015F05AF915F0CCF8102015F01DF920B1FC
:1017B000102015F051F915F0C3F80198007802F0E7
:1017C0009DF80090002460B1007801281CBF082813
:1017D000102802D10098446803E0009815F0B0F892
:1017E0000446DFF870174878002800F00B8118F0E5
:1017F00075FB17F0F9FD8246DFF85817DAF800009C
:101800000190D0F804B09AF80600C8700CB902250F
:1018100004E00199009818F05FFB054600992A46FC
:10182000504618F01DFBA84203D0032800F08A831D
:101830000546022D00F0B78000980178012908D0F4
:10184000022914D0042960D008290CD0102957D0BF
:1018500073E325B918F0BEFE8044C4F80880012067
:10186000B07011214FE00820B07012214BE005202C
:101870003870DDB918F0AEFE8044C4F808806169A4
:10188000A268DFF8D4060368DB69981DDFF8CC3660
:101890001D7805EB8505435B40F6C41000FB032271
:1018A0000A62A068DFF8B0160A6810615246DFF8D5
:1018B000A8060168CD69DFF8A4160B78A81D03EB14
:1018C0008303C15A00980EF0A3FC61696269D27F5C
:1018D00002F0EF02CA77002861696269D27F42F0A4
:1018E0008002CA770CBF0121022162696369DB7F34
:1018F00003F0F0031943D177616948620221C5E022
:101900001020B0701321397049E206203870DDB91B
:1019100018F060FE8044C4F808806169A268DFF8AE
:10192000400603685B6903F10C00DFF838361D7868
:101930002D01435B40F6C41000FB03220A62A0683D
:10194000DFF81C160A68D060DFF814562868007C9F
:101950000EF014FE29684D69DFF808160B7805F1C2
:101960000C001B015246C15A00980EF051FC6169EF
:101970006269D27F02F0EF02CA770028616962696A
:10198000D27F42F08002CA770CBF01210221626936
:101990006369DB7F03F0F0031943D1776169486223
:1019A0000420B070FBE10198017880290DD1082056
:1019B000DFF8B41538700A78DBF81400012A1ABF72
:1019C000D9F824100978012114E0072038709AF81A
:1019D000060017F0A9FE0446207BC10700F1DE8057
:1019E000DFF884050178DBF8140001291CBFD9F861
:1019F00024104978C1729AF80600DFF858158870EB
:101A0000019896E2009800282DD00146012200207E
:101A100018F026FA032815D000980199009A00784A
:101A2000DFF83CA5914212D1012809D002280DD03F
:101A3000042800F08380082802D0102806D002E095
:101A4000002C03D17EE2002015F0A6FFA7E10128BB
:101A500040F6C41908D002281FD004284AD008280C
:101A600016D0102840D068E2002CEBD018F0B2FD60
:101A70000146A068691816F09BFE20B918F0AAFD6F
:101A80008044C4F80880112038700121B17086E1CB
:101A9000002CD7D0B07012222AE005203870022125
:101AA000B17018F097FD0146A068691816F080FE25
:101AB00008B100F074B918F08DFD8044C4F80880B6
:101AC0006069A168DFF890241568ED69AB1DDFF847
:101AD0008C542E7806EB86069B5B09FB0311016292
:101AE000A068116808615AE1002CABD0B0701322D5
:101AF0003A7054E1062038700421B17018F06AFD84
:101B00000146A068691816F053FEB8B918F062FDD6
:101B10008044C4F808806069A168DAF800305E6922
:101B2000DFF840341D7806F10C022D01525B09FBF1
:101B300002110162A068DAF80010C860DAF800004B
:101B4000007C0EF01BFD2AE1DFF80814487800281D
:101B500000F04F8118F0C2F917F046FC8246DFF81A
:101B6000F413DAF8000002900222D0F804B09AF8D8
:101B70000600C8700021504618F072F9022801D002
:101B8000032816D001980178402913D19AF806004D
:101B900017F0CAFD0446207BC1070BD59AF8060052
:101BA00017F022FC052116F00BF9207B00F0FE0057
:101BB0002073C7E117F0C0FF10F01F0F3ED00120C7
:101BC00014F012FF20B1012014F046FF14F0B8FE0B
:101BD000082014F009FF20B1082014F03DFF14F094
:101BE000AFFE102014F000FF20B1102014F034FFDD
:101BF00014F0A6FEB07801F081FE00900078012874
:101C00001CBF0828102802D10098456803E00098FE
:101C100014F096FE05460DB9022404E002990098DE
:101C200018F05AF9044602220021504618F018F91B
:101C3000022802D00328BCD00446022C00F0B48055
:101C400000980178012908D0022917D004295FD013
:101C500008290ED0102956D0A3E024B918F0BAFCF8
:101C60008044C5F808801120387001210098B170B7
:101C70005FE10820B0701221397090E005203870C3
:101C8000B64FDFF8D492BCB918F0A4FC8044C5F874
:101C900008806969AA68D9F80030DC693B78A01D22
:101CA00003EB8303C45A40F6C41000FB04220A620B
:101CB000A868D9F8001008615246D9F80000C16937
:101CC00038788B1D00EB8000195A00980EF0A0FAAE
:101CD00069696A69D27F02F0EF02CA7700286969F0
:101CE0006A69D27F42F08002CA770CBF01210221CB
:101CF0006A696B69DB7F03F0F0031943D177696987
:101D0000486202204AE01020B0701321397046E08A
:101D100006203870934FBCB918F05CFC8044C5F8BD
:101D200008806969AA688E4803685C693B7804F199
:101D30000C001B01C45A40F6C41000FB04220A62C6
:101D4000A86887490A68D060854C2068007C0EF03E
:101D500015FC20684169387801F10C0300015246F6
:101D6000195A00980EF054FA69696A69D27F02F034
:101D7000EF02CA77002869696A69D27F42F080025F
:101D8000CA770CBF012102216A696B69DB7F03F00E
:101D9000F0031943D177696948620420B070009854
:101DA000C7E0002015F0F8FD02996F480A78802AF4
:101DB0000DD10821397000780128DBF8140008BF24
:101DC00001210FD0D9F824100A78C2720BE0072144
:101DD000397000780128DBF814000EBF0121D9F812
:101DE00024104978C1729AF806005A4988700298FE
:101DF0009FE017F0A1FE10F01F0F3AD0012014F061
:101E0000F3FD20B1012014F027FE14F099FD082005
:101E100014F0EAFD20B1082014F01EFE14F090FD2D
:101E2000102014F0E1FD20B1102014F015FE14F084
:101E300087FDB07801F062FD814699F80000012825
:101E40001CBF0828102802D1D9F8044003E04846F6
:101E500014F076FD044699F80000012840F6C41AF3
:101E600008D0022817D004283CD008280ED010280B
:101E700033D067E0002C65D018F0ACFB8044C4F888
:101E80000880112038700121B17051E0002C59D028
:101E9000B070122124E00520387018F09BFB014639
:101EA000A068691816F084FCA8B918F093FB804468
:101EB000C4F808806069A168274A1568ED69AB1D00
:101EC000264D2D7805EB85055B5B0AFB031101624E
:101ED000A06811680861022029E09CB3B07013214A
:101EE000397025E00620387018F074FB0146A068B0
:101EF0001B4F691816F05CFCA0B918F06BFB80440E
:101F0000C4F808806069A1683B685B6903F10C0252
:101F1000144B1D782D01525B0AFB02110162A0686F
:101F20003968C8603868007C0EF028FB0420B07067
:101F30004846BDE8FE4F17F00BBEBDE8FE4F00203F
:101F400015F02ABDBDE8F78F0442002038C2010019
:101F5000C80F0020780E0020500F0020D80F00205E
:101F6000540F0020D90F0020CC0F00202DE9F04F96
:101F7000054687B0A978DFF8E866002710294FF0FA
:101F8000060A3CD8DFE811F0110067036703670316
:101F900067033C00CB0067036703C6021101FC0026
:101FA000170367039802DD025F036878002826D1D3
:101FB00018F00CFB044618F005FB054615F0AAFCCA
:101FC0008DF8000022461021022015F049FF2A4614
:101FD0001021032015F044FF6A460121042015F06A
:101FE0003FFF9DF80000012818BF032807D10120FA
:101FF00011F0BCFC02460621062015F031FF2AE351
:1020000068780028FBD195F80CB06C89009000230B
:10201000E97801AA01F00101281D0CF0CDFA002891
:102020004FF0010871D19DF80400FEF785FF81464D
:10203000BBF1080F08BFB846307A800017F0BCFB30
:10204000050003D1042015F0A7FC04E370780228F2
:102050000CBF0120002000905B469DF804104A460A
:102060002046FFF7CEF91422002102A817F0C6F986
:102070009DF804001AFB00F002AA1021243015F08C
:10208000DBFEA8B91022FF2102A816F03BFC78B9AC
:102090009DF804001AFB00FA06AA04210AF12500A3
:1020A00015F0CAFE02AA09F00101204618F086FACE
:1020B000317A9DF804002A468900E03015F0BCFE14
:1020C00098B92846FEF79EFEBA4609E005EB800067
:1020D000018819B18278204616F0E7FB0AF1010A5F
:1020E000317A5FFA8AF08842F0D3B07A30B95FEA89
:1020F000897003D53178204615F03AFE9DF804002A
:10210000FEF752FF284617F05FFB7078022805D1D2
:10211000B8F1000F02D0204611F03CFB9BE2A888EA
:10212000FFF7A1FA18F046FA0028F7D1F07D012850
:1021300008D1FEF789FFF279706AF775002117F070
:102140005DF917E0307E012803D1FFF725F83776D7
:1021500010E000240AE0706AE5B2415D012904D173
:10216000E0B2FEF785FF716A4F55641CE0B2F17969
:102170008842F0D3502016F05BFBFEF7F1FE6AE2D6
:1021800018F034FA00280CD0F06900281CBF04684D
:10219000002C07D0286900906B7B2A7B6989E81C9A
:1021A000A04757E2688901214AE2687800240028A4
:1021B00040F0DA80A879C10740F1D68008220021DA
:1021C00005A817F01BF9A88818F034FA040000F0ED
:1021D0008E806F694FB30622002107F1110016F0BF
:1021E00091FB68B310220021384616F08BFBD0B962
:1021F000387C00F001084FF0000909F1010987F867
:1022000011900020009000230022414607F11100A8
:102210000CF0D2F900285FFA89F002D10028ECD145
:1022200001E000280CD1002068610622607900F0EE
:1022300001008DF81A00A11D05A817F0E9F81FE0AC
:102240006F69EFB1387C00F001008DF81A000622AA
:1022500007F1110105A817F0DBF86079012805D115
:102260000622A11D04F10C0017F0D2F8062207F196
:102270001101A01D17F0CCF8387C40F0020060710D
:10228000A879410720794CBF40F0020000F0FD0022
:102290002071A9790A0754BF00F0DF0040F0200048
:1022A0002071A8799DF81B10DFF8B883800800F032
:1022B000010008438DF81B004FF0FF09A979C908F8
:1022C00001F0010140EAC1008DF81B00FF2469699B
:1022D0001E2779B31022684617F09AF81021684635
:1022E00018F064F94FF0000BDFF87C930CE0FFF777
:1022F000DCF90028D5D0307804210BF089FCD0E738
:102300000BF101005FFA80FB99F80000834510DAB9
:10231000D8F8001017FB0BF00A5CFF2AF0D0084435
:1023200000F10D011022684616F0B0FC0128E7D13B
:102330005C46A1460020009000239DF81A1004AAD4
:1023400005A80CF039F9B9F1FF0F5DD034285BD145
:10235000707D30B3012857D1A888052118F042F9C3
:102360000124A888FFF77FF968780B2804BFA888A4
:10237000FFF7BAF9F06900281CBF4368002B0FD0A3
:102380006A78A888012198476878002808D1A87938
:10239000C10705D52246F469A888636803219847D8
:1023A00051E1D8F80000002117FB09F90091002342
:1023B00010F80910401C04AA48440CF0FDF818BBA2
:1023C0009DF81000FEF754FEF0B9FEF7C9FDFEF7C8
:1023D00019FE8DF81000E86800280CBF0021016983
:1023E000002201900392029105A9686900902B696F
:1023F000AA689DF81000FEF719FD0446A888FFF7AB
:1024000048F8200046D14BE00020009000239DF8C2
:102410001A1004AA05A80CF0CFF820B1FEF7F2FDBF
:102420008DF8100019E06869B8B19DF810001AFB2A
:1024300000FA6A4610210AF1230015F0FDFC60B98C
:102440001022FF21684616F05DFA30B99DF81A0097
:1024500005A900F0010018F0E5F89DF81000F179E9
:10246000884227D2E86800280CBF002101690022B9
:1024700001900392029105A9686900902B69AA68EE
:102480009DF81000FEF7D2FC0446A888FFF701F87B
:10249000200005D09DF81000FEF7EAFDFEF760FD74
:1024A000200008D1707A0028A8887FF45BAFFFF77E
:1024B0008EF859E7152454E7687806281FD1A888B4
:1024C00018F0B8F8D8B1317D491E032917D8DFE8D4
:1024D00001F0020E08134179A8880022FFF729F8BD
:1024E0000DE00022002140F2094002F0EBFDA88837
:1024F000052118F077F802E0A888FFF7F5F8F069F1
:1025000000281CBF4368002B03D06A78A8880221EA
:1025100098479FE000970023E97801AA01F00101A4
:10252000281D0CF049F80028F3D19DF804001AFB8F
:1025300000FA05F10C0204210AF1250015F090FCC7
:1025400088E0F06900281CBF4368002B03D0A888EE
:10255000002200219847707810B9A88805216FE003
:10256000A88818F067F8040075D0A87AC10712D5BA
:10257000009700236179002201F00101A01D0CF0F9
:102580001BF800281EBF60790028012803D0E868E6
:10259000C0F3402028B1707C022807D1A87A010737
:1025A00004D4A888032117F0FDFF54E06179A888BE
:1025B00005F108022CE02F7BAD88284618F03AF888
:1025C000040047D018F012F8002843D100900023EF
:1025D000617901AA01F00101A01D0BF0EDFF50BBD4
:1025E0009DF80400FEF7A8FCFF280ED0790700D460
:1025F000B8B107F00C07042F11D0082F0BD00C2F07
:102600000FD100F0090109290BD061790022284679
:10261000FEF78FFF1EE010F0090F02D1F5E7C107AA
:10262000F3D501220092A37C9DF8041002462846AF
:10263000FEF7E7FE0EE070780028E6D10521284677
:1026400017F0B0FF06E0FFF730F818B1307804213A
:102650000BF0DEFA0127384607B0BDE8F08F00BF67
:10266000741A0020680F0020E54200202DE9F04F89
:1026700085B00D460295044615F8011B8DF8011032
:102680000022DFF8E41488788DF8002004F1660B4E
:1026900017F04AF801902C219DF80100DFF8CC24B6
:1026A000032804F1F40604F5B07A04F59C7704F5E8
:1026B000C87804F2171900F0E180072800F01382AF
:1026C000082818BF092811D00C2800F0D7810F283E
:1026D00011D0112800F04481182800F092811A28A6
:1026E00000F057811B2800F07C811AE22946204621
:1026F00010F0B6FC15E2707ADFF8748481070AD412
:102700000F2089F80200204617F048FF002872D1F8
:1027100098F80000DCE12878697800EB01223A8221
:10272000A878E97800EB01227A822879697900EBB0
:102730000122BA82A879E97900EB0122FA82297A8A
:102740003976687AA97A00EB01227A83E87A297BC4
:1027500000EB0122BA83687BA97B00EB0122FA839C
:10276000E87B297C00EB01223A84687CA97C00EBA1
:1027700001227A84E87C297D00EB0122BA84687DFD
:10278000A97D00EB0122DFF8EC03FA8401788A06C8
:1027900058BF4FF01A0A13D504F5AA700490798B2C
:1027A0000391387E029021890191F88A0090BB8ABA
:1027B0007A8A398A204617F0EDFEE8B14FF01E0AFA
:1027C000707A41070AD40F2089F80200204617F0DA
:1027D000E5FE00280FD198F8000079E152460F215C
:1027E000204617F0D3FEF88A0090BB8A7A8AA17936
:1027F000504611F089FD72E104F18600798A8180EA
:102800000023BA8AC2800222F98A018102704380C1
:10281000A18EC91DABF81E10628E8188B1EB520FDC
:1028200002BFC188A28E914202BF0089E18EB0EB47
:10283000111F21D09BF81000012804BF9BF8110044
:102840000F280CD09BF8150000281CBF9BF8110026
:102850001A2804D00F218BF81A10FE217CE0FC21ED
:10286000204617F039F8F88A0090BB8A7A8A398AAC
:10287000A07917F087FE32E110216DE0707AC10770
:1028800009D431781A200129707002D1FF220D215C
:102890003DE00D2160E000208BF800008BF8060081
:1028A000012232712946082204F1B00017F066FEB9
:1028B0000146022204F1B80017F060FE04F1A807F7
:1028C00001460822384617F059FE054608213846C9
:1028D00017F06CFE04F19C0704222946384617F0D5
:1028E0004DFE0421384617F061FE04F1A00017F0F8
:1028F00041FE04F1980017F039FE9F48018841F02D
:10290000800101803078012805D1FF220421204672
:1029100017F028FEE3E09BF811600F2E18BF142E6D
:1029200007D00E2E18BF0C2E03D01A2E18BF162E4D
:1029300011D19BF81070FF220421204617F012FEDF
:10294000012F06D18BF81A601A2E14BFFD21FB212E
:1029500002E0314600E00421204616F0BDFFBEE053
:1029600028788AF800001A286B788AF8013040F03D
:10297000D8801668A379701C4B430026C654106893
:10298000A27911FB02F101440E71A1799AF80100BC
:10299000C0E0A77910682B784F43074403F01F0667
:1029A00017F8210F9B0938B17878D840C00703D5B4
:1029B00098F80600042805D120221A21204617F095
:1029C000E5FD8CE0FE701068A27911FB02F1014474
:1029D000204681F82330002117F04CFA0028F0D16E
:1029E00074E0A37910684B430344D88808B90026E3
:1029F0005E701068A27911FB02F101440020087199
:102A00006DE068782978814204BF014011F0070F1A
:102A10006DD19BF81100162806D198F80620A179EF
:102A2000134600200AF060FF022188F802100120FE
:102A300001994877012398F8060098F80A1088F859
:102A40000000BAF81C2017F089FD0146BAF81800FA
:102A5000884208D3BAF81C2098F80A1098F80000A9
:102A6000012317F07BFDAAF82E00012198F8080039
:102A700040F0400088F80800397030E0707E01288E
:102A800010D015F8011B31770222294604F5897010
:102A900017F074FD0146022204F58A7017F06EFDEE
:102AA000012070769BF8060030B93D21012289F89B
:102AB000011089F8002012E0F07E002804BFB07EEB
:102AC00000280CD1204617F045FD30B92848007881
:102AD0004FF480410BF09CF801E00120F0760121D9
:102AE0008DF8001021E02B780F2B16D01A2B18D15F
:102AF000A37910684B43034400205870A3791268EF
:102B000011FB03F1114408711A20F17A01F0FB0165
:102B1000F172A17909F097F8E1E7707A00F0FD0011
:102B200070722046029917F011FD9BF811001A28C7
:102B300015D19BF8120017281CBF1028FC280ED1B5
:102B40009BF81060204617F0FDFC012E03BF1A20F1
:102B50008BF81A00FB211A21204616F0BDFE9DF8C5
:102B6000000005B0BDE8F08F780E00205442002030
:102B7000C70F0020200E00209C0F00202DE9FE4FE3
:102B8000DFF844B4DFF8447405469BF800000028E1
:102B90004CD0052872D0062800F07F80072818BF87
:102BA000082800F0F5800A2800F0E281112802D000
:102BB00013286FD000E2DFF818241078002117F0F6
:102BC000BDFC04001EBF606D407810F00C0F2DD0CE
:102BD000216DC0064CBF886CC86E016801F1080504
:102BE0000622A91C684616F013FC287800F00F0195
:102BF00005291BD145096946C0F3801017F09AFCDE
:102C0000002813D03968684617F090FC06463968EA
:102C100004F1380017F08AFC86420DD0606D4178CF
:102C2000C80604D440F2014017F07CFCCAE1607B86
:102C300040F002006073C5E13B681E2046439819CE
:102C400006226946C01D16F0E3FB606D4178C80698
:102C5000F1D5A17B0129EED1DFF878038178480610
:102C600005D5E90703D4206D41F20A4102E0206D49
:102C700041F20441418041834186A3E117F0F4F819
:102C80000028FAD10FF026F9012802D0012017F010
:102C900045FC97E113F0B3FB94E1DFF83C5328685F
:102CA00017F038FC0400F7D020790328F4D1207AFB
:102CB00000F00F01072938D1DFF820231168486997
:102CC000407A421E10425CD0607A04F10A031A5C1A
:102CD00002F03F02252A54DBA07A8209012A50D152
:102CE00010F03F0F4DD0087C16F07EFBE17ACA074A
:102CF0004CBF04F1110204F10B028B0748BF921D77
:102D00000B0748BF921CC90648BFD21C1278520953
:102D100016214A43B2498B180A31EB608A5A42861F
:102D200099898186DA89C2862BE000F00F00082895
:102D300027D1A07A810924D118B3A8480168087C5A
:102D400016F052FBE17A064688071AD5062201F0F2
:102D500001015143601800F10C01684616F058FB60
:102D6000207AC009694617F0E5FB50B1386800F1D8
:102D70000D01684617F0CAFB18B90521304615F059
:102D80001FF82079032802D0002014F005FE0FE17F
:102D9000944FB8780024FF281BD016F025FB8046FE
:102DA00008F16C09D9F8040017F0B4FB2A46017940
:102DB000032901D011000CD08368197801F00300B9
:102DC0008D06009003D50124009818B9CDE01000BD
:102DD000FAD0F7E05D7803F1020A34B31AF8010B78
:102DE000814B01902C2098F806C01E6810FB0CFC4B
:102DF00066444FF0010E86F805E0002A1E6898F838
:102E000006E006F11A0C019E10FB0EFE06F01F06EE
:102E10000CF80E6098F806601B6810FB06F018446A
:102E2000019BC3F38113C3761AD10098032808F2DB
:102E300017161AD0ADB199F8000068B108F1F40086
:102E40000278012A0DD19BF80020072A04D0082A15
:102E500004BFC078012804D13D2171700123337073
:102E6000B0E062480278012AFAD098F8940000286D
:102E70003CD030782D1F0128EDB2F1D053462A46C0
:102E8000404613F095FD00281EBF594908780028D8
:102E900013D13D2171700120564A307011780129FB
:102EA0000AD1554C20784FF4805113F029FE207838
:102EB0004FF480510AF0ACFE84E050490868804726
:102EC00001904FF4D07098F8062079684243881832
:102ED000002180F8411108F59E7001688079490849
:102EE0000EF0FCFD464A01981168884700980328B7
:102EF0001DD044494869007882070DD598F89400A0
:102F0000002814BF281D28464A691178CA0748BFFF
:102F1000C01C1AF8000000E0812089F808002A4649
:102F20000098C3B2B878514605F044F81DE09AF80D
:102F300000001CB11B2804BF022D01251C2803D250
:102F400031490B5C9D4205D0B0700721404616F018
:102F5000C3FC0AE09BF8000008285146404602D115
:102F600016F03EFF01E0FFF781FBD9F8040020E0F6
:102F7000264C207830B3264D286817F0CBFA08B3DA
:102F8000017903291ED1017A8A0611D5807AE17868
:102F9000C0F38112914202BF217900F01F008142EB
:102FA00006D1A078002801BF607800280121A17017
:102FB000286817F0A7FA05E0002014F0EDFC862041
:102FC00017F09CFABDE8F78FC80F0020680F0020AB
:102FD000D50F0020C00C0020BC0A0020540F002098
:102FE000E0070020780E002054420020D20F00207D
:102FF000E6420020880E0020C70F00208422002017
:103000008822002038C2010010C80100EC410020D5
:10301000AC0C00202DE9F84305460C46480413D4B7
:10302000A00024D4A0075CD460057ED4200500F164
:103030000681200700F13B81600040F1F6800FF02F
:10304000E3FE24F08044F0E016F09EFCDFF81C1450
:103050000F6D3FB1D7E90A1202F0E04201F00A0118
:10306000891849D016F05AFE24F48044DDE0BB48AC
:10307000DFF8FC73016841F080010160B878012835
:1030800004D1042013F048FE0020B87016F07CFC38
:103090000646042016F0A2FCDFF8D8130A68904216
:1030A00019D12A7EBAB1FA68AAB1DFF8C003806CE0
:1030B000002800F09780C16840F603020988914219
:1030C00006D0C06840F604010088884240F08A803B
:1030D00005F1140088E040F6C4120860C5E9042236
:1030E00084E006F049FDDFF88403006C002840F01E
:1030F0009D8024F0020498E0D7E90A65D7E90A1216
:10310000AA43B143C7E90A1216F008FEB8680028BE
:10311000AAD056EA0500A7D0D7F808C03869B7F991
:10312000301032462B46E0479EE716F02DFC054650
:1031300015F018F8002800F0B780CC48876B002FF6
:1031400000F0B280DFF828830420CB49002288F801
:103150001800C64815F0FFFF16F0FBFDC74816F033
:10316000D1FDC7480068006B8047C8F810000125F2
:10317000042088F8025014F067F8386990F8281095
:10318000C8F80400490703D5436A04210022984780
:10319000012010F0AFFDD8F8040045760CF086F958
:1031A000D8F8040081680B461A465B684BB11E884C
:1031B000A6F60306072EF7D805FA06F616F0830FD3
:1031C000F2D0537B03F0F003013353730023FD6807
:1031D00053602D88A5F60305012D00F28A80C8F8FA
:1031E00010309FE005F1100012F070F9304616F033
:1031F00095FD14F041F878B12E6A28466FF480717D
:1032000000224FF00073B0479848806B10B10FF068
:10321000FBFD01E044F00204EE6928460021002293
:103220004FF08063B04724F0005434B197482146F2
:103230002830BDE8F84316F03BBEBDE8F8838C4E5D
:10324000B078012804D1042013F066FD0020B0708E
:1032500014F012F838B170686FF4807100224FF0EA
:103260000073056AA847306950B185480068006B53
:10327000804732697168801A000BC8600020306195
:103280007A4D81490022284615F065FF02203076EC
:10329000286C20B17D480221283016F009FE0FF07D
:1032A000B3FD24F40064C0E716F053FD41E016F0CE
:1032B0006BFB054614F056FFA0B1DFF8B48198F817
:1032C000000000070ED498F9000000280AD46846D0
:1032D0000CF0E2F908B1009820B1DFF8B49199F848
:1032E000610048B316F035FD0FF08EFD24F00804A0
:1032F0009BE7034633F8385FA5B190F8445090F847
:10330000456005F0F00580F8445006F0F005013501
:1033100080F8455000255360C5634587507B00F019
:10332000F000507357480022C2610160012015F07F
:103330005FF924F4806478E700260127602E0FD01F
:1033400009EB0600817A31B18772407A07FA00F002
:10335000C0B213F0FBFC2036F0E700BFCC210840E0
:10336000032088F81800454816F0CCFC16F0F1FC54
:10337000444F3E4D0022786900207861F968F8607A
:103380002846444915F0E7FE3D480068006B804739
:10339000D8F80C10D8F82020411A02EB1130B0EB0D
:1033A000113F38BF4FF0FF3098F82410C8F82000C4
:1033B00021B1D8F80810B0EBC12F20D915F028F9A9
:1033C000B8B140F60900414621F83C0F0020488082
:1033D0004A7B02F0F00201324A730A7B02F0F002EB
:1033E0000A734860F8613960B8F83E0010F4406F25
:1033F000FAD00020C8F82000012088F8240011F03D
:1034000059FD2548002101600220002115F0F0F847
:10341000022013F081FC10200BF0A2FC98F80100B0
:1034200020B9D8F80400503016F03EFD1B488078D3
:1034300010B90D200BF094FC98F8250028B100205D
:1034400088F82500052013F067FC002088F8180094
:103450001348C8F81C000220B5F85610B5F85420DF
:10346000914208BF07200EF07DFE3DE7741F00204B
:10347000701D0020F423002041810100303E002017
:103480008C0100100010044049BD0000101F0020F6
:10349000E03A00206D2E01000000046084CC0100A1
:1034A00031B800002DE9F04F0D46280589B018D538
:1034B000DFF8F4633088FF280ED0C0B215F094FF17
:1034C000040009D0A079162117F014F8204615F051
:1034D00081FF204609F076F9FF20308085F40060F6
:1034E000DFE1E80504D516F012FA85F48070D8E122
:1034F000A80604D516F088FC85F02000D1E1E80785
:103500000CD516F039F930B100218160DFF89C0349
:10351000006800B1804785F00100C2E1280704D5AA
:1035200016F074FC85F00800BBE1E8060FD5002119
:1035300000220023069105920491039302910192C7
:103540000091022016F0D2FF85F01000A9E1A80733
:103550000FD5002100230691059104910393029158
:103560000191009101223C2016F0C0FF85F002007D
:1035700097E168074FF01E09CD4FDFF8388340F11F
:10358000D580CD4B187800210891079116F0D6FF11
:103590000446CA488178FF2904BF002014F0FCF9D2
:1035A000A07A15F021FF064698F8000096F82EA1A3
:1035B000002806F5947B72D0606D807A022818BFCF
:1035C000032807D138680D3016F08CFF10B9396820
:1035D000C81D07905946504616F0ACFF00283CD055
:1035E000606D807C3B68002818BF012804D1194613
:1035F000584616F09BFF04E05A465146184617F00D
:103600001DF8FF284BD019FB00F938684844062202
:103610005946C01D15F0FCFE386810F809104844E2
:1036200000F1010B41F0020AC01D08900AF00101EF
:1036300086F82E110622594606F5947015F0E8FE1C
:10364000B07916F071F8070004BF002014F0A4F957
:1036500094F8B90087F83A0021E05946504616F030
:103660003DFFE0B138685A46514616F0E7FFFF28A3
:1036700015D019FB00F9386848440D3016F032FFB8
:1036800058B9386848440D3016F02CFF002801BFA7
:1036900038684844417F012901D14AF0020A06F105
:1036A0002C005346017806914289120905920122A5
:1036B000718C0491C0880899029140080390CDF85C
:1036C00000B0079801900020B17916F00FFFD6F8EE
:1036D0009C017B4988420CBF00210121B07916F082
:1036E000F9FE7848B37902682C214B431344012238
:1036F0001A73B37904684B4323445A73B37904684B
:103700004B4323449A73B37904684B432344DA73DD
:10371000B379006811FB03F101440020087407200D
:10372000B17910F0ECFE85F00400BAE028060FD560
:1037300000210023069105910491039302910191C8
:10374000009101223B2016F0D1FE85F08000A8E018
:10375000E8045DD55C4938680C680D3016F0C2FE8F
:10376000002844D13868C11D0D3016F0AFFE3EE090
:10377000606D4178480704F13E0626D5307802286E
:103780001EBF03287078012830D17178386804F1A1
:10379000380216F053FF8246BAF1FF0F15D0386891
:1037A00019FB0AFA50440D3016F09CFE68B93868CF
:1037B0005044C11D0D3016F089FE38685044C11DBB
:1037C000062204F1380015F023FE3078022818BFD5
:1037D00003280BD138680D3016F084FE30B93868F4
:1037E000C11D062204F1300015F012FE2468002CE1
:1037F000BED13648D8F8042000784FF4805111F03B
:10380000DBFF10B18E2016F05DFE85F4805048E09D
:10381000A80505D516F030FA2D4901200860FEE70D
:10382000680504D516F08DFB85F4806039E06804E6
:1038300005D5812016F046FE85F4804031E0A904CC
:103840002ED5244C206810B1002014F0A5F84FF0BC
:10385000FF3020600020204C0DF048FE226852F816
:10386000201F684688471D491D4B086B4A6B009016
:10387000019202936B46C86A1A491B4A0791039248
:10388000ADF810002668194934680968184A1948C3
:10389000A0471949086003F07FFA85F4005000E062
:1038A000002009B0BDE8F08F1C240020480F002044
:1038B000680F0020880E0020D70F0020780E00200F
:1038C0004DE50110544200204C0F0020C70F00208E
:1038D0007C052043380F0020200F0020041D00200D
:1038E000599701001EFB008069970100604200208B
:1038F000EC0A0020503500201C0F00202DE9F0417B
:103900000446FF2818BF20282AD116F015F910F018
:103910001F0F22D0042013F067F808B1042016E02E
:10392000012013F061F808B1012010E0022013F02B
:103930005BF808B102200AE0102013F055F808B136
:10394000102004E0082013F04FF820B10820BDE853
:10395000F04113F081B814F01FF80020BDE8F081A9
:1039600013F07AF85FEA000814BFD8F80450002575
:10397000012C46F2A81740F6C4160BD0022C69D0D1
:10398000042C00F0B880082C00F01281102C00F0FC
:103990005981E2E7012013F027F800281EBFDFF865
:1039A0006C03006800281CBF8788BF00102013F03C
:1039B0001BF818B3102013F04FF8040002D066680B
:1039C0005EB900E00026022013F00EF828B10220B4
:1039D00013F042F8040018BF66686DB1012013F0BF
:1039E00003F8002818BF002E06D0B068C11BA868D5
:1039F00014F0DEFE00282BD02046AFE7022012F0A4
:103A0000F3FF38B1022013F027F8040014BF6668F2
:103A100000260AE0042012F0E7FF50B1042013F062
:103A20001BF8040014BF66680026002DE4D00120B6
:103A300040E1082012F0D8FF28B1082013F00CF85C
:103A4000040005D053E0012012F0CEFF002885D0FD
:103A5000404683E7022012F0C7FF60B1AC490A6814
:103A6000AC49D0690A7802EB82028318D88806FB39
:103A700000F707F51667042012F0B6FF38B10420EE
:103A800012F0EAFF040014BF6668002622E0082056
:103A900012F0AAFF98B1082012F0DEFF040002D055
:103AA0006668BEB900E00026012012F09DFF88B1D3
:103AB000012012F0D1FF040018BF66680AE001205F
:103AC00012F092FF50B1012012F0C6FF040014BFA3
:103AD00066680026002D8FD00220EBE0102012F047
:103AE00083FF30B1102012F0B7FF0400B0D060683F
:103AF000EBE00220A8E7042012F076FF58B18649D7
:103B00000A68864950690A7800EB0213988906FB17
:103B100000F707F51667082012F066FF98B1082035
:103B200012F09AFF040002D06668DEBB00E00026B7
:103B3000012012F059FFA8B3012012F08DFF0400FC
:103B400018BF66682EE0012012F04EFF38B1012048
:103B500012F082FF040014BF6668002622E01020E5
:103B600012F042FF98B1102012F076FF040002D04C
:103B70006668BEB900E00026022012F035FF88B169
:103B8000022012F069FF040018BF66680AE00220F4
:103B900012F02AFF50B1022012F05EFF040014BFA1
:103BA00066680026002D23D0042083E004204BE724
:103BB00016F050F908B1D0F89070042012F014FFFC
:103BC00038B1042012F048FF040014BF66680026D4
:103BD00032E0012012F008FF58B1012012F03CFF42
:103BE000002D044604D0082012F0FEFE00286ED1FD
:103BF00002E7102012F0F8FE98B1102012F02CFF0E
:103C0000040002D06668BEB900E00026022012F06F
:103C1000EBFE88B1022012F01FFF040018BF666897
:103C20000AE0022012F0E0FE50B1022012F014FF70
:103C3000040014BF66680026002DD9D0082039E0A2
:103C4000082001E7032016F007F908B1D0F89870B2
:103C5000022012F0C9FE38B1022012F0FDFE002D44
:103C60000446C5D01020BFE7042012F0BDFE38B1D5
:103C7000042012F0F1FE04000CBF0026666816E076
:103C8000082012F0B1FE18B3082012F0E5FE04007F
:103C900002D066685EB900E00026012012F0A4FEA2
:103CA00028B1012012F0D8FE040018BF6668002D6C
:103CB0009ED0102012F098FE002818BF002E97D03A
:103CC000B068C11BA86814F073FD002890D1BFE64E
:103CD000012012F089FEB0B1012012F0BDFE0400F7
:103CE00014BF66680026002D05D0102012F07CFE5F
:103CF000002818BF002E3FF47FAEB068C11BA86833
:103D000014F056FDE1E710209EE600BF6842002057
:103D1000500F0020D80F0020540F0020D90F002092
:103D20002DE9F84F0446DFF87803006808B907204A
:103D3000B4E1C07A012804D0042012F071FE0128F9
:103D400001D10C20AAE1DFF85C030078092818BF34
:103D50000A2804D00B281CBF0C280D2801D12120D3
:103D60009CE1002C00F0B9802078002818BF0128C1
:103D700007D1A078002818BF012804D0022818BF56
:103D8000032840F0AA806078002818BF012803D0DB
:103D9000022818BF03286ED1607A10F0050F6AD090
:103DA0000021002240F67B4343F6FD75677A012629
:103DB0008E4037422ED004EB02177889061FAE42A0
:103DC0003EBFBE89A6F1040CAC450DD2B04222BF65
:103DD000388BFE8AB04209D3F889861F9E423EBFC7
:103DE0003E8AA6F1060C9C4577D2864275D37E8A20
:103DF000B6F5FA7F71DABF8AA7F10A0C40F6774E62
:103E0000F4453FBF761C40007043B0EBC70F64D24F
:103E1000521CD2B2491CC8B20228C7DDA04F386874
:103E200026464661717A06290CBF012000209E4972
:103E3000087002F07BFC040008BF09200CD0396830
:103E4000A0790874F11CB278402009F009FA20B179
:103E500020460BF085FA0B2020E104F16101204699
:103E600016F02CFB04F12C0898F80E00012803DC56
:103E700020460BF075FA30E039687078DFF82CA234
:103E8000DFF82CB2DFF82C928B4D88727078002806
:103E900018BF012807D1C00754BF594651463B6897
:103EA0000622181D3BE028680D3016F01BFB30B9C8
:103EB00099F80000002804BF3178002913D17078E8
:103EC000C10754BF5946514616F008FB28B1707817
:103ED000C10754BF5946514601E01220DEE0386860
:103EE0000622001D0CE0296838680622C91D001D45
:103EF00015F08EFA71480268106829680622C91DFB
:103F000015F086FA7078296800F001000870707862
:103F1000C10754BF5946514628680622401C15F077
:103F200077FA307888BBB07884F82E0104F5947A5B
:103F30000622F11C504615F06BFAB1782868F21C85
:103F400001F0010116F07AFB8346BBF1FF0F1CBFA5
:103F500099F80000002818D0B07840F0020084F8EA
:103F60002E011E212A6811FB0BFB02EB0B01487F7F
:103F700058B901F10D0016F0B5FA30B92868584467
:103F8000C11D0622504615F043FA16F093FAA062BE
:103F900015F060F8606206F11001DFF80CA19AF8E4
:103FA0000000000106F114030A5AA8F80620195A65
:103FB000A8F80A103044428AA8F80820022238687B
:103FC000417C88F80010002088F80220A8F804003E
:103FD00015F048FE0C2290FBF2F20C2101FB1200BE
:103FE000401D88F80F0004200AF0B8F83968344AF8
:103FF000086082613349416033494161062011F014
:1040000098F939680120C872A07912F0B3F899F8CC
:104010000000002801BF386841690A78012A0DD1E3
:10402000807A02280AD1296801F10D0016F05AFAA7
:1040300020B92648417941F004014171194C20789A
:10404000C8B999F8001049B12148006816F02EFA55
:1040500038680068816941F4802181613868007C9A
:104060000CF08CFA062020700122002110F047FA93
:1040700015F036FF11E03A68117ED06852699AF85F
:10408000004002F10C03240140F6C4121B5B02FB4A
:10409000030000F5166009F01FFE0020BDE8F28F56
:1040A000540F0020C80F0020D90F0020480E002018
:1040B000400E0020880E0020680F0020744200206F
:1040C00002008080040C0020C5240100BC0A0020EE
:1040D0006C0F00202DE9F84785B004468A4611F898
:1040E000010B00272C22072804F5A47504F16608AB
:1040F00004F1FD06DFF86C93DFF86C3300F070819B
:10410000092810D00C2800F033810E280BD00F287E
:104110000DD0112800F0DE801A2800F0F0801B2856
:1041200000F0188179E120460EF09AFF75E13378AE
:10413000980705D40F213177204616F02FFA06E1B3
:1041400098F81000012804BF98F811000F2811D02A
:1041500098F8150010B198F811201AB198F81C20A1
:10416000012A09D1580705D40F213177204616F0CE
:1041700015FAECE0232268E018B198F81100012844
:1041800004D004F18607B87A012809D1580705D46C
:104190000F213177204616F001FAD8E02A2254E0A8
:1041A00008784A7800EB02232B808878CA7800EBE5
:1041B00002236B8008794A7900EB0223AB8088796F
:1041C000CA7900EB0223EB800A7A2A72487A8A7A4B
:1041D00000EB02236B81C87A0A7B00EB0223AB81E0
:1041E000487B8A7B00EB0223EB81C87B0A7C00EBD7
:1041F00002232B82487C8A7C00EB02236B82C87CE2
:104200000A7D00EB0223AB82487D897D00EB012211
:10421000EA8204F5AA70049069890391287A0290D1
:1042200021890191E8880090AB886A882988204616
:1042300016F0B0F9B0B13078410705D40F203077CF
:10424000204616F0ABF982E01E220F21204616F020
:104250009DF9E8880090AB886A88A179002010F069
:1042600053F8BBE06888B8800022A988F980022151
:10427000E888388139707A80A08EC01DA8F81E00A9
:10428000618EB888B0EB510F02BFF888A18E8842CA
:1042900002BF3889E18EB0EB111F19D098F81500D4
:1042A00000281CBF98F811001A2804D00F2188F8A4
:1042B0001A10FE2181E0FC21204615F00DFBE88854
:1042C0000090AB886A882988A07916F05BF985E0B0
:1042D000002172E0087828761A284978697640F03B
:1042E0009C801E68A179701C51434754A1791868BD
:1042F00012FB01F281180F71A179687E86E094F8B3
:1043000006C01868097812FB0CFC604400F1210516
:1043100001F01F062878890938B16878C840C007BD
:1043200003D594F89601042805D120221A212046AD
:1043300016F02CF952E0EE701868A37912FB03F224
:104340000244204682F82310002115F093FD002836
:1043500044D13AE0A179186851430144C88800B9B2
:104360004F70A179186812FB01F281180F7135E0C6
:10437000307C01280FD011F8012BF27404F58970FC
:10438000022216F0FBF80146022204F58A7016F0AC
:10439000F5F80120307498F8060020B93D2101207D
:1043A000F176B0761AE0B07C002804BF707C00285B
:1043B00014D198F8001021B90C21204615F08CFA80
:1043C0000CE0204616F0C6F830B999F800004FF41A
:1043D000804109F01DFC01E00120B074012720E0BC
:1043E00008780F2815D01A2817D1A07919685043DA
:1043F00008444770A0791B6812FB00F298180771F7
:10440000B07800F0FB00B0701A20A17907F01BFC17
:10441000E4E7307800F0FD0030705146204616F099
:1044200041F898F811001A2818D198F812001828A5
:1044300018BF002803D0152818BFFC280ED198F803
:104440001060204616F07EF8012E03BF1A2088F86F
:104450001A00FD211A21204615F03EFA384606B012
:10446000BDE8F087C70F0020544200202DE9F04F2F
:104470008FB00746189800250193002A8DF8200078
:1044800000F09C810AA80E464FF0FF3E4FF0200B33
:10449000002400F1100CCDF800C0114611F8010BFA
:1044A00025280E910CD0002800F08481022EC0F047
:1044B0001981013E002F00F0148107F8010B11E172
:1044C0005378901C0E902D2B07D14FF0010AD01C71
:1044D00093788DF80DA00E9003E04FF0000A8DF850
:1044E0000DA0302B05D10121069110F8011B0E9073
:1044F00001E0194606952A29CDF810E0029517D15A
:10450000019D29680A1D2A60D1F80080CDF8088035
:10451000B8F1FF3F10F8011B0E9007DC4FF0010AC5
:10452000C8F100088DF80DA0CDF80880002511E035
:104530004FF00008A1F13002092A08D808EB8802E0
:1045400001EB4201A1F1300810F8011BF2E70E90D7
:10455000CDF808802E2914D10495024612F8011BCB
:104560002A290E9210D1019D29680A1D2A60002572
:10457000096821EAE179CDF81090417802300E9077
:1045800015E04FF0FF3912E04FF00009A1F13000C3
:10459000092808D809EB890001EB400012F8011B3B
:1045A000A0F13009F2E710460E92CDF81090302BB2
:1045B00041F0200306BFCDF81880424600226C2B44
:1045C00006D101218DF80C1010F8011B0E9001E0AE
:1045D0008DF80C50CDF81CC00AAB692905950993DC
:1045E00001D0642916D1019B1868011D19609145FD
:1045F0006FF00903C8BF4A460168604606920DF095
:1046000031FCDDF800C04FF0FF3E0990ACEB00013B
:10461000059129E075290AD0A1F16F03092B64D80F
:10462000DFE803F0058C6F6FA96F6F6F6F05019D59
:104630002868031D2B6078294FF0080308BF10235A
:10464000752908BF0A239145C8BF4A4601686046DC
:1046500006920DF007FCDDF800C04FF0FF3E099018
:10466000ACEB000105910025A8EB0100BAF1000FA9
:1046700002900FD109E0022E05D3013E17B107F8D1
:1046800001BB00E00027013801340128F3DA059965
:104690000138029009980A465AB1022E06D3013E0B
:1046A0001FB1037807F8013B00E00027013A013011
:1046B000F2E70C44BAF1000F0990CDF814E012D0E3
:1046C000029801280ADB022E05D3013E17B107F834
:1046D00001BB00E0002701380134F2E70138029005
:1046E00001E0002701340E9AD7E6632909D1019A27
:1046F0001068011D11600121006805918DF82800E6
:10470000B1E70138022E0E9052D36FF0004086427E
:1047100038BF3046B14538BF09F1010004900EA9F9
:10472000019A02AB05F0B4FCDDF800C09DF80DA0C5
:10473000DDF8088005994FF0FF3E94E7019A1023B9
:104740001068011D11600821082206919DF82010B3
:104750000029016860460DF085FB4FF04001DDF84F
:1047600000C04FF000054FF0FF3E00F8011DACEB1C
:10477000000109904CE7019A1068011D11609DF835
:104780002010006800290F49002808BF084609903A
:1047900015F08DF8814501464FF0FF3E38BF494680
:1047A00019F1010208BF0146DDF800C000252FE71E
:1047B000002158E70FB100203870254628460FB079
:1047C000BDE8F08FE4CD01002DE9F84F054605F175
:1047D0004C0AE87D9AF80010DAF8047081424FF034
:1047E0000008C0F08E8105F1280407F1900907F157
:1047F0007306C34640F08C80A87F7075E97FB17561
:10480000DAF808205278930710D5EA7FD30604D54A
:10481000C01E707501F0EF01B175C7F874B086F86D
:1048200000800022B17D01F0FE0165E1910608D40F
:10483000E08B00B1E07E3076E08B00B1206AC9F8F1
:104840000000DAF808004178CA070DD5E08B00288F
:104850001CBF206A002807D0C9F80000A17EE08BA9
:10486000814238BF08463076E87FC1060CD5B86B68
:10487000217800EB8100B863B86BA98CA63100EBFE
:1048800081007867022002E0C7F874B00020307021
:10489000DAF80800417811F0030F22D1007815F002
:1048A000DDFA5FEA00081CD098F8B000032809D1AF
:1048B000E87F810615D440F02000E877B07D40F015
:1048C00020000DE068B9E87F81060AD500F0DF001E
:1048D000E877707DA0F112017175B07D00F0DF0006
:1048E000B075E97F002201F0FC01284608F0DEFBEC
:1048F000B8F1000F36D0E87F810633D598F8B000C4
:1049000002282FD141462846BDE8F44F15F0B4BA2D
:10491000E87F81060AD500F0DF00E877707DA0F11E
:1049200012017175B07D00F0DF00B075DAF8080093
:104930004178C80717D5B07D717D00F0F700891E5A
:1049400001F03F0182075CBF891D40F00200420672
:1049500044BF491E00F0BF00B0757175C9F800B0C2
:1049600086F81880CDE09AF80020E87D101A8907B3
:104970005FFA80F840F18180B8F1010F3ED1B86B49
:10498000A98C00EB8100B863A87F00F03F00A877F6
:104990007075E97FB175DAF8082053785A0703D5A6
:1049A000801F707501F0FD01B1750023717D97F8CE
:1049B0004000E27E01F03F018A18C0F38001521CE2
:1049C00000F0030015F06AFD00F59B70A8841E211D
:1049D00080B290FBF1F0B17D82B201F0FE01284679
:1049E00008F064FB86F800B0E08B00B1E07E307622
:1049F000E08B00B1206AC9F8000082E0B86BA98C96
:104A0000B8F1020F00EB8100B86326D1E87FC1073F
:104A100006D5707D811F7175B07D00F0FE00B07508
:104A20000023717D97F84000E27E01F03F018A1873
:104A3000C0F38001521C00F0030015F02FFD00F5BB
:104A40009B70A8840022B17D01F0FE01284608F089
:104A50002DFB607F07F140014883607F401CA0EB85
:104A60000801C8B201281CDDB96BAA8CA63201EB83
:104A7000820179670221317014E0B86BA98C00EBD8
:104A80008100B863607FA0EB0801C8B2E97FCA0665
:104A900007D5B96BAA8CA63201EB82017967022196
:104AA000317070B395F81F80A97FD9F80020E37E9C
:104AB0001A44C9F8002028F00108DAF808205378D1
:104AC0005A0748BF28F00208012807D1207F307616
:104AD000C7F874B028F0100886F800B001F0C004E0
:104AE000404615F0D7FC00F03F002043707586F873
:104AF0001680002208F0FC012846BDE8F84F08F0B7
:104B0000D5BABDE8F18F70472DE9FE4F0422FF2191
:104B100001A814F073FCB84EB078FF284FF00008DD
:104B200000F0678114F060FC0546B07814F0FCFDDD
:104B3000064605F217100178012908BF417800F0F8
:104B4000128105F5927BBBF80E1019B19BF80C0091
:104B500009F05EF8082010F0ECFB6889288105F167
:104B6000740A9AF80E00022813D1307FC0F3C000F7
:104B700068B1E88E0009009000206A8EAB8EA9799A
:104B8000520815F083FC307F00F0E70030778AF898
:104B90000E8095F89201022808BF85F892819AF854
:104BA0001C0002280DD18AF81C8015F035F9012867
:104BB00007D1924BA87919680A5C05F161010BF0E5
:104BC000B1F9B6F81EE08E4CA17AE779237BE27A40
:104BD000607B01EB07097744F7839944378C94F89D
:104BE00008E0774437849144778C94F809E077445F
:104BF00077848144B6F824C08C44A6F824C0F78C8E
:104C00003A44F28405F58D77328D1344728D3385E5
:104C100012187285B08D22788218B285F08D627874
:104C20008218F285308EA27882183286708EE278F1
:104C300082187286B08E22798218B286F08E6279DE
:104C40008218F286308FA27982183287B888401C89
:104C5000B8803A884A443A80788808187880DBF827
:104C60000000E0B1674B95F806E01B681C2203F1D9
:104C70000E0C12FB0EFE0E331CF80EC030F81CB0EA
:104C8000CB4420F81CB095F806C012FB0CF29A5CDD
:104C900000EB4200B0F84A30C918A0F84A1012F0F0
:104CA000DBFBE079002804BFE07A002805D1207BF7
:104CB000002804BF607B002825D0F07E0021C009B9
:104CC000C346F1810BD0307F10F0070F04D1411C97
:104CD00061F30200307702E0A87915F0C9F829895C
:104CE000E88985F810804118A9810122A979082056
:104CF0000FF005FC444948690078810737D5A07B4F
:104D0000802834D034E0A979002208200FF0F7FB86
:104D1000307F10F0070F02D1F07EC00903D0A879D0
:104D2000002115F0A5F8A07A40B1287C4FF0010BC6
:104D300008B1E889A88185F8108004E0F888401C53
:104D40004FF0020BF880A8892989814206D0884259
:104D5000D0D2081A41F2AB018842CBDA3888002859
:104D60000CBF3E210821284613F02AF841E081209B
:104D70008AF80000254991F8200018B12946012041
:104D800015F066F8284607F02FFC02281DD19AF886
:104D90000700022805DB01AA1D4928460EF09AFCEF
:104DA0008046284615F06EFB012822D05FEA0800F5
:104DB0000DD0424601A928460FF0A4F838B928467C
:104DC00007F012FC012802D113E0012811D00121C3
:104DD000284615F053FB2A464946584607F068FD19
:104DE00003F09CFD012804D0284615F099F815F031
:104DF00077F8BDE8F78F00BF780E00206C420020E6
:104E0000980C0020980E002038C20100E83F0020D6
:104E1000D42300202DE9F04F89B0A24E0546A24FC1
:104E200030780328387040F0AD8000203070387042
:104E300002AC204614F0A8FF2046002113F09EFF8C
:104E40009A4CB8602E21204614F03EFF4FF0FF3000
:104E5000A0822061E06012F055FC0020294610F08D
:104E60004DF807F11001F86014F06AFFD7E9051258
:104E70008F4DB1FBF2F0C0B2022828BF0220B2F57C
:104E8000005F207028707BD1B1EB403F78D3F96888
:104E9000002975D04FF6FF7100274FF088586FF04A
:104EA000030B618083496160C0B287426DD2FEB25C
:104EB000002108AA0423304614F086FB07EB4700C4
:104EC00004EB800A0898D14600F47C0129F8160FFB
:104ED000B1F5402F04D000F07F41B1F1164F3ED123
:104EE000C0F301418AF819106FF0FD0151FA80F208
:104EF0001021022A31D3C2B27E2A2ED003A811F08B
:104F00007BFB304600214FF088524FF400534FF4A2
:104F1000005514F059FB1BFA85F5A8B250F808109B
:104F20004A1C01D10328F6D801220126D3B2042B52
:104F300006D8CBB2FF2B18BF16460132090AF5E797
:104F400040F808105D480399006842685C48904743
:104F500055FA86F199F80000554DAAF81C10C0B218
:104F6000702809D0782803D0FE2803D07C2804D1EB
:104F7000E77002E0A77000E027712878013793E717
:104F80000120307009B0BDE8F08FE278FF2A03D02D
:104F9000DFF81481012528E02279DFF80C81FF2A4F
:104FA00002D0E270022520E0A1784A1CD1B29142E1
:104FB0000CD1B1FBF0F202FB101202EB420004EB49
:104FC0008000808B0028ECD1FF20A07000250020FD
:104FD000E5700AF02BFE98F8001008437E2188F84F
:104FE0000000002011F064FEE278A078FF2815D1BF
:104FF0002F49012050FA82F00978B0FBF1F202FB50
:105000001100A0700AF012FE98F800100843FE216B
:1050100088F80000A07811F04BFEE2782648627014
:105020000570D0B2400050FA82F0022D04EB8000EF
:10503000818BE18028D0012D2BD103AD002788B2D0
:10504000182826D30739D0B22A4689B20BF07AFE47
:105050009DF81700400717D5E088BDF81A10E678CC
:105060002A4603230097401A073881B2304605F0DC
:10507000D3FCE27820B9BDF8181009B196420BD0E4
:10508000964206D0E188DAE701206071002000F046
:105090006BFD98F8000075E79DF81C000FF020FDEF
:1050A000F7E700BF0723002010220020903F0020D8
:1050B000EF420020FF000020F0420020D801001045
:1050C00000400340F8B5144600254FF48067DFF830
:1050D0009862C21B84B006F1880337D0921E3CD080
:1050E000521E44D0521E4AD0521E50D0521E54D08E
:1050F000521E00F07A80921E00F07C80D21E00F0DA
:10510000AC80521E00F0B780921E00F0C080521E8C
:1051100000F07B80521E00F0C180521E00F0CF8054
:10512000521E00F0D280521E3ED0521E56D0521E49
:105130004BD0921E00F0DE80921E00F0E280521EE4
:1051400000F0ED80521E00F0F98000E101290FD13E
:105150002078022817DC707003E1012908D120783B
:10516000022810DA0028B070F6D1B074E3E001290B
:1051700040F0EB802078052805DAF070F1E0012995
:105180006CD12078022880F2E0807073E9E0102969
:1051900064D110222146754814E001295ED120789F
:1051A000022863DA3071DCE0012957D12078022827
:1051B0005CDA00287071F6D00120F074602206F1EC
:1051C0002801184614F024F9CBE00129FCD12078FD
:1051D000022802DAB07114F0D7FAC2E001293DD1F9
:1051E0002078022842DAF072BBE0012936D120781B
:1051F000F073B6E0002931D115F0DCF910B9FBF7F6
:1052000023FF1DE00120F075ABE0072926D106221F
:10521000611C02A813F04EFF00950023217801AA1B
:1052200002A809F0C9F9B0B9F07A10B915F0C2F9BD
:1052300010B1F07A012808D19DF80400FBF718FF9F
:105240000546502013F0F4FA1EE0716A9DF8042020
:105250000120885485E0342583E0012975D1717CD3
:105260002078022903D0C11F0A2902D36DE010283B
:105270006BD1307475E0012967D1B07D2178B175AB
:10528000002808BF01296CD1FBF76AFE69E00129FB
:105290005BD12078052858DA307562E0012954D1B5
:1052A0002078022851DC00284FD07074022803BFF8
:1052B000102030740120002015F0DCF851E00129A5
:1052C00043D1207813F0C6FC4BE0707900283CD124
:1052D000602908D1002C38D060222146184614F0ED
:1052E00097F8012004E001292FD1002C2DD020783F
:1052F000F07436E0012928D13CB320781C490870AD
:105300002FE011BB15F056F930B9FBF745FF054604
:10531000502013F08DFA24E00120307621E001299D
:1053200013D12178022910DA012904BFB0780028AE
:1053300016D0B174084614F02FFA12E0012904D1F6
:1053400020780228B8BF70750BDB182509E00F28FC
:1053500006DA022904D1218810F0B2FB054600E0EC
:105360000225284605B0F0BD741A00207C400020BC
:10537000EA42002086492DE9F043864C864E207093
:105380000B22002008600D23844840F22B2102707C
:105390004380818085B082480660B77E814807706F
:1053A000FF2FF17E4170327F8270737FC370B57FB3
:1053B0000571F67F467108BFFF2914D1FF2A08BF87
:1053C000FF2B10D1FF2D08BFFF2E0CD176490A7894
:1053D00002704B7843708A788270CB78C3700A79F8
:1053E00002714979417171490278714D714E724F64
:1053F0000A7043784B7082788A70C378CB700279D8
:105400006E4B0A7140794871FF2028706870A8704F
:10541000E87028716871002069490880F06B69495B
:10542000407808706849F06B007808701A886748FF
:1054300067490280F06BC06C08606649F06B90F8B9
:105440003C0008706449F06B90F83D0008706349B7
:10545000F06B90F864000870F06B41690A7960495C
:10546000501E08705F49F06BC0783870F06B80692F
:10547000086008B912F090FAF06B5B49C0690860E7
:1054800008B912F089FA59485949006D086008B9FD
:1054900012F082FAF06B816D56480C2213F0B8FFBF
:1054A00014F0E4FFF06B5449006A086008B912F088
:1054B00073FAF06BDFF84481406AC8F8000008B95D
:1054C00012F06AFAF06B4E49806A086008B912F06F
:1054D00063FAF06B006E00B101200DF036FB00F0B6
:1054E000B3FD07280AD105F027FB20784FF480414F
:1054F00008F08EFB002012F04FFA46E007F087FF1D
:1055000040490868804781460CF062FED8F80010D8
:1055100008688047684614F0AFF8D8F800300420D7
:105520008DF80000694653F8042F00209047364953
:1055300008600FF04DF9F068344A01883878344B30
:10554000014311804846196888470C21314814F0FE
:10555000DBFC284614F086FF14F080FF2E48002163
:105560004FF6FF72016082808171F06B90F85C10E1
:105570002A48006814F0D0F80121FF2014F060FCE4
:1055800020784FF4005108F043FB05B0BDE8F083EC
:10559000380F0020C70F0020B64F0050700E0020BB
:1055A0003C0F0020400E0020E8120050500E00205A
:1055B000480E002038C20100C40F00201E24002025
:1055C0009E0F0020C60F0020D40F0020D0420020E4
:1055D00058420020E4420020E5420020E242002040
:1055E000CB0F0020200F0020240F0020041D0020DE
:1055F00060420020F8410020280F00202C0F0020DE
:10560000300F00208422002064420020A00F0020E0
:1056100088220020FC0D0020800E00207442002013
:105620002DE9F04F8DB0044600209A4616460F46ED
:10563000CDE90B00CDE909008A48856880460DF068
:105640001BFB1C2803D00DF017FB1B281BD1308837
:1056500040F60201884218BFB0F5C15F03D1F07B6C
:10566000022810D93EE043F6070188420BD196F894
:105670002400032807D330697B4940F0806020F084
:10568000604088422ED100206FB366B3387825FA87
:1056900000F0C00726D03046002114F0F1FB73481B
:1056A000C4E90176006880B109A800900CA90BAA92
:1056B0000AAB304605F078FC0B980B214FF6FF72D1
:1056C000502312F005FFFF280CD014F05DF9684F4D
:1056D00006467878012802D840B1012070E03046B3
:1056E00014F01CFB00200DB0BDE8F08F05F0D0FBDE
:1056F00060480DF10409016841F0020101605E4853
:10570000C8F80000484613F0AFFFDFF870B15D49FC
:105710004A469BF801009BF80050039058482830F7
:1057200011F05CFA584859494A4611F057FA484670
:1057300013F022FFDFF85881564A19214B46029593
:10574000404610F0FBFA544A08F11C001A214B465F
:1057500010F0F4FA5148524914F0A2FA5148524953
:1057600014F09EFA5148006810F4402F06D0504AB9
:1057700007F128000421002312F0BEFC9BF8020070
:1057800010B10D2009F034F908F1400013F0EEFCDF
:1057900008F1380013F0EAFC464900200722387669
:1057A000B8843862386181F860200521C7E90210A9
:1057B0004149F96138700420002112F019FF78780E
:1057C0002F4941F8204001307870304614F0A6FA95
:1057D000BAF1000F02D0DAF8000008E00DF1040A77
:1057E00036492022504614F06DFB4FF0FF30DAF8B6
:1057F0000420BAF81010DAE90635002AB2FA82F667
:1058000008BF40F6C4122060012076096183256339
:1058100060762B4826764FF4FA766261C4E903621B
:10582000C4E90700C4E90903DAF80C0000B12062FA
:10583000DAF8140000B16062DAF8080000B1E06143
:1058400004F13800C82114F03FFA04F1500000219F
:1058500012F0FEFE1B4904F1B80014F021FA2046B4
:1058600041E700BFCC2108400F0000059C23002029
:10587000701D002000200940110000E084CC0100D0
:10588000101F0020CD8A0100B83E00201DE200005C
:10589000741F00206D2E0100B1170100743E00201E
:1058A0001D810100303E0020798A0100B44F005074
:1058B000F1450100E03A002031B8000070C6010057
:1058C000299F0100599D01002DE9FF47A14801785A
:1058D00006294FF0010840F037819F4E9F4F3068F6
:1058E0009F4C016801F108054FF0FF09297801F08C
:1058F0000F00072802BFA8788309012B40F083809E
:10590000002800F08080E878C30707D50622291D0B
:10591000684613F07DFD2878C0F38019E978880780
:1059200034D5062201F001012B1D5143194402A870
:1059300013F06EFD2878C00902A914F0FBFD0028C1
:105940002068807A00F08080022818BF032876D172
:1059500038680D3014F0C6FD002870D1386800F1A9
:105960000D0102A814F0D2FD002863D020680622A1
:1059700002A9001D13F04CFD707940F00400707115
:105980000622386802A9C01D13F042FD4846FF28D0
:105990006AD0694614F0CEFD1E25002800F09A80DA
:1059A0003968684614F0C2FD2268014650690078E3
:1059B000FF2974D0002815FB01F556D1107C13F097
:1059C00013FD814699F82E11022918BF032901BF42
:1059D0003868425D01F001018A4245D121684B6976
:1059E00040190622D91C401C13F050F900283BD066
:1059F000707940F0080070710622694609F59470CC
:105A000013F006FD45E011F00F0F1CBF01F00F026F
:105A1000012A29D10622A91C684613F0F9FC28782E
:105A2000C0F3801900F00F000128AFD1062205F164
:105A300008017CE73068016800220A7186E030685E
:105A4000016800230B7181E0022818BF032805D1EB
:105A500038680D3014F046FD002897D12068807A10
:105A6000002818BF012891D069E0706939684A5D43
:105A70004919491C083814F0EDFC3A490A7890425B
:105A80005DD07069396849196A46C91D083814F033
:105A9000DDFC3868401906226946C01D4DE000282B
:105AA0004DD1107C13F0A0FC074620684069827835
:105AB000914544D1C11C0622684613F0E7F800283E
:105AC0003DD0707969F3C30070710622694607F50D
:105AD000947032E021684A69107880BB087C13F02A
:105AE00083FC82469AF82E01022818BF032826D18B
:105AF00038686A46494614F0A1FDFF281FD015FBFF
:105B000000F5386841194A7F012A04D00D30401948
:105B100014F0E8FC98B12068416938684019062201
:105B2000C91C401C13F0B2F848B1707969F3C30086
:105B30007071062269460AF5947013F069FC3068AA
:105B400001680020087101E04FF00008404604B0F1
:105B5000BDE8F087C80F0020BC0A0020680F0020B5
:105B6000540F0020E44200202DE9F04F97B0814609
:105B70009948406818B18047002800F0CE80974FC0
:105B800001200021042300247E78F873BD7808AA40
:105B9000304613F019FD089800F44030B0F5403F4E
:105BA00003D17879002800F0B98030460621F82228
:105BB0004FF0F80812F044FF06EB460407EB8400B0
:105BC00080F818809DF82000702803D0304670219E
:105BD00011F06EF8CDF81090069608AA284600211C
:105BE00004234FF0000813F0EFFC9DF82000FE287E
:105BF00003D02846FE2111F05BF828460621FE223C
:105C0000FE2612F01DFF07F1160097F80190BA78F2
:105C1000059500EB8401C988019279826E4981F86B
:105C2000008005EB4501039100EB810101F8026F53
:105C3000029109EB490100EB8101B1F806B002EBDA
:105C4000420100EB810030F8061F079100900EA87A
:105C500010F0D2FC0FAD1FFA8BF7172F54D35E480C
:105C60000078002853D1ABF10706484609AAB1B223
:105C70000BF068F8BDF8324004F11000B8420FD8BC
:105C80009DF82E0096280BD1A6EB040A9DF82D2036
:105C900021464B461FFA8AF840460DF03BFBF0B117
:105CA000ABF1010B5C46A0B216282DD93628A4F121
:105CB000160748462A4688BF2027E41BBBB2A1B27C
:105CC00013F082FC3804EED015FA87F010F8010CBE
:105CD000962801D0013FF5E707EB040BBBE79DF8E1
:105CE0002F00C1070ED180070CD50734079E3E490F
:105CF000A3B213FA86F00A1A4846414613F064FC30
:105D000026440796D346A6E73348007850B1344876
:105D10000E990068426833489047002420B217B0BB
:105D2000BDE8F08F079F019E1021C7F50052A7F133
:105D3000100083B2C1F20012304610F079FC264CFC
:105D4000217808430E99207025480068426825484C
:105D50009047224D00980123B5F91220697B0780F6
:105D60003046A5F814B02F8211F0B6FCB5F9142016
:105D7000A97B3046022311F0AFFC049A002A08BF29
:105D80001022288A7C21C0F500509042B8BF7821AB
:105D9000059F384610F08CFF069E304609F046FFFE
:105DA000207038460621FC22FC2412F049FE02989D
:105DB000FE21AE70EF706F700470039805EB8000E9
:105DC000808BE880304610F073FF00206871E8880F
:105DD000C0F50054A2E700BF10220020903F002031
:105DE000D801001000400340002000112DE9F047C9
:105DF0000D4629048F4EDFF8408240F1F2808F4F2C
:105E000038780CF09FF8040018D021780120B029D0
:105E100017D0B12908D0C22900F0B580D02904BF1D
:105E20002046FCF7A3F8D2E0207920B92289E18846
:105E30006088FAF720FF204612F073FD85F40040D9
:105E4000F6E02179787A012910D009294CD01E2951
:105E500000F08D807D2908BF002806D16088FBF7FF
:105E60001AFC01466088FBF7D3FB86E00028FCD1D2
:105E7000207AB4F8029008283BD14846FBF70BFC87
:105E800002280FD0032834D1002204214846FBF712
:105E900081FA0246F86900281CBF4368002B28D00D
:105EA00004211EE0002210214846FBF773FA8246C7
:105EB000484614F0BFFB60B198F8001039B9811D55
:105EC0004079012200F0010014F0BCFA01E0012049
:105ED0003070F86900281CBF4368002B09D0524677
:105EE00005214846984704E0002846D160781A28E2
:105EF00003D16088FBF76BFB3FE06088FBF7CBFBCF
:105F0000022819D0032838D120896688012804BFC7
:105F10006089032806D1E068827804213046FBF7C7
:105F200039FA00E01820F96900291CBF4B68002BE2
:105F300023D00246042117E0218966880120012927
:105F400004BF6189032907D1E268917821B9012250
:105F500010213046FBF71EFAF96900291CBF4B6877
:105F6000002B0AD0024605213046984705E0B87A52
:105F700018B9608800210BF099F8217904F1080024
:105F800014F068FB57E7A07818BB0121F974B973C6
:105F90002022E11C07F1880013F03AFA202204F1D4
:105FA000230107F1A80013F033FA202204F1430182
:105FB00007F1C80013F02CFAF86900281CBF4368E9
:105FC000002B06D0627806210020984701E00028C7
:105FD000D8D11B480078FF2802D0214612F0B0FC2F
:105FE0002CE7690716D5174A106880B1FBF75DFBEF
:105FF00004000CD0E07A50B90121E1726268A17A04
:106000002089FBF714F9606808B113F0DDFB85F017
:1060100004000DE028070AD53178012902BF98F85D
:106020000000002808F0ECFD85F0080000E00020EA
:10603000BDE8F087EB420020AA0F0020741A002070
:10604000382400208042002070B57C4D7C4C68795B
:1060500013F0B2FB0028206071D0002101600173B1
:106060002068C1610162A879764C13F0A5FB002875
:10607000206064D000210160C17200202168087492
:10608000052220684274002122686F4C5161E87A31
:1060900013F092FB0028206051D00021017022688B
:1060A0006A4E5170FF212068817000212068818034
:1060B00000228021C280017200202268644C50813D
:1060C00021782878491D10FB01F080B213F074FB91
:1060D0000028B06033D013F0C9FE010040F0AD805D
:1060E0002078002865D069885A4E11FB00F080B2F4
:1060F00013F062FB0028706021D0574A2178107895
:10610000564D10FB01F013F057FB0028286016D005
:1061100000250BE0E8B213F007FB002141808180ED
:10612000816001800223837101736D1C2078E9B2C4
:106130008142EFD34A4D13F03FFB0028286076D010
:106140002078484D1C2110FB01F013F035FB00288E
:1061500028606CD02078444D400113F02DFB0028BE
:10616000286064D01020414D13F026FB00282860E1
:106170005DD020783E4D000113F01EFB0028286002
:1061800055D030203B4D13F017FB002828604ED02F
:106190002078394D2C2110FB01F013F00DFB002865
:1061A000286044D02078354D13F006FB0028286085
:1061B0003DD0334C334D21782878334E00EB4100ED
:1061C000C000103013F0F8FA306080B300F108011D
:1061D0004160287821782D4E00EB4100C00010303E
:1061E00013F0EAFA306010B300F1080141601E219B
:1061F0002078274D401C10FB01F013F0DDFA2860D9
:10620000A8B10820234C13F0D7FA206078B10620FB
:1062100013F0D2FA216808602168086838B10020BC
:10622000486006201C4C13F0C7FA206008B907200C
:1062300070BD13F001FE00B1002070BD7823002076
:10624000500F0020540F0020440F00200442002073
:10625000D40F0020780E0020352400205C4200205E
:10626000340F0020980E00209C0E0020A00E00206D
:10627000A40E0020A80E0020544200206C420020F2
:10628000E5420020E44200206C0F0020700F002047
:10629000680F002074420020400F00202DE9F04FCD
:1062A00093B08146C08990468B46073086B230460F
:1062B0000DF082FF0746FF280AD13046FFF754FC55
:1062C000B04205DA86480078002808BF052003E1BF
:1062D000DFF80CA29AF80000F8B9B8F1000F04D06A
:1062E000B8F1020F19D1FF2F17D199F80800002239
:1062F00003238DF83C00D9F8040000920E907948F1
:10630000C188C0780DAA04F087FB9DF8440089F885
:106310001000BDF84000A9F80C00B9F80C1039B312
:10632000B9F80E0020B3A1EB0008002505AEACB211
:1063300080B208EB05013246001B89B22028A8BFB5
:10634000202087B299F810003B4613F03DF91BFA64
:1063500085F130463A4612F058F848B93D19B9F877
:106360000E00A9B28142E2D30020A9F80C00B1E0EE
:106370005C4C00210423E678B4F8068012AA30466B
:1063800013F022F99DF848007E2805D130467C2183
:1063900010F08EFC9DF848007C2865D1B9F80E708D
:1063A00007F1070A18FA8AF0B0F5005F5ED8B9F86D
:1063B0000410C7F385120490B9F80600BB0007EB80
:1063C00008058DF8183042EA811289088DF8150009
:1063D000C0F301208DF8161099F808101FFA8AF9F9
:1063E0008DF81720B9F10D0F40EA81008DF81400E7
:1063F00042D23B48029559463A46039300F11C05A8
:10640000284613F05FFD059805EB070B0022E851C5
:106410009DF818008BF80400781D81B2284613F00F
:10642000CBFA05992A464B46E95196218DF81A1068
:10643000039912F039FFDDF81700CBF8030030465E
:1064400010F0F6F82649049A087006EB460104EBB2
:1064500081018A83E1885144E180C8B3029881B206
:1064600030460EF03DFB33E0012002E0DFF870A083
:1064700005208AF800002DE058463946002213F026
:106480009BFA0DF114090522494612F03BFB9621B7
:106490005A463B468DF81A109DF8181012F004FF6A
:1064A000304610F0C5F80E4FA9B24A46072338709F
:1064B000304610F0BDF839780843387008D106EB43
:1064C0004600049904EB80008183E0885044E0801A
:1064D000DFF80CA09AF8000013B0BDE8F08F00BF01
:1064E00010220020903F0020F8B5824D2968044614
:1064F00000291EBF002CC869002849D0C97A00298C
:1065000004BF2278012A43D07B4E3178092918BF75
:106510000A2904D00B291CBF0C290D2901D12120E7
:10652000F2BD2178002918BF012931D161780029F5
:106530001CBF012902292BD161884FF4A06749B300
:10654000A28822B10A234B437A43934220D2827815
:10655000012A18BF042A07D18388B3EB011F3CBF6F
:10656000C388B3EB011F13D2052A13D18288B2EB83
:10657000011F3CBFC388B3EB011F09D2B0F809204B
:10658000B2EB011F3CBFB0F80B30B3EB011F01D3DE
:106590001220F2BD8078022804BF002011F0FCF91F
:1065A00029680C62207801285FD1087B012847D038
:1065B000022007F0D3FD2968504A514B0860426021
:1065C0008361504A42610020087609212A68917649
:1065D000296848762968086A828843886FF009002C
:1065E000434307FB02324A6110F002FD0100D0D1A3
:1065F00005200EF09EFE2A6801211173307800BB41
:106600004149087850B141494869083813F04EFFB4
:1066100028680068816941F480218161002300229B
:106620000021032007F02CF83949002008700522CA
:1066300032700021012205200DF061FF13F050FCA3
:1066400055E02A68334B92F824101069D5691C78FC
:10665000AA1D04EB8404155B40F6C41202FB05007E
:1066600000F5166007F038FB41E0087B2A4C58B96A
:10667000487E01283BD12078202110F041FA0021EA
:10668000092013F0DBFE32E02449254F08688047DB
:1066900006462078202110F033FA2968002008737C
:1066A00013F06AF829680A68904210D110F0D4FEFD
:1066B00040F2014013F036FF1A491B4808600121DF
:1066C000207807F0A5FA3968304688470FE013F0C4
:1066D000B1FE3968304688472868016A888830B931
:1066E0000021092013F0AAFE29680020086200207A
:1066F000F2BD00BF500F0020C80F0020E80B0020A3
:106700000200808065EF0000880E00208C0A0020C7
:10671000DA0F0020D80F0020C70F002084220020AD
:1067200088220020480F00206D930000F8B58149B1
:10673000814A09781078884200F0FA805368002472
:1067400000E0641C8C4280F2F0804FF4D075654309
:106750001D4428790028F4D1E0B212F045FE002251
:1067600042710121002300F16102017184714362D1
:1067700000F16804517121712360A360017400F17C
:10678000900200210381438180F8393081610377D1
:10679000C3831170A376802500F5927300261975C6
:1067A0002573A1730025FF21E574217600F20D14F5
:1067B00025706670A570E57000F589742680658087
:1067C0006571157100F1E7021670557000F1EC0269
:1067D0001660556095721573167255739673D5735E
:1067E00047F2305225816581A581E5819A611D605E
:1067F00000F5C6721973DD811D775D7799770124E5
:1068000002259472D572967300254C4C1573267828
:10681000567395719D721D715D719D71DD711D7253
:106820005D7200F5B373464E464C1D701570378887
:10683000454EDF8025881D813488444D5C804FF4AF
:10684000A4742E889E801B25DC811C825D819D8125
:10685000DC821C835D829D825C839C83DC831C8440
:106860005C849C845580012414710023C4185B1C33
:10687000042B84F87710F9DB354B1C7800F16101AB
:106880000C705D784D709C788C700446DD78CD700E
:106890001B790B7100212F4B58186518407885F82B
:1068A000FD00491C0829F7DB2B4B04F1EC00417C6F
:1068B00001F0FB014174136100210174A07912F011
:1068C00033FF0546A0790CF0F4FF24480178287CBA
:1068D000697300F0FC0028740022A869EA8100F0C6
:1068E000004040F4853040F04000A86185F83A202F
:1068F000287F00F0F80028770F480178491C0170C4
:10690000C9B2012904BFA1798170EA832A846A840B
:10691000AA84EA842A856A85AA85EA852A866A86FF
:10692000AA86EA862A872046F2BD002011F034F8B4
:106930000020F2BDD40F0020780E0020C50F0020EB
:106940008C0F0020980F00208A0F0020960F002047
:106950001C420020C00C00204DE501103324002013
:106960002DE9F04F85B0814C81460568206841696A
:10697000132088477E4FDFF8FC814FF0020AD9F8D8
:106980000060707D01380B281FD8DFE800F0210679
:106990000B48060B580E15740E153069027B016802
:1069A000806806E03069806808E03069027C016830
:1069B000C06807F0B9FE80E03069C068017804293A
:1069C00008BF80F800A0002077E04FF0FF3074E0AF
:1069D000206DC36A3069006801698269384698474A
:1069E000206D406A80470828FAD0206D40688047B3
:1069F00006286AD1206DD0F820C030693E46006874
:106A0000D0E906E1026A4368D0E90270CDF80C8053
:106A1000CDE9010E304600973746E04743E0306944
:106A200001688869202804D111F0A8FF3069016845
:106A30008869266DD1E90123C969F66D2FE0206DC3
:106A4000BA460AF1600BD0F854C030690068C168DA
:106A50000769D0E901238069CDE900170AF1C00771
:106A6000029058463946E04790B357466FF005000C
:106A70004FF0020A21E0306901688869202808D1B6
:106A8000F86F20F00040F86711F078FF3069016876
:106A90008869D1E90123216DCE6D07F16001CDE94F
:106AA00000083846B0472068016A132088472068EC
:106AB0000169132088476FF01F00697D686001310C
:106AC000213069753FF45BAF17E06FF00300F4E726
:106AD000206DD0F820C030690068D0E90131C2686B
:106AE0008069CDE90012CDE90208504659463A4680
:106AF000E04757464FF0020AD5E712F045FF064639
:106B0000A87830B16FF00700002168601A48016072
:106B100008E06868203005D1304605B0BDE8F04F88
:106B200013F0FCB800206870206841691320884782
:106B30002068016A13208847304613F0EFF811F0FF
:106B4000A7FC95F814806E682F69022010F0E4F815
:106B50000A4813F0A9F9D5F808C0484631463A4624
:106B6000434605B0BDE8F04F604700BFB0010010DC
:106B7000006202403C4200201C500240483D002080
:106B80002DE9FE4F0F468246387AC10693461D46D0
:106B90004FF000090CD5584613F048FC030000F0F4
:106BA000F3800A223946504698475FEA00094ED1E1
:106BB00038780C9E0D9CDDF83880022819D1786851
:106BC0000178407801EB00224FF42053D21A012AB9
:106BD00010D9921E3CD0521E15D0FD3A05D0521E3F
:106BE00000F08780521E71D0521E78D0521E00F0E5
:106BF0009D80B4E0A4B2002C2CD1F86801783180DB
:106C0000027841688EE0A4B2002C23D101203080AC
:106C1000F9680A782A7000217889401C80B213F044
:106C200001FC318860B102788918891C3180438960
:106C30006B704189090AA97002784168E81C72E00A
:106C4000091D318004220021681C12F0D7FB9DE051
:106C5000A4B2002C6CD1FA681488042030802C7007
:106C6000210A697020460DF1020113F0DBFB5FEA97
:106C7000000821D0D8F80C40BDF802204FF6FF776D
:106C80006B46394613F0B6FC50B998F80030D8F886
:106C900004204048022113F0C1FB08B9ADF8007090
:106CA000207802280AD161680222281D12F0B0FB68
:106CB0003088801C308001E0ADF80040BDF8000055
:106CC000A870BDF80010090AE9705FE0A4B2002CBA
:106CD0002ED1F8680168504612F04CFF03E0A4B2D0
:106CE00034BBF8680088022131802870000A68707F
:106CF0004CE0F86813F00EF982B2A4B2A242B8BF19
:106D00004FF0070942DB944208BF002206D01FFA69
:106D100088F001199142B4BF0246121B328092B230
:106D2000F8680119284612F073FB2FE0A4B214B1E1
:106D30004FF00B092AE0F8680721318002782A70A9
:106D400043786B704188A9704288120AEA70017911
:106D50002971C2886A71C088000AA87116E0584675
:106D600013F058FB5FEA00090ED09DF83C0002903A
:106D7000A4B21FFA88F00190009433462A4639469F
:106D80005046C847814601E04FF00E094846BDE82D
:106D9000FE8F00BF12CB0100F8B5584C584B256848
:106DA000186855F8183F00224FF0FF31984710F04F
:106DB00053FB5449C86B426953495079087000220B
:106DC000524801680A8000244A800C7100684271B0
:106DD00000200AF08BFB08F0AFFC4D48006813F070
:106DE00015FB4C48006813F011FB13F00BFB4A48ED
:106DF000006800B104734948006800B1C472484D8E
:106E0000484E12E06868E3B24FF4D0714B43C118AA
:106E10004A79012A08D1E0B212F0E6FA074612F0E8
:106E2000D9FA384605F0CEFC641C3178E0B28842CD
:106E3000E8D313F0E3FA3C4A3C49107808700DF0AF
:106E4000CBFF0EF013F83A488078C1074CBF0721FA
:106E50000521FF2400074CBFFF20FB2001403548DF
:106E6000354A01700021354811700023344A0370FF
:106E70000121344811700370334A34481170037093
:106E8000334A3448344913700370344A3448138009
:106E90001B2303804FF4A470324A334B08801080C8
:106EA0004FF42960314A1880FB21314B1180198041
:106EB00044F290202F49304A0880108013F09AFA4B
:106EC00013F094FA09F0C5F809F07FFA12F0BEFF4A
:106ED0002A492B4A002008701F212A480470447058
:106EE0008470C47001712848047044708470C47048
:106EF0000171252010700020F2BD00BF200F00207E
:106F00001C0F002038C20100CA0F0020400F0020D3
:106F10006C0F0020700F0020500F0020540F002035
:106F2000780E0020D40F0020C60F0020D30F0020C1
:106F3000C00C0020C50F0020CC0F0020CD0F00207A
:106F4000CE0F0020CF0F0020D00F0020D10F002047
:106F5000D20F0020DE4200208C0F00209C0F00206A
:106F60008A0F00208E0F0020900F0020920F00202B
:106F7000960F0020940F0020980F0020C80F0020CB
:106F8000DF4200201C420020244200202DE9FC4763
:106F9000D0E900588246D8F80000D0F8409019F4A3
:106FA000F06FC0F8449035D05FEA495117D5D5E964
:106FB0001401411A504610F013FCD8F80000816902
:106FC000C90605D401688DF807109DF80710F6E78B
:106FD000296801312960A97B09B90121A973696C6C
:106FE00040684FF0004600F00F0404EA0100B0FAD8
:106FF00080F126FA01F1014005D02F6C1FB12A68FB
:10700000AB6C5046B847B4FA84F026FA00F0204042
:107010004042A863D5F85801D8F83C1009F0400761
:1070200040680068D0F804251140394347D0DAE9B8
:10703000006450460BF01AFBD7B1F07C90B90BE01E
:10704000316F69B10068B16EB26F8854306FB16F43
:1070500001310138B167306720688169C906EFD511
:10706000F07C28B1D6E91401411A504610F0B8FB63
:1070700096F86400E0B13079022819D017B1B179DF
:10708000012901D0316F99B90024B16E012834670C
:1070900086F86440B46607D1B36CB26FD6F8CC60A2
:1070A00050460094B04703E006F17C0012F0FCFE6D
:1070B000504605F031F9D5F858014068006800F2F3
:1070C00004500068D8F83810084228D0D5F8F800E5
:1070D00028B3DAE90076504609F0B4FC504606F0D1
:1070E0001DFF7879012812D1D7F8F40078B997F804
:1070F000E80060B1002087F8E800BB6CD7F8EC101E
:10710000D7F8FC20D7F8504100905046A047D7F858
:10711000F80020B93068816B41F4006181635FEA57
:10712000095023D5D8F8000081690907FCD4016B08
:1071300021F480710163297A91B10020287295F8B9
:107140004400800606D52C6C24B1AB6C504620213F
:107150000022A0475046012110F05FFCD8F8000043
:10716000816B21F400618163687908B1BDE8FC8717
:1071700005F58070BDE8FC4712F096BE2DE9FE4F84
:107180001D4614460F46814612F0FEFBDFF8C0A1F3
:1071900083464FF6FD78DAE90010494518BF0846E6
:1071A00060B1B83012F016FE40B19AF82400CAF867
:1071B000209040F004008AF824009FE011F0F8F9D4
:1071C000002868D006466348CDF808B0DDE90CB861
:1071D00012F098FD604908F0200EB1F8540001301B
:1071E0006FF31F30A1F85400B5605C480025C6E974
:1071F00003792268D4F80C8086F83250C6E9085525
:107200000BEA000C207C72632279C6E906CEC6F830
:10721000408086F8440086F83820B1F8541086F88B
:107220003350D4E905533186A168C6E91253F1639E
:10723000A18BA6F8501028B9B8F1000F1CBF01208F
:1072400086F844004AB9387B00F00F00022804D1C8
:10725000012086F83800B8687063DDF808B00822AD
:10726000FF2353FA82F23C46D0B2851A18BF01259B
:107270007F680FB1002DF4D1208800F47C40B0F578
:10728000305F0BD196F833000022082340F0100045
:1072900086F8330004E008F101082FE00022022301
:1072A0004CEA03004EEA02012B4DC6E90601DAF86A
:1072B0002000484507D19AF82400C1071CBF00F000
:1072C000FE008AF824002648046854B1A96CEA6CD0
:1072D00005F1400005F1380300903046A047033027
:1072E00013D1FD209AF82410CAF820904FFA80F8A4
:1072F00041F004018AF8241012F06EF9584612F099
:107300000DFD0FFA88F0BDE8FE8FB6F83080B5F8B5
:107310005410414501D012F05FF9C0B2012801D8E4
:10732000FE20DFE7002089F8FC0096F8330040F0EB
:10733000800086F83300A86BB04205D0F068007B6F
:1073400000F00F000228D9D10BF05EFDD6E700BF98
:10735000101F0020303E0020741F0020FFEFFF9F11
:10736000A42300202DE9FE4F11F00AF800255FEA62
:10737000000803D00CF03EFA4FF0FF386348006875
:1073800030B1804704E0D9F8001051F8080F804769
:10739000DFF87C915F4CD9F8007057F81C3F01AAC8
:1073A00069460DF10100984700285B4F2ED10199E5
:1073B000A1F10C07B879032806D1584909680029BA
:1073C000E6D001988847E3E79DF80000002600E03A
:1073D000761C53490A789642D5D22369995D814239
:1073E000F6D1F0B2FF28CED038790EF0E1FEB979AF
:1073F000012902D10199087003E0022904BF019913
:1074000088700199F0B211F09BFAC1E73968EAB2CD
:1074100031F8120028B9424802786D1CE9B2914255
:10742000F4D33F4B3F4E1978DFF8FCA08DF80010E5
:10743000E8B2884224D2DAF80000804739685FFA5F
:1074400085FB31F81B20ADF80220002321F81B300A
:1074500031688847354B2570BDF8021053F82B2052
:10746000E8B29047FF2105462170DAF80000804716
:10747000396831F81B20154321F81B5031688847C3
:1074800010F07EFF404520D000B929482949D1F8A5
:107490000080804588BF8046DAF800008047D9F830
:1074A000002052F8201F0546A0688847E26822495C
:1074B000521CE26004F10803D9F80040404654F839
:1074C0000C8FC0473168284688471C4A1C4C1068FE
:1074D00030B1D9F80020206852F8241F884712E004
:1074E00000250BE03968EAB231F8120028B1D9F86A
:1074F0000020206852F8241F88476D1C9DF800105A
:10750000E8B28842EED3BDE8F78F00BF9842002072
:1075100008240020E0220020C442002088420020ED
:107520008DCE0100882200208422002060C401004A
:107530008EC2F52890420020039F00008C4200205C
:10754000844200202DE9FF41DFF8BC810020039038
:107550000290D8F83840B4B3D8F84C0010B9D8F835
:10756000480070B3D8F8480060B12069D8F84810D6
:107570000969814206D194F83300C00602D5D8F8D3
:107580004C0090B1002702A887F0010103AA09F07E
:10759000C9F80546FFB9F5B10299002900F09D80B0
:1075A0005A4811F0AFFC002714E0D8F84800C06832
:1075B00040880028F9D0D8F84800C06840880128E1
:1075C000F3D00127DFE752480221283012F070FC87
:1075D0000027002500242CB34E48466816B30298B5
:1075E000B0FA80F04009284001281BD1D8F84800A3
:1075F000D8F84C10039A87F00103CDE9003208F166
:10760000380208F14003B047012868D0022809D1A8
:10761000D8F84800012201230069D8F84810B1F9D0
:10762000301065E0002C204618BF012038400128AA
:1076300051D1394821694068814203D034484FF420
:10764000806145E00298002818BF012028400128E9
:1076500006D1D8F8480018B9D8F84C0000284DD009
:10766000082011F025FA94F833004C25C00608F1E3
:10767000380058BF482510F095FE48F80500274B04
:10768000D4E90601C2439A60DA681043D860C8435F
:10769000186058680843214658600820E56810F0D3
:1076A000A7FF284610F004FF288843F60601411A78
:1076B000022906D3B0F5C15F03D040F6020188422B
:1076C00003D10120294610F093FF11484FF080416B
:1076D000283012F0EDFBBDE8FF8100277BE703981F
:1076E000002818BF044601220023B4F93010206995
:1076F0000092002202F06AFDBDE8FF8108200FF031
:1077000025FBBDE8FF8100BF741F0020743E0020F0
:10771000101F0020A4230020701D0020081004402A
:107720002DE9F8436F480178052984B04FF001082E
:1077300040F0D1806C4E6D4F30686D4C016801F1A6
:1077400008054FF0FF0929780A4602F00F000728C4
:1077500016D1A878A0B1E878C30707D50622291D5D
:10776000684611F055FE2878C0F38019E97888073B
:1077700075D5062201F001012B1D514319441DE06E
:1077800011F00F0F1CBF02F00F00062807D002F007
:107790000F0102291CBF02F00F02012A1ED106228E
:1077A000A91C684611F034FE2878C0F3801900F057
:1077B0000F00012853D1062205F1080102A811F09B
:1077C00027FE2D78ED09284602A912F0B3FE00B37A
:1077D0002068C1694878022818BF03287DD138681D
:1077E00000F10D0102A812F091FE20B92068C169D4
:1077F000C878002871D1206880F80A800622717943
:1078000041F00401717102A92068001D11F000FE11
:1078100025E0386801788D4221D1411C062202A85A
:1078200011F034FAD8B12068C269507801280AD919
:10783000801E012813D83968487F20B901F10D0056
:1078400012F050FE58B138687279017861F3820203
:10785000411C727106222068001D11F0D9FD4846B6
:10786000FF283AD0694612F065FEB0B37069012274
:107870006946083812F0B6FD78BB2068C1694878BF
:10788000012818BF032828D13968684612F04EFE37
:107890000146FF2921D073691E2010FB01F43868CE
:1078A000025D411C2144A3F1080012F0D3FD1149EF
:1078B0000A78904211D07069396821446A46C91D1E
:1078C000083812F0C3FD3868204406226946C01DFE
:1078D00011F09EFD01E04FF00008404605B0BDE804
:1078E000F08300BFC80F00208C0A0020680F002022
:1078F000500F0020E4420020002870D02DE9FC4702
:10790000D0F800A08046BAF80300ADF806000DF1EB
:10791000060012F063FDDAF8080008B15E49016064
:10792000DAF80C0008B15D490160BAF83000DFF800
:1079300070915E490022A9F86400BAF80500A9F820
:107940003C005848C9F85000BAF80000C9F868204F
:10795000A9F80000544800880880D8F80800017889
:1079600089F8031090F8201089F85C104168C9F874
:1079700004108168C9F80810C168C9F80C100169C1
:10798000C9F81010C169C9F858108169C9F85410B4
:10799000416A40690079C9F8601000EB400012F0BC
:1079A0002DFA0546062012F029FA0DB300B3D8F8D7
:1079B00008100023D1F814C03D499CF804209A42D5
:1079C0000FD003EB830403EB430601330F5D0C443C
:1079D000AF552E44D4F80140A6F80140EFE712F06D
:1079E000AEBA9CF8051002710560C9F81400417127
:1079F0000AF1100309F12C040FCB0FC4DAF82000B0
:107A0000C9F84000D8F8040081680268C9F8182055
:107A100011B1C9F8201003E012F091FAD8F804006F
:107A2000C16811B1C9F8241003E012F088FAD8F83F
:107A30000400016911B1C9F8281003E012F07FFABF
:107A4000D8F80400406810B1C9F81C0001E012F039
:107A500076FA0AF12403DAF810000ECBC9F82C00EC
:107A600009F144000EC00121D8F80C0080680068BC
:107A700011F0FEF8D8F80C00C16811B10D4A116080
:107A800003E012F05CFAD8F80C00D0E9000111F024
:107A9000C9FCBDE8FC8700BF136C01009394010092
:107AA000041D002018230020DE2200201E240020B8
:107AB00020200020082400202DE9FC4F83F0004303
:107AC00001E02DE9FC4F1F03FF0847EAD2574FEAB8
:107AD00042284FEA43095FEA595906D147EA080AA2
:107AE0001CBF00210020BDE8FC8F57F000575FF459
:107AF000E06E1EF1FF0EF14505D14FF00000190DAB
:107B00000905BDE8FC8F002B05D55FF0000AD8F110
:107B100000086AEB07070C03E40844EAD0544FEA74
:107B200040254FEA4106760D08D144EA050A19BFFF
:107B30000021002019461046BDE8FC8F44F0005497
:107B4000764504D10020090D0905BDE8FC8F002908
:107B500004D55FF0000A6D426AEB0404B6EB090E2F
:107B600008D5A2463C465746AA464546D046CEF1E1
:107B7000000E4E46BEF1360F5CBF4FF0000B23E007
:107B8000BEF1000F04BF4FF0000B1AE0CEF1390A2E
:107B9000BAF120092EBF08FA09FB07FA0AFB4BEAE3
:107BA000080BDEF1200A07FA0AFA38BFBA4647FA8C
:107BB0000EF72DBF28FA0EF8AEF1200E4AFA0EF895
:107BC000D04415EB08057C4154EA050A02BF0021A8
:107BD0000020BDE8FC8F002C58BF4FF0000A06D5EE
:107BE0005FF0010A5FF0000E6D426EEB0404A6F137
:107BF00001066D006441FAD515F4806E11D005F4CC
:107C000080794BEA090B15F5806554F1000428BF13
:107C1000761C0BD205F400795BEA090B08BF25F44A
:107C2000006525F4E0656D0044EB0404B61CDEBF7E
:107C300000210020BDE8FC8F5FF4E06E1EF1FF0E16
:107C400076450AD34FF0000013F00043FF21C9002E
:107C5000C91D09051943BDE8FC8F270547EA153002
:107C6000210B41EA065141EACA71BDE8FC8F704719
:107C70002DE9F047554C564894F80090554FA9F11E
:107C8000090105298AB000F29780DFE801F00303BB
:107C90006C6C768C02A85049202212F013F9788877
:107CA00010F47F4FFCD04A4ADFF830814C4D4D4EE6
:107CB000DFF834A110804FF4A051401A19D0C01E33
:107CC00017D040F20141401A52D102A941F62900D1
:107CD0000BF08DFA45480021CDE90001534630688C
:107CE0002E6856F85C5F02AA3946A847A8F800003B
:107CF00068E0B9F1090F0ED13D490A685089B8B35F
:107D00003C49087812F066FB0021002012F05EFB6F
:107D10000020207056E0B9F10A0F29D1364C2078A6
:107D200030B3607800284DD10121344A617092F857
:107D3000200030B1A078012803D10021032012F0E7
:107D400087F82F480021CDE90001534630682E689E
:107D50002C4956F85C5F02AAA847A8F8000000204A
:107D60006070A0702EE0798811F47F4FFBD0018005
:107D700000200FF011FE852022E079880180022981
:107D800007D94FF4A050091A03D040F20440091A51
:107D9000EED1B87B801CC1B2B529A8BF6620B873EC
:107DA000002078800EE018481849194A0160012126
:107DB000107805F02DFF05E000200FF0EDFD842088
:107DC00012F09CFB01200AB0BDE8F087C80F00202C
:107DD0009A0F0020940B0020D0C60100880F0020CD
:107DE000200F00201C0F0020ED9E010002000080EB
:107DF000440F0020CA0F0020EC410020E83F002083
:107E000002808080500C0020480F0020E19E01007D
:107E1000C70F00202DE9F04706680446307B022892
:107E200012D196F823006568D6E904A791468846E2
:107E300080B1B168584811F0F7FE40B100206FF0F2
:107E4000010786F8250055E06FF0060752E0012093
:107E500086F82600002052492246F0614F48C6F8B5
:107E6000008086F8219011F076F92978272010F00B
:107E7000A1FD50463946062205F0CAFA58B196F8D7
:107E8000260098B3444812F00FF8002086F8260028
:107E900086F825002AE0434D434FD5F8800320F0B3
:107EA0000200C5F8800396F82000042804D157F892
:107EB0004C0C4169272088470220C5F8FC0238682D
:107EC000416806208847C0B1402028608020286093
:107ED00096F8260038B1304811F0E6FF002086F809
:107EE000260086F825000020C5F8FC024FF0FF3080
:107EF000F061F7693846BDE8F0870220BA460FF016
:107F0000A3F90027B9F1020F0AD0B9F1040F4FF01D
:107F1000000006D0B9F1060018BF0120800000E083
:107F20000020C5F84C010123D8F80C10D8E9010253
:107F3000C5F85011C5F8547186F82430DAF80030CD
:107F40001D690B46A847256895F8200002281BD01C
:107F50000428CFD1DAF80000816915488847B0F1CC
:107F6000FF3FDCBF4FF0FF30E8610020EF6985F88C
:107F7000240095F821100339022928BF85F825002F
:107F800020460EF059FAB5E708484FF0FF3111F0DE
:107F90004BFEEF69AEE700BFA83C00206041002027
:107FA000B51F010004440240FC010010F83C002011
:107FB000010000802DE9FC4705460C46174699460E
:107FC000C0B211F011FA8046E8B211F0ADFB0546DF
:107FD0000126A879DFF870A1012802D002286AD012
:107FE000AFE0B9F1020F0BD100206880A880288093
:107FF0000222AA71A86809F0B5FA0020A8605DE025
:108000002888022816DB6A8839188A4212DA00208A
:10801000688028800222AA71A86809F0A3FA0020CB
:10802000A860AA889AF802108B200EF02BF8002086
:10803000A88086E0012813D1380011D06988207803
:10804000091D41EA0021042F698004DB6078A178D2
:1080500000EB0122AA80394628460DF0B7F8064603
:10806000A86800286DD0012E6BD12B883A46214696
:10807000184411F0CDF929887F182F80BFB26A8883
:1080800097425ED198F87410802918BF81290FBFDC
:108090007F212E4B1878091A49B200914B46A968E6
:1080A0009AF8020007F0B4F800206880A8802880C1
:1080B0000222AA7145E0B9F1020F42D1380004D181
:1080C000BDE8F6478C2012F0FDB9012F03D12F80B7
:1080D0002178698034E021786078091D41EA002127
:1080E000042F698004DBA078E17800EB0122AA80EC
:1080F000394628460DF06AF80146A86808B30129F8
:108100001FD13A46214611F083F96A88974214D16B
:1081100098F87410802918BF81290FBF7F210B4B5D
:108120001878091A49B200910223A9689AF8020046
:1081300007F06EF80021A98003E028883F182F80FF
:10814000AE71BDE8F38700BF780E0020C90F002094
:108150002DE9F84380460D46C0B211F045F90646B8
:10816000E8B211F041F907465FFA88F011F0DCFA45
:108170000446E8B211F0D8FA0246316838684B6814
:10818000D0F804C07879717909B128B9A8E000283D
:1081900040F0A480FF20A4E0F089B6F86211400806
:1081A0008842F88905D3B7F862114008884206D2A0
:1081B00096E0B7F862114008884280F08F80E07E38
:1081C000C009D07E02D0C00902D189E0C00972D1B5
:1081D00006F1820E07F182019EF8000088B17089D5
:1081E000BEF80290401C80B248450ADB087800289F
:1081F00076D07889B1F80290401C80B2484509DAFF
:108200006EE0087830B17889B1F80290401C80B2F5
:10821000484563DA9EF80E00012810D17089BEF837
:1082200010E0401C80B2704509DB887B012857D1E3
:108230007889098A401C80B2884209DA50E0887B3C
:10824000012805D17889098A401C80B2884245DA24
:1082500006F5C97107F5C97091F800E0BEF1010F8C
:1082600012D1B6F80AE049880EF1010E1FFA8EFE0F
:108270008E4509DB0178012932D179894088491C72
:1082800089B2814209DA2BE00178012905D1798987
:108290004088491C89B2814220DA607B517B81424F
:1082A0001ED388421AD3718E7E8E8E4204D2D0891C
:1082B00046438E4214DB11E0E089B14203D24143D0
:1082C000B1420BDB0CE0D189814209D3884205D34E
:1082D000DCF80810986810F06BFA08B1284600E046
:1082E0004046BDE8F2837047B0B560480021604C5D
:1082F000016094F83A01032812D002282ED00128F8
:1083000040F0AF8094F8400109F018FA002084F89A
:1083100040015948817B0220002908BF06209EE0C9
:1083200054480168B1F5C060C4F82C01B8BFC1F56C
:10833000C060D4F81011002900D5494288422ADDD6
:10834000D4F814010FF090FED4F818010FF09EFE3F
:10835000D4F828010FF0BEFE01201DE04548056855
:1083600011F052F9C4F8140111F056F9C4F81801CB
:1083700011F05AF9B5F5C061C4F82801C4F810111C
:1083800009D094F830215AB1D4F81401D4F820213E
:10839000D4F82C110AE0002084F8300106205EE0B9
:1083A000C4F82401D4E94502C4F82C110223C4F80E
:1083B0001C01002901EB410148BF6FF00103194482
:1083C000042391FBF3F111440029C4F820110FDDBF
:1083D0001F2931D3D4F824212AB33E28A8BF3E2038
:1083E00001302929A8BF2921C4F81C010B3909E053
:1083F000D4F82421032A09D111F1140FD8BF6FF04A
:1084000013011531C4F82011002113E00128D8BF51
:108410000120013811F10A0FD8BF6FF00901C4F82B
:108420001C010B3103E03329A8BF33211539C4F8EF
:1084300020110321C4F824110FF016FE01200FF0C3
:1084400037FED4F820010FF021FED4F824010FF0FC
:1084500041FEA5F2FF510420032938BF0620C4F8CD
:108460003C01BDE8B04003F0D9B800BF3C500C401F
:108470000019002008400C4098C90100FEB50446D0
:108480005A480078A04213D908780D46012801D136
:10849000686868B16878012801D1A86840B1544F74
:1084A00057F8346011F070FAF17921B111F036FC0F
:1084B00000242046FEBD07EBC40401216768F1716A
:1084C00011F02CFC002005F1040C7074F081B060F8
:1084D00030602988B180A98BC6E93D00C6E90E004D
:1084E00086F86400B186297D2B69B1719CE806107D
:1084F000C6F85021BCF1000FC6E910C34FF0FF329F
:10850000C6F8CC10A969C6E93B203163A97F86F87B
:108510003610296AC6E91A00C6E91C00B16486F85B
:10852000E800C6F8580102D13249C6E9101097F8A0
:10853000400006F05DFAD7E9031206F14C0011F095
:108540008BF8D7E9051206F1D00011F085F82A4919
:1085500038680968C96888477A6C97F8240046F239
:10856000020106F095F9254DBA6C97F820002946CE
:1085700006F08EF9F86901280CD1FA6C97F82800FA
:10858000294606F085F93A6D97F82C0046F202016B
:1085900006F07EF90AF09CFCC6F85801204603F06C
:1085A0004FFA174A06F5AE70042123460FF0A4FDDA
:1085B0006D46284610F0E0FF387A7968114A2B465C
:1085C0000094019006F114000DF0B8FB06F17C0058
:1085D000002110F03DF806F58070002110F038F809
:1085E0003868D7E90C121060486062E74BCD010093
:1085F0007CCD01002B9F0100D00100100260002003
:10860000499301008D6F000078B504468BB0A078C7
:108610000126014601291BD0032947D0062954D041
:108620000A2915D00E291CBF0F29102900F0A4809B
:10863000152918BF162903D0172900F09880812921
:1086400000F08F80832931D0842900F08D8098E05C
:10865000214611F0B7FE05A82146162211F032FC82
:10866000BDF818406946E0B211F04CFC204611F00C
:10867000E1FF040019D0A17C60884A074EBF9DF835
:108680001210424909780EF09FFE11F049FA0500D8
:1086900004BF00200FF080F96088295C00200EF0F4
:1086A00073FC014660880DF029FD6BE0A08822462E
:1086B00011F084FE0646E078002863D123896289A0
:1086C000E188A08811F076FE5CE0A08801224021BC
:1086D00011F06CFE002011F065FEC0B2022821D11D
:1086E00010200FF029FEB8B1D02101701121E278DD
:1086F00042708170A2888280E188C18022890281D3
:10870000618941810021A2898173828101462048CB
:10871000007810F015F935E0A0880022402111F012
:1087200045FE2FE0A188ADF80010012803D10020FC
:10873000ADF80A0011E080B9E088ADF80200002130
:108740002089ADF804006089ADF80600A089ADF875
:1087500008008DF80A108DF80B60684611F01EFEB7
:1087600010E02246182104E022461C2101E02246A6
:10877000062111F04FFB02E0204611F057FB0646A0
:1087800000E0002630460CB070BD00BFA90F0020ED
:10879000392400202DE9F84F814608688B46904621
:1087A000D9E90045476806895548E16811F03CFA67
:1087B00018B16FF00100BDE8F88F524852494FF0F0
:1087C000000A4A46C4F814B084F80980C4F804A02A
:1087D00084F802A010F0BFFC2978272010F0EAF8F6
:1087E00038463146062204F013FE40B1444811F0E9
:1087F0005BFB4FF0FF3084F801A0BDE8F88F434FDA
:1088000057F84C0C416927208847414E0220C6F892
:10881000FC02386841680620884760B1402030601B
:1088200080203060364811F03FFB002060704FF030
:10883000FF30BDE8F88F02200EF006FD3A68DBF845
:1088400010009BF82010D26990473A689BF82000EE
:108850009BF821101368A8F10102B2FA82F25209C2
:108860009847DBE90610C6F850010020C6F854010D
:10887000C6F8581159B13A68DBF8040000231569AD
:108880000022A84738688169224801308847207A49
:10889000042804D057F84C0C0169272088473B680E
:1088A000DBF81C10DBE902021C690B46A047D9F873
:1088B000004001206070207A022815D004281BD1C6
:1088C0003868144D816928468847B0F1FF3FDCBF06
:1088D0004FF0FF30606000206070A81CC6F8840371
:1088E000484609F06FF904E00B484FF0FF3111F0F2
:1088F0009BF96068BDE8F88F0020BDE8F88F00BFE5
:10890000A83C0020604100204D2B0100FC0100101C
:108910000444024001000080F83C00202DE9F041B1
:108920005A4CA178FF2904BF00200FF035F8A07839
:1089300010F05AFD044604F5C9752089421C628175
:108940002978012902BF6988491E814208D16A79C4
:10895000022028702A711346A179002004F0C4FF78
:1089600004F182000178012902BF618942889142A5
:1089700006D1618EC0884618204608F0A3F900E0B1
:10898000668E2068424FC168016140F6C418C16814
:1089900008FB0616C66086603B68A279C0681C2684
:1089A00003F1080172438850A0793968704301F1DE
:1089B0000C020C31135C03F0F00343F002030B5480
:1089C0003A68A179901C714300224252287908B973
:1089D0000EF0E2FF3A68A17902F110002A797143A2
:1089E00052084254A1793868714301440020487408
:1089F0002979042910D1A0793968704301F1100256
:108A00001031135C2A7A43EA82030B54A279386846
:108A10007243024420205074A07939681D4A704383
:108A20000844002141821C49086B156894F806E04F
:108A3000006805EB4E13658E68434FF0640EB0FB83
:108A4000FEFE08FB0EF0A0F596681448C3F81480EB
:108A50000378012B06D11068A17900EB41120120A7
:108A6000D07206E0486A1168A279007801EB4213DF
:108A7000D872A0793968226816FB00F68819506010
:108A800020460AF0C7FD0020BDE8F081780E0020E6
:108A9000980E00209C0E002038C20100CC0F002050
:108AA0002DE9FE4F04004868019048F6B80900F02F
:108AB000AA80DFF858A166689AF80300544D554F14
:108AC00010F092FC009040F6C41B11F083FD80462C
:108AD0002078022808F6C41814D1009A21460020F4
:108AE00006F088FD01280DD13968CA692978901DE2
:108AF00001EB810148F6B902405A0BFB00F09042AD
:108B0000A8BF8146207802280CD139682878C96925
:108B100000EB80000A18891D9388085A834243D1CC
:108B2000C6F8088020783C4D3C4F042814D1009AA8
:108B30002146002006F05EFD01280DD139684A6902
:108B4000297802F10C00090148F6B903425A0BFBDF
:108B500002F09842A8BF8146207804280BD13968DA
:108B60002878496900010A180C315389085A834250
:108B70001AD1C6F808802078012805D12848016854
:108B800088884FEA80090FE0082804D111F062F9C3
:108B900008B1D0F890902078102805D1032011F06A
:108BA0005BF908B1D0F8989001998868414611F0B6
:108BB000F1FB814510D201988168B068A1EB0901F1
:108BC0000FF0F6FD40B9B06808F5884202F15C018B
:108BD0000FF0EEFDC0B114E0009A2146002006F02F
:108BE00009FD01280FD1B168019A90680FF0E0FDEE
:108BF000012808D19AF803204946204603F0A0F93D
:108C000008B9012000E00220BDE8FE8F780E0020A8
:108C1000D80F0020500F0020D90F0020540F002043
:108C2000684200202DE9F84F044648680D46017857
:108C300002291FD1A9680A78022A1BD1EF683A7865
:108C4000042A17D1D1E901B2B9682F7CD0E901A378
:108C5000D4E900982868012F10D106688769032E8F
:108C60001FD1BB426FF0080008BFBA4217D1B9420A
:108C700024D014E04FF0FF30BDE8F88F86696FF024
:108C80000800B3420BD15B0001339A4207D19BF835
:108C900000306FF00800042B08BF91420ED0BDE8F1
:108CA000F88FBB421CBF6FF00800BDE8F88F5B0077
:108CB0006FF008009A4208BF9942F0D120460FF0A9
:108CC0006BFE18B16FF00100BDE8F88F6FF0200067
:108CD000C9F810502C4EC9F80400022089F814007D
:108CE000002089F8020028688269287CB0B15046CB
:108CF00031460DF0F3FA286806F1600182695846A2
:108D00000DF0ECFA2868016803291AD0826906F18F
:108D1000C0010BEB02000DF0E1FA12E01B4F5046D0
:108D20003146B8472868B2460BF101060AF16001E6
:108D300082693046B84728680AF1C0018269B018D4
:108D4000B84728680A21224600680128104808BF51
:108D5000072189F815100F4910F0FDF998F8001057
:108D600013200FF027FE0C480021017002200EF0A6
:108D70006BFA0A4800680169132088472046BDE85D
:108D8000F84F0CF09DBD00BF00620240254E01006F
:108D90007C41002061690000EF230020B001001039
:108DA000F0B55D4E33680C46014689B0102203F1E0
:108DB000480010F02DFB3068C17800250A0722D545
:108DC0000179052903D111F0E1FA0020A2E000F1B8
:108DD0007005012914BF0629002306D0836829786D
:108DE000CB4003F0010343F0800305A9009100F19B
:108DF0004802686800F12001A86811F0C3FA050074
:108E000007D0082086E000F1480105AA083011F0DB
:108E1000B5FA306800F13801102205A80FF036FFCE
:108E2000012875D13068C1780A0743D50179012935
:108E30001FD0062900F1700413D101AA009200216D
:108E4000019100F1480300F128026068A168203018
:108E500011F090FA3068019AC088032111F086FA67
:108E600057E02078401C2070306890F8701014296A
:108E700002D111F08BFA4CE01021283011F072FA77
:108E8000316801F1180301F17000009302788B68DA
:108E9000D34001F128028168406803F0010343F0E8
:108EA0008003203011F06EFA11F058FA002830D00B
:108EB00008252EE000F1280200F1480101AB08303E
:108EC00011F048FAF8B911F041FA009007463068FD
:108ED000C0880023002201A911F034FA98B9204675
:108EE00011F0A8FB04000ED0E06A18B91C2010F0A5
:108EF00063FCE062E06A30B1102201A910F088FA48
:108F0000E06A877600E0082531680620487000E0B6
:108F10000425284609B0F0BD740F00202DE9F84F54
:108F2000054686B06888584CDFF860A18B4611F082
:108F300005FA064604A800902B7B6989288905F16B
:108F40000D0211F05BFB0027B846814605964AE00A
:108F50006168FF20C855B3B26068FF22C25435E093
:108F6000B8B2002840F08280688800234FF6FF7274
:108F7000112111F0DFF90028606071D0BAF80010FB
:108F8000091D61807F1C6168B9F80A008855BAB272
:108F9000B9F80A006168000A8854BDF81020698990
:108FA0000DF11203484611F025FB7F1C81467E1C03
:108FB000B9F1000FBFB2CBD06168BDF81200C8553F
:108FC000B2B2BDF812006168000A8854761C3049BC
:108FD0006068BAF800200968B3B2184410F018FAB3
:108FE000BAF80070BF19B9F1000FBEB220D0BDF8B9
:108FF00010206888494608F089FC8046A0B9287985
:109000000599234B1B6803908A1F92B2002002929D
:109010000190CDF800A0BDF8102068884946FDF702
:10902000AFFD002880469BD0B9F80A10ABF80010BD
:109030004046BFB247B9010008BF0A202989ABF8F2
:10904000001007B0BDE8F08F608896FBF0F020803C
:109050002146688811F06AF90028F2D01620F0E75E
:10906000B9F80A00ABF800001120EAE76188BAF805
:109070000000091F8142E7D10599891F80198142AB
:10908000BFF680AFE0E700BF380C0020840F00205F
:10909000080F00202DE9F84FD0E900B79846164692
:1090A0008946054613B10020C8F800008EB110F0C3
:1090B00047F8824610F068FC04469BF8070060B150
:1090C0009BF8E80078B110F03EFE6FF00800BDE8B4
:1090D000F88F6FF00900BDE8F88F10F034FE6FF0E4
:1090E0000E00BDE8F88F00200121CBE93B96CBF8BC
:1090F000F460CBF8FC008BF8E810CBF83C008BF860
:109100000D008BF80B000BF580700021009010F023
:109110008BFD384610F09EFCBAF1000F02D19BF88F
:10912000050070B3284604F0F9FE10F00CFE9BF821
:10913000050068B90A99009810F076FD10B1012079
:109140008BF80D00284607F07DFC00208BF8E80026
:10915000B8F1000F1CBFDBF8FC00C8F800009BF85A
:109160000B0030B100208BF80B006FF00D00BDE854
:10917000F88F9BF80D00002818BF6FF00C00BDE8B9
:10918000F88F10F0E0FDD5E9007497F84400C006B0
:1091900015D5D7F840C0BB6C284610210022E04707
:1091A0000DE0D7F8FC00314609EB000220460DF037
:1091B00001FED7F8FC10361A0144C7F8FC10002E47
:1091C000EFD1204610F068FA0028FAD0204610F0BF
:1091D0003BFC97F84400800605D53C6CBB6C2846E8
:1091E00020210022A0470020B8F1000F87F8E800F6
:1091F000C5D0D7F8FC00C8F800000020BDE8F88F03
:109200002DE9F04F544C216887B0087C10F0ECF841
:109210000546206895F82E81017C002605F5947A94
:10922000B146FF2904BF00200EF0B6FB4B49087879
:1092300020B9216848690278012A49D108F0010063
:109240008DF800000146464F3868524611F0F6F995
:109250008346BBF1FF0F2DD01E2010FB0BFB9DF8AA
:109260000000514611F066F998B1386810F80B10FB
:10927000584441F0020800F1010AC61D08F001003F
:1092800085F82E010622514605F5947010F0C0F8BD
:1092900010E09DF80000514611F020F950B13868F7
:1092A0005844417F012903D00D3011F01BF908B15A
:1092B00048F002082068807A022818BF032807D1E6
:1092C00038680D3011F00EF910B9396801F107094D
:1092D000002006904346E98E090905910022A88ED8
:1092E00004900020698E490803910296CDF80490FD
:1092F000CDF800A0A97911F0F9F8D5F89C01194929
:1093000088420CBF00210121A87911F0E3F8164929
:10931000AB790A682C204343134401221A73AB79BA
:109320000C68434323445A73AB790C68434323448A
:109330009A73AB790C6843432344DA73AB790968B9
:1093400010FB03F00844002101740820A97907B03C
:10935000BDE8F04F0BF0D3B8540F0020880E00206A
:10936000680F00204DE5011054420020F8B5534C21
:109370002168087B68B911F05DF82168096A0878EE
:10938000002804BF8888002840F088800021092038
:1093900082E005200BF0CDFF494D4A4E0020688049
:1093A00011F018F900F6C410009022683178D069E5
:1093B00001EB81010844C2888088824202BF424991
:1093C000087901286AD0414F0099386A0FF0F0F906
:1093D00068B1786A18B100990FF0EAF938B10098CD
:1093E000A86021680868BDE8F24010F0B1BB002019
:1093F00007F052F92530A87340F6C4122168CB69F2
:1094000093F802E096F800C0BEF1050F4CD1C0B24F
:10941000252804BF8CF0010030703078D1F81CE0B2
:1094200000EB80039E449EF803C097F805E06CF3C0
:10943000410E87F805E0D1F81CE0D1F810C0734464
:109440009B8802FB03CCC5F808C0C1F810C04300DC
:109450002B7438BB6874A8683578CB6905EB850533
:109460005E19F38802FB03023A62194A107888B148
:10947000887A022818BF03280CD1164D28680D30B1
:1094800011F030F830B928682368C11D0622181D74
:109490000FF0BEFF00210A2010F0D0FFBDE8F14020
:1094A00010F01EBD2020D5E70CEB8C0C634408693E
:1094B0009B8802FB0300A8600861CCE7500F0020E6
:1094C000E80B0020D80F00202C4200208C0A00203E
:1094D000880E0020680F0020F8B50468024694F852
:1094E0002800042801D0022834D14B484B49D4E944
:1094F0000B5657680FF02FFE397827200FF05AFAD5
:1095000028463146062203F083FFF8B994F83C0060
:10951000434E042804D156F84C0C41692720884753
:10952000404DD5F8800320F00200C5F880030220EA
:10953000C5F8FC02306841680620884770B14020B9
:109540002860802028600020C5F8FC024FF0FF351D
:10955000A56301E06FF006052846F8BD3068C168D4
:109560002046884794F83D004FF4E07200F00F0168
:1095700000F01000012908BF4FF4E27242EA406097
:10958000C5F84C010020616AC5F85011C5F85401B6
:10959000C5F85801012084F8410094F83C000428E3
:1095A00003D002200DF050FE616A3368D4E907024F
:1095B0001F690B46B84794F83C00022810D00428D5
:1095C00027D13068816919488847B0F1FF3F0EDD27
:1095D000D5F84C0180000DD520460FF0A5FF09E01D
:1095E00011484FF0FF3110F01FFBA56B0FE04FF05B
:1095F000FF30A063002084F84100A56B94F83D1073
:10960000C90658BF84F8420020460CF0F9FE002D30
:109610009ED10025A0E700BF60410020C5090100E0
:10962000FC01001004440240F83C002001000080CE
:109630002DE9F047012816D1DFF830A1DAF834011E
:10964000012813D10220CAF834010EF071F801206C
:1096500001240DF041FE60B1CAF834410EF088FFDC
:109660004FF0FF347FE06FF001047CE06FF0040402
:1096700079E09AF85A419AF859119AF85801002C51
:1096800018BF0124002918BF0234002818BF043471
:10969000012010F0A3F9013818BF01209AF8381101
:1096A000B1FA81F1490910EA010902D1002003F061
:1096B0007FFFDAF808002E4D10F0010807D12D4F7A
:1096C000286A8168384688470428F9D0064640460B
:1096D00010F0A5FAB8F1000F08D1012E04D1286AC4
:1096E00001214268234890470FF086FF28684169AE
:1096F000204688479AF8540118B14FF4806010F062
:1097000073F99AF8530118B14FF4816010F06CF9B5
:1097100019480121016003200021CAF834011748CB
:10972000016020460BF08EFE0128FAD1144E3068FD
:1097300004200DF0D1FD044612480125B9F1000FB7
:109740000560306802D1012003F032FF10F098FA72
:1097500008200DF0C1FD0443CAF8345118BF4FF082
:10976000FF340EF005FF2046BDE8F0870019002009
:10977000B801001000400340282008600C20084079
:109780002C2009400C4009402DE9F0475049487809
:1097900008B90EF001F910F01DFF8146002609F608
:1097A000C41900254B4CDFF830812DE00FF01CFE72
:1097B0000746787938B32168B879F2B2761C8854B4
:1097C00049463B685868D0F808A0384610F0AAFD12
:1097D00038680178402902BF07F182000178012929
:1097E00002BF41887A89914205D1B969C0880918B8
:1097F00038460CF0A5F9EFB2514638460CF01FF888
:1098000038460AF056F86D1C98F80010E8B2884205
:10981000CCD32F4F7878F6B2864205D000200EF0D8
:10982000BBF8822010F06AFE787801282DD100253F
:1098300000E06D1C98F80010E8B288421FD20FF0CB
:10984000D3FD064670790028F3D02168B0790A78F4
:1098500090421CBF00200EF09FF8B079FF2110F05D
:10986000E7FAF089B6F862114008884205D3307CE7
:1098700018B9B079012110F0FBFAB07925E0002089
:109880000EF08AF8822010F039FE7978206809F00D
:10989000F1FE06F007FD0446C0B2FF2805D1002006
:1098A0000EF07AF8822010F029FEE0B20FF09CFD55
:1098B000C189B0F862214908914205D3007C18B9EA
:1098C0000121E0B210F0D4FAE0B2BDE8F08700BFA9
:1098D000780E0020340F0020D40F00202DE9F8432B
:1098E0004E480278012A1CBF032A112A40F09380B7
:1098F0004B4F3878002110F021FE04003AD004F1DB
:109900005008D8F804004078810740F18480D8F8E6
:109910000060C00604D5B06C016801F1080525E0BF
:10992000F06E016801F108054FF49669287C032860
:109930000FD8DFE800F002050B084FF4EE690BE0EA
:109940004FF4C46908E040F6E86905E041F6F039F3
:1099500002E000200EF020F8B06B8144C6F8389089
:1099600094F845000228A8BFA6F85A00062010F077
:10997000D5FC00284FD0D8F80400017EC80740D598
:109980000B200FF029FF040037D01320207006228F
:1099900039786170A91C2878C0F38010A070E01C91
:1099A0000FF036FDE87B00F03F006072A97B802954
:1099B00018BF81290FBF7F211A4A1078091AA17296
:1099C000E11CA07810F0B6FDA0B1174F3968E01C7B
:1099D00010F0ACFDFF280DD01E213A684843135CFF
:1099E00043F00203A370062239684B1C1918E01CCF
:1099F0000FF00EFD2146062001E000210E2010F0A0
:109A00001DFDD8F804004178C8064CBFB06CF06E5C
:109A1000016800200871BDE8F18300BFC80F002075
:109A2000D50F0020C90F0020680F00202DE9F04F4E
:109A300087B0984617460E46054610F04DF80CF0D4
:109A40004FFD8146002006900FF06EFF02280BD3D9
:109A5000B9F1000F08D0D5B1681C08D10296CDE944
:109A600000784FF0FF3515E06FF004056FE0414AD4
:109A70004FF47A700023A5FB000112680FF06EFC12
:109A8000054651EAD07002D06FF002055FE0029601
:109A9000CDE900780DF0D0FE04AC00EB05080DF127
:109AA00017070DF11606CDF80C90D9F80400002127
:109AB0004FF000522B4602F0A7FC98B338463146CF
:109AC00022460AF0BFF8E8B99DF8170005A90DF085
:109AD0008BFBDDF8109048B99DF816B0BDF814A0C6
:109AE000029B4A46504659469847A0BB06A849469D
:109AF0000EF0DDF9DDF80C904FF00051D9F80400BC
:109B000008F0E8FD681E10F1030F08D80DF094FE70
:109B1000804507D0A8EB0000A84201D902E0284602
:109B20000546C2E701250FF0F5F8069E0EF050FF3E
:109B30005EB13246114652F80C2C002AFAD1D9F8FF
:109B4000082041F80C2CC9F808600FF075FC284675
:109B500007B0BDE8F08F009808B1A0F800A0019808
:109B600008B180F800B010980025C0F80090DDF82A
:109B70000C90D8E750CE01002DE9F047DFF8349182
:109B8000D9F840A0BAF1000F00F088800AF10C0269
:109B90000820FF2151FA80F0C3B21B1A18BF01231D
:109BA00012686AB163B11388A3F60303012B01D9CC
:109BB0000432EFE7DAF8100092E8FA003830FAC021
:109BC000DAF808200025DAE90A10CAE90A55B2B124
:109BD00010F0E2440CD021F00F0220F0E2434FF0ED
:109BE000000852EA030005D00FF030FEB04701E054
:109BF000884604460FF02AFE42462346B0470FF03F
:109C0000C3FE0446B9F8560001306FF31F30A9F8BF
:109C100056004FF6FD70AAF8300009F140008AF8AE
:109C200033500EF0BFFB204610F078F8B9F856001C
:109C3000B9F85410884231D11F48204940680D6856
:109C400030B190F8FC200720002A08BF052000E072
:109C500005204C6808F086FA55B195F8FC00002103
:109C600000284FF0000008BF286885F8FC1000E0CD
:109C7000002044B194F8FC200021002502B9256899
:109C800084F8FC1000E00025A84288BF0546681C47
:109C900004D02DB9BDE8F0470EF0EEBEBDE8F08768
:109CA00010F094F8B5FBF0F10548BDE8F0470FF06F
:109CB00029B900BF741F0020701D0020101F002054
:109CC000303E00202DE9F44F054686B0688888466E
:109CD00010F034FB4649841E0878A4B288B1454987
:109CE0008D4204D02022294642480FF091FB424F7A
:109CF0000594424EDFF80891DFF808A1DFF8F0B0D4
:109D000017E005F10807F3E75FEA08004AD1638925
:109D1000BAF80020D9F80010688810F0FBFA5FEA62
:109D200000083FD138884FF6FF7188423AD0401C76
:109D3000388005983189801E884233DB5FEA08004D
:109D400030D104A800903B79798838887A1D10F0CA
:109D500055FC040026D0608938802146BDF81020CB
:109D6000688807F0D3FD5FEA00081BD128790599C0
:109D7000D9F8003003908A1E92B20020029201901E
:109D8000CDF800A0BDF8102068882146FCF7F8FE49
:109D900080469BF800000028B6D0B8F1160FB3D16A
:109DA000002021E031894046C1B1728891FBF2F177
:109DB00031809BF8000050B10E4C217904F108006D
:109DC00010F048FC2022002120460FF017FB688885
:109DD000314610F09BFA38B1162005E0010008BFAB
:109DE0000A2006993A880A8007B0BDE8F08F00BFC4
:109DF000D74200204C40002054400020380C002066
:109E0000080F0020840F00202DE9F04104460E4683
:109E100090460FF0BBFE4649FF2808BF4F7804D09C
:109E2000444A13780969C318CF5C434DFF2F04D10E
:109E3000296851F8080F804713E0304600F050F8C9
:109E40000146FF2008F8020C22002E680CD156F8BB
:109E50003C4F434600223846A04770B140460EF0C2
:109E600060FD0120BDE8F081012CF7D13468434644
:109E700000223846A0470028F0D10020F2E770B554
:109E80000C000546164618D0280602D500F034F816
:109E9000804728490A78954204D320460EF041FDB8
:109EA000032070BDA4F10C010868002804BF887A63
:109EB000FF2804D020460EF034FD052070BD8D72C1
:109EC000012E1E48214602D10DF08EFF01E00CF05C
:109ED000ABF94FF40041284603F09AFE002070BD14
:109EE00010B580F08004042C02DB00F005F88047F8
:109EF0000F492144087910BD0F490A6852F8080F2C
:109F0000704738B50E4A0446106880470849054630
:109F1000C868844206D1084A0A491368086853F899
:109F2000241F88472846BDE83240074B1A6810476F
:109F3000E02200208DCE0100082400208C42002069
:109F40008422002084420020882200202DE9F04352
:109F500085B004460F469046994607F07AFB050007
:109F60004DD16A46012104200DF066FF70BB9DF8BB
:109F70000000FF2818BF404517D1404526D1B8F151
:109F8000010F18BFB8F1030F20D1062101A80FF06F
:109F90009BFE01AA062106200DF04EFFB0B9062255
:109FA000494601A80EF072FE80B90022002140F25D
:109FB0000940FBF787F805460022002140F21A40CD
:109FC000FBF780F8054318BF1E2055D12C4E86F8AC
:109FD0000080B8F1010F12BFB8F1030F484606F038
:109FE000CDF8284D2F70062010F0DCF9C1B201B970
:109FF000287825490870204610F084F905003AD1E8
:10A0000001A8002100220023002780E88E0030787C
:10A01000002818BF012802D101A900200EE010F08D
:10A02000D5FA1022FF210EF06DFC012808D101AAFB
:10A03000102102200DF000FF10B901A910F05EF907
:10A0400010F0C0FA102200210EF05CFC01280FD1A4
:10A0500001AA102103200DF0EFFE48B91022FF21C4
:10A0600001A80EF04FFC18B901A9012010F046F923
:10A0700020460AF09BFC284605B0BDE8F08300BFEF
:10A08000A90F002038240020392400200DF0FCBE48
:10A090002DE9F84F2DED066B1446D2F800800A68C2
:10A0A0001D4612F8010B66280A6008D1287E50B1BF
:10A0B00058F8040B0CF09CFB41EC180B0BE0E96921
:10A0C000087001206BE008F1070020F0070090ED18
:10A0D000008B00F108089FED360B51EC18BB584679
:10A0E000019159EC107B3A464B4609F08BF860B170
:10A0F0002869013828618DED028B9DF80F0080F0F2
:10A1000080008DF80F009DED028B9FED2B0B56EC20
:10A1100018AB5046314653EC102B09F091F820B1A2
:10A120000720E8602848E8613AE0504631460AF0E6
:10A130002DFF00900DF01CFA02460B4650463146AA
:10A14000FDF7BAFC9FED1E0B53EC102B01F07AFECD
:10A150000BF000FA0146686904220A2307F082FE28
:10A16000411E0A23E9612E2100F8011CD5E90412E1
:10A17000E869821A0A44009907F074FE01990646BC
:10A18000E86158463A464B4609F03CF828B1701E43
:10A19000E8612D2006F8010CEE696869801BE86013
:10A1A000C4F800800020BDEC066B01B0BDE8F08F64
:10A1B00000000000000000000000C0FFFFFFDF41C2
:10A1C000000000000088C340B4CD01002DE9F84F25
:10A1D0004FF00054002A994616460F46804618BF95
:10A1E0004FF080444D1C0FF0CFFB824635B1404606
:10A1F000394600220BF048F907460FE03C48816CD5
:10A2000011B10969414506D0C16C11B109694145D7
:10A2100003D0876B02E0876C00E0C76C37B197F919
:10A220003300B0F1FF3F03DD04245BE0032459E079
:10A23000DFF8BCB00A9DDBF84800874218D0DBF895
:10A240004C00874229D0404639464A462B4606F004
:10A25000ADFA0028E8D02748017E012941D0007ED0
:10A2600004283ED02448254928300FF021FE38E04C
:10A27000DBF84800002223460DF0C6FC0FF0A8FBD7
:10A280001F48002E18BF00F580300EF011F9F5B10F
:10A29000DBF848000FF0BEFC0CE00FF099FB18480B
:10A2A000002E00F100501CBF0120C2F202400EF04F
:10A2B000FFF865B1DBF84C000FF0ACFC38690E49D3
:10A2C000086291F8240040F0010081F82400B9F1FF
:10A2D000000F06D0DBF83810404601222B4606F06E
:10A2E00065FA832450460FF019FD2046BDE8F88F2B
:10A2F000741F0020701D0020101F0020020000406D
:10A30000010001042DE9F84F1D4600928B4681465D
:10A310000FF03AFB444A82464FF4A0600021012727
:10A3200005F1010C002392F86040602935D007FA4E
:10A3300003FE1EEA040F0AD0BCF1000F18BF9D42B5
:10A3400005D1561896F80A80B8F1000F04D02031D4
:10A3500000F580700133E8E724EA0E0401257372EA
:10A3600082F8604092F86240B572013482F862402F
:10A370009EB142F801902D49BBF1020F86F808B05A
:10A38000716011D0BBF1010F34D1591DB1740A2194
:10A3900031820A99896871612CE0FE2450460FF0E1
:10A3A000BDFC60B2BDE8F88F718A5A1D0A9B02F0AD
:10A3B0000F0221F4706141EA0221718221F0F8015B
:10A3C0005A7902F01F0241EAC201718221F4C041B0
:10A3D0009A7902F0030241EA423140F2036232828A
:10A3E00071824EF6FF721140DA7902F0010241EA01
:10A3F000023171820B9A42B111785278920042EA8E
:10A40000411108430A49084300E000200099B06167
:10A4100001B171600748416809B9C0F8049008F0BB
:10A42000F3FC747ABAE700BFE03A0020299F0100EC
:10A4300001000406701D00202DE9F8434248DFF8B2
:10A440000C910178424E05294FF0010802D01329E2
:10A4500059D073E03F49087810B100220A706FE0CC
:10A460003D4C608810F47F4FFCD03C4D37463C4E4D
:10A47000388001223B483060002105200AF03FF877
:10A480003888022835D94FF40061401A1DD00A38A7
:10A4900001281AD940F6F631401A032811D9801F35
:10A4A0000FD0C01E0DD040F2F731401A21D0401E0F
:10A4B0001DD0C01E1BD0401E012806D9C01E04D0CE
:10A4C0001CE0012008F0C5FE11E041F2064060806A
:10A4D000012006F0E1F82530A073356041F608014F
:10A4E0003888884224D1002008F0B3FE20E035608F
:10A4F0001EE000200DF050FA852017E000200DF03E
:10A500004BFA842012E003200FF0A6FCC0B1C188F2
:10A51000318011F47F4FFAD0114A1348106002299C
:10A5200003D94FF4C052891A02D185200FF0E6FFFB
:10A5300099F80000012103F06BFB01E04FF00008E7
:10A540004046BDE8F28300BFC80F0020C70F0020BF
:10A550009A0F0020E7420020E80B00206D930000D6
:10A56000480F0020756B0210FF5C01002DE9FF47CA
:10A570000F46814638880FF0BDFE04001CBFE0681E
:10A58000002879D0E188494560D10546288900280E
:10A5900079D0401EDFF800812A7F288180B2D8F868
:10A5A000001001EB0213D988884203D163212046B1
:10A5B0000FF09CFE686968BB78680178427801EB0F
:10A5C0000226D8F800102A7F01EB02125188B1420E
:10A5D00001D2052158E03A89B11C91426FF0010A7D
:10A5E0000BD151460DF0EEF978603E813A46207A63
:10A5F00049460FF077FE68B94AE030460AF052FE4D
:10A6000068612E83514678680DF0DCF978603889EE
:10A61000811E39816869A0B36B8B3A892E8B99189A
:10A620008E422CDBD8F8006095F81CC006EB0C16A7
:10A6300076888E4221DB796818440EF0E9FE688B3B
:10A6400039890918288B69838AB282421FD16088B0
:10A65000ADF800006A46696901914946288BADF85A
:10A660000800207A0FF03EFE10B1686906F07AFF0C
:10A67000002068612883688309E0052104E0042143
:10A6800002E0092100E0062120460FF027FE01200C
:10A6900004B0BDE8F08700BF140F00202DE9F041A1
:10A6A000414F04467878C8B1DFF80081B8F854000B
:10A6B000B8F8561088421ED008F1380120460DF037
:10A6C00082FE80B9D8F8480010B10069A04207D0D6
:10A6D00008F1400120460DF076FE03E0BDE8F08170
:10A6E000D8F8480038B1B0F9301020460A224FF0AF
:10A6F000E04304F08BFB0FF047F92D4D064628464A
:10A7000002C8A14208BF28460021016078780138BC
:10A710007870000636D17C60387E02280ED1082081
:10A720000CF014FB30460FF0F9FA04F150004FF032
:10A73000FF310FF079FA0FF027F9064605F12800EE
:10A740000FF0B4FB40460FF04FFB1A480FF0AEFB82
:10A7500008F11C000FF048FB17480FF035FB1748B5
:10A760000FF032FB1648416811B107F150008847DD
:10A7700007F128000DF00CFF1248807810B10D2071
:10A7800004F0EEFA7868A04204BF002078603046FA
:10A790000FF0C4FA04F150000FF084FB04F1B8008C
:10A7A000BDE8F0410FF010BB701D0020741F0020A9
:10A7B000101F0020B83E0020743E0020303E0020D4
:10A7C0009C23002084CC01002DE9FE430FF0DCF82F
:10A7D000DFF80C91804699F80100B8B14148032296
:10A7E00001688260C80711D03F4C20684168022090
:10A7F00088470190206841680120884702903B48C3
:10A8000001A91C3009F002FC0CF0D4FFD9F8045067
:10A81000EDB13649686A01AF01F11C06A96A8842A8
:10A8200019D2304639460AF0F3F9013011D0D5E992
:10A830000912E869541A08443946082C28BF08242C
:10A8400022460FF03FFB686A20446862E6E7002476
:10A850000CE0D5E909010024884207D309F104007E
:10A8600029460DF0A9F985F83240012499F8010034
:10A8700088B9D9F8040018B180680EF098FC0AE095
:10A880001A481C300EF0E9FF28B9194A4FF0FF3082
:10A89000012109F03DF840460FF040FAF4B1A868F4
:10A8A00000220168CA628A690AB10223137091F812
:10A8B0003030012B07D0022B10D101F134000FF002
:10A8C000F3FABDE8FE8322B1CB6800219847BDE8CA
:10A8D000FE830C69CA698B6A0021A047BDE8FE832C
:10A8E000E021002008800240CC010010A4210020BB
:10A8F00080A903002DE9F0410546880058BFBDE856
:10A90000F0810020002409F0F5F93D493D483E4F13
:10A91000CC61086040F60A008846B887FC8797F843
:10A92000480000F0F00087F848003C6497F84900C0
:10A9300000F0F000013087F84900284604F0B6FD29
:10A94000AC68012021460E46496849B10A88A2F642
:10A950000302072AF7D800FA02F212F0830FF2D0AE
:10A96000707B00F0F000707307F13C0070602748C6
:10A97000806B28B1C0680088A0F6030002281AD3B3
:10A98000284630F8381FB1B10021E963698738647F
:10A9900095F8440095F8451000F0F00085F8440063
:10A9A00001F0F000013085F8450097F8490000F00B
:10A9B000F00087F849000EF081FC1548F86197F81F
:10A9C000250030B10DF00CF90028FBD00AF0BAFADE
:10A9D0000BE001200FF002F8012806D0707B00F098
:10A9E000F000013070730B48F86100202146C8F870
:10A9F0001C00C8F800400120BDE8F0410DF0F8BD92
:10AA00000010044001010E04701D0020741F00207E
:10AA100015300000C54B01002DE9F04F89B0054607
:10AA2000129803F07004DFF80CA103F00F0B00285C
:10AA300018BF0120103C0392B4FA84F4640920404A
:10AA4000D4880290107A92886FF39F2400F03F0020
:10AA500024036FF39F2244EA00601044019004AE87
:10AA600088B2172857D3A1F10709EFB232461FFA6F
:10AA700089F43846214606F065F99DF81B8008F0F8
:10AA8000030002282DD1BBF1030F4FD80398007AA1
:10AA9000DFE80BF0140205109DF8181007E09DF890
:10AAA000181088421DD10398BDF81610C08888423E
:10AAB00004D016E004980199814212D1029878B32B
:10AAC0001298002183688289304609F048FF40B916
:10AAD000129BD8889A68196810449A880DF095FCE2
:10AAE000F0B15FEA487003D401208AF805000AE05B
:10AAF000BDF81E00844202D9A9EB0001B0E7384638
:10AB0000214609F0EDFF0020FBF72EF8BAF80610F9
:10AB10009AF80350A4E70399002088810A2006E0F0
:10AB2000039D96E81F001FC5002000E0042009B027
:10AB3000BDE8F08F903F002010B53448006808B1A0
:10AB40000EF042FE3248006808B10EF03DFE31487A
:10AB5000006808B10EF038FE2F48806808B10EF08A
:10AB600033FE2E48006808B10EF02EFE2C484068D7
:10AB700008B10EF029FE2B48006808B10EF024FE43
:10AB80002948006808B10EF01FFE2848006808B187
:10AB90000EF01AFE2648006808B10EF015FE254892
:10ABA000006808B10EF010FE2348006808B10EF0EE
:10ABB0000BFE2248006808B10EF006FE204800682F
:10ABC00008B10EF001FE1F48006808B10EF0FCFD50
:10ABD0001D48006808B10EF0F7FD1C4C216808689C
:10ABE00010B108680EF0F0FD206808B10EF0ECFD21
:10ABF0001748006808B10EF0E7FD1648006808B174
:10AC00000EF0E2FDBDE8104009F081BA500F0020BF
:10AC1000540F0020440F00200442002078420020FE
:10AC2000780E00205C420020340F0020980E002097
:10AC30009C0E0020A00E0020A40E0020A80E0020D4
:10AC40006C0F0020700F0020680F0020744200205D
:10AC5000400F0020544200202DE9F04387B0DFF878
:10AC6000F88081462025EFF3118085F31188D8F80C
:10AC700038501DB180F31188002569E0C8F838907C
:10AC8000364F80F311880020C9F80C104FF4803142
:10AC9000C9F81C20002BC9E91200C9E9080118BF36
:10ACA0001F46D7E90116C9F81810397B012905D1CB
:10ACB000C9E91060C9F8146030460CE0284A3146F2
:10ACC000002300250EF04AFBC9E910012549C9F807
:10ACD00014008E423CD897F800C00021DFF888E0CD
:10ACE000C9E91601C9F85410BCF1020F08BF0146AA
:10ACF000BCF1000FC9F8501001AB9EE8F5001946F1
:10AD0000F5C108F124001A4ACDF8089000901748C0
:10AD100008BF024609F1280014210DF06BFA054620
:10AD20002020EFF3118180F3118881F3118899F8C5
:10AD3000100010B948460AF04DF935B108F130005D
:10AD400049460DF033FF4D4602E00025C8F8385063
:10AD5000284607B0BDE8F083941C0020F4C701002A
:10AD600040420F003F420F00FCC80100A55E0100F9
:10AD7000A99601001EF0040F14BFEFF30981694684
:10AD80008869A1F1480214BF82F30988954621ED34
:10AD9000100BF1EE102A41F8082DEFF3118102B4E7
:10ADA00000B5DFF8D8E0F047374A1268116801EAC9
:10ADB000000010605DF804EB1EF0080F09D101BC23
:10ADC00080F311885DF8080BE1EE100ABDEC100B62
:10ADD000704704BC1EF0040F14BFEFF309816946ED
:10ADE000A1F1200114BF81F309888D464A604FF01C
:10ADF0008070C86125488861234B1B68186808600B
:10AE000040F201101860704702B401B4EFF31481EE
:10AE100000291CBF002282F3148802B402B4DFF8B8
:10AE200060E0F04701BC01BC00281CBF022181F397
:10AE3000148801BCDFF84CE0F0470F484FF0805118
:10AE4000016001BC80F3118800BF00BFFFF7FEBFA7
:10AE50001EF0040F14BFEFF30981694601F12001D0
:10AE600051F8080BE1EE100AB1EC100B14BF81F39E
:10AE700009888D46704700BF04ED00E015230100EE
:10AE80007D9D0100839D01004CCE010008AE0000B5
:10AE90002DE9FF413B4E96F8420100286AD101207E
:10AEA00086F842010EF0A6FD374F86F87001374D47
:10AEB0007868C6F86C01387B86F84101A86810F400
:10AEC000402F13D1386988B128686421C0F3066027
:10AED00000FB01F40EF07AFFB4FBF0F22C4906F10E
:10AEE000940000230CF050F90EF07EFB01AC2046DC
:10AEF0000EF06DFE2749A846002506F10C00002241
:10AF00000EF096FC20460EF062FE234906F150003A
:10AF100008220EF08DFC214A06F1D80032210023D0
:10AF20000AF00CFF1E4C1F4A06F1F4002C210023EE
:10AF3000256045460AF002FFD8F80800797BC0F387
:10AF4000815021B1032804BF012186F8391103285B
:10AF500003D040F00200022810D1206840F04000E9
:10AF6000206002200CF070F96868400702D40020CD
:10AF70000CF06AF9002004B0BDE8F0810BF090FB02
:10AF8000F2E700BF0019002098C90100AC4F005043
:10AF9000BD980100319F010001590100A922010063
:10AFA00090220840E98200002DE9F8431D46434BFA
:10AFB000DDF8208043F606061C68038814F0007450
:10AFC00011D0B34227D0B3F5C15F33D040F60206AB
:10AFD000B3423ED100F112030B60416911608169F7
:10AFE0002960C1692EE0B3420AD0B3F5C15F03D036
:10AFF00040F60206B34203D100F11203143002E01E
:10B0000000F11A031C300B600068106000202860FB
:10B01000C8F800004BE000F11A034FF000090B6084
:10B02000C1691160016A2960416AC8F8001000F125
:10B0300018011CE000F112030B6041691160416AC4
:10B040002960816AC8F8001000F1100190F80F9093
:10B050000DE000F11A030B60C1691160816A29607B
:10B06000C16AC8F8001000F1180190F8249028680F
:10B0700068B10E880EF0E3FB042808D8074606F0F6
:10B080000701484608F0E6FB296841F82700D8F890
:10B09000000060B10EF0D3FB042808D805464846EE
:10B0A000FF2108F0D7FBD8F8001041F82500002C4C
:10B0B00018BF01242046BDE8F88300BF9412005059
:10B0C0002DE9FE4FD0E90085994614460F46834688
:10B0D00013B10020C9F8000074B10EF055FC06460B
:10B0E00098F8070058B198F8E80070B130460EF0B3
:10B0F00015FE6FF008046CE06FF0090469E030465B
:10B100000EF00CFE6FF00E0463E000200121C8E990
:10B110003B74C8F8F440C8F8FC0088F8E810C8F898
:10B120003C0088F80D0088F80B00284601950EF0C9
:10B1300091FC30460EF0F2FD08F1D0060DF1080A40
:10B140000EF022FC0446304651460CF0E3F9D8F8E4
:10B15000F450D8F8FC10A842394438BF054602988C
:10B160002A460EF0AFFE304629460BF0D1FAD8F849
:10B17000F400D8F8FC10401BC8F8F4004819C8F8CF
:10B18000FC0020460EF0CAFD012D03DBD8F8F400C8
:10B190000028D5D10EF0F8FB0746D8F8FC0050B1D6
:10B1A00001980EF057FC584602F0B8FED8F8FC00A3
:10B1B00010B1002402E000206FF00F04B9F1000F7D
:10B1C00018BFC9F80000002088F8E80038460EF0E3
:10B1D000A5FD2046BDE8FE8F2DE9F0478046894653
:10B1E000C0B20EF001F905465FFA88F00EF09CFA45
:10B1F000064628684768687910B9FF20BDE8F087DF
:10B20000307CC0F34000002863D1364841780129E2
:10B2100040F6C41408D1344801680A7890451CBF30
:10B2200000200CF0B9FB56E0B9F1FF0F14D05FFA23
:10B2300089F00EF0D9F80068D0F80480B968D8F821
:10B2400008006A8E04FB02110DF0B2FA002842D108
:10B25000B968D8F808002CE0404606E04146484668
:10B26000FCF776FF484518D048460AF089FC81462D
:10B27000B9F1FF0F2FD05FFA89F00EF0B5F8006832
:10B28000D0F804A0B968DAF808006A8E04FB02114D
:10B290000DF08EFA0028E1D01DE0DAF80810B86849
:10B2A0006A8E04FB02000DF083FAA0B1B968DAF8E7
:10B2B00008000FF06FF8B16960F31E01706921F0AA
:10B2C000004220F000439A42B16102DA60F31E01AD
:10B2D000B161002092E7688EB169444364F31E01B6
:10B2E000F6E700BF780E0020340F0020F8B53B4889
:10B2F0000178012406296DD13949087818B1002256
:10B300000A700120F2BD374D688810F47F4FFCD0E1
:10B31000354E364F308001223548386000210620F6
:10B3200009F0EDF83088334E02283FD94FF400621F
:10B33000811A27D00A39012924D940F6F632891A10
:10B3400003291BD9091F13D0891E17D0C91E15D078
:10B35000491E0DD040F2F632891A27D0491E23D05B
:10B36000C91E21D0491E01290CD9C91E0AD022E0CC
:10B37000082009F0DEFF2048386022E0012007F0B5
:10B3800068FF11E041F206416980A97B25290CBFC5
:10B390002721491EA9733E6041F60801884210D159
:10B3A000002007F056FF0CE03E600AE000200CF0A1
:10B3B000F3FA852003E000200CF0EEFA84200FF071
:10B3C0009DF8062009F0B5FF0C480078012102F035
:10B3D0001FFC00E000242046F2BD00BFC80F002083
:10B3E000E7420020040C00209A0F0020480F0020A4
:10B3F000756B02107D1D011071A50010C70F002094
:10B400002DE9F0473948017808294FF0010868D143
:10B410003749087810B100220A7064E0354DA878E9
:10B42000FF2860D0344A3549354C364E11601C2710
:10B43000216878438A1C125A328012F47F4FF9D067
:10B44000002007F009F83088DFF8BCA0DFF8A890EA
:10B450004FF40061401A1AD00A38012822D940F668
:10B46000F631401A0FD0801E012884BFC01E01286B
:10B4700009D940F2FF31401A05D0401E012811D9E8
:10B48000C01E0FD021E0012007F0E3FE07E0206896
:10B49000AA78811C17FB02F741F20243CB53C9F88B
:10B4A00000A018E02068AA78811C17FB02F74FF46F
:10B4B000A050C853C9F800A041F60803318899424A
:10B4C00009D1002007F0C5FE05E000200CF064FA69
:10B4D00085200FF013F80D480078012102F098FB49
:10B4E00001E04FF000084046BDE8F087C80F00209B
:10B4F000E7420020780E0020480F0020756B0210F4
:10B50000980E00209A0F0020659E0100C70F0020B2
:10B510002DE9F843044648680D460178022918D100
:10B52000A9680A78042A14D12B7BD0E90162D4E9F6
:10B53000009828688968012B0FD1076883696FF02C
:10B540000800032F11D19A4208BF994213D0BDE8D9
:10B55000F8834FF0FF30BDE8F88383696FF008008F
:10B560009A42F4D15B00013302E09A42EFD15B00D2
:10B5700099421146EBD1244F386D426C30469047CA
:10B5800018B16FF00400BDE8F88320460DF004FA0E
:10B5900018B16FF00100BDE8F88328681B49826983
:10B5A000287B18B130460AF099FE02E0304609F0D7
:10B5B00039FC6FF02000C9F81050002615492246CA
:10B5C000C9F80400012089F8026089F8140028688D
:10B5D0000068012818BF042089F815000C480DF0F8
:10B5E000BAFD98F8001013200DF0E4F90A4806702F
:10B5F00002200BF029FE3868016913208847204695
:10B60000BDE8F8430AF05CB9B001001000620240E6
:10B610007C41002061690000EF2300202DE9F84FF4
:10B620003C4C3D4E3D4D42F62A294FF0010A4FF069
:10B63000030B00274FF00508D4F83C01062833D847
:10B64000DFE800F00433183B203D4B000F20F06092
:10B65000C6F810900AF0EAFB45F804AC55F8040C63
:10B660008007FBD5C6F81CA094F8390190B10120E1
:10B67000EF6210E02F60C4F83CB128688007FCD46A
:10B680000320DBE72F60C4F83C8128688007FCD4E6
:10B690000520D3E70320C6F800B0C4F83C012F60B2
:10B6A00029688907FCD4C9E7FEE70126022084F84F
:10B6B0003A610AF045F92E6009E0022000E003201B
:10B6C00084F83A0100200AF03BF90120286004F1D7
:10B6D0005000BDE8F84F0EF081BB002045F8040C87
:10B6E000286055F8040C8007FBD428688007FCD438
:10B6F0000B480025012105600A4801600D2003F078
:10B700002FFB02200BF008FBC4F83C5184F83B519E
:10B71000BDE8F88F0019002000400C4058600C4034
:10B720003C500C4004800C402DE9FE4F05460F466E
:10B730005818AE687168884202D96FF0030564E05A
:10B74000DFF8E8800C9C4FF0FF3199469246D8F81C
:10B7500000000EF069FAE00711D1A0071ED530688D
:10B7600051464A463844CAB110F8013B11F8014B22
:10B77000013A23409C42F6D06FF0060541E0D8E93B
:10B780000101CB4301EA090213EA090F18BF024481
:10B790003940284605F096F9054690BB3068029777
:10B7A000019607440AF00CF9CB4655460090BBF1D0
:10B7B000000F16D0BBF1080F5E4628BF08260EF01A
:10B7C000E3F880462846394632460DF00FF9044624
:10B7D00040460EF0A3FA2CB937443544ABEB060BC8
:10B7E000E5E7002400980CF0F3FCDFF84080DDE989
:10B7F00001210C9814B14FF0FF3502E0400707D447
:10B800000025D8F800000EF04FFB2846BDE8FE8F5B
:10B8100010680844B9F1000FF2D010F8011B1AF8B3
:10B82000012BA9F101098A42F4D0E4E78823002022
:10B83000B0B50C46880722D4600758BFB0BD354D5F
:10B840000120A87004200BF0FFFC33480068006B57
:10B850008047E8602D48806BF0B16968046961B188
:10B86000A1420AD094F82800400704D5636A204614
:10B87000042100229847012060766C600DE0FEF7FD
:10B880007BF92248006CE0B3214844F002012830E3
:10B89000BDE8B0400EF00CBB6C6860681F490078D2
:10B8A000086002200BF0D0FC102003F0A1F801206A
:10B8B00028761B48807810B90D2003F099F8686845
:10B8C000416818488A680AB9C96821B100218160B5
:10B8D000154940F8141C154907220A600168002127
:10B8E0000160426841601249124AE96101681143EE
:10B8F00001601A200EF07AFA1920BDE8B0400EF06F
:10B9000075BABDE8B04007F07FBA00BF741F0020D1
:10B91000101F0020701D00208C010010D021084055
:10B9200084CC01001410044051000706000004609C
:10B93000F5A80000024000402DE9F843092986B02F
:10B94000054616463CD131887088491E484395F813
:10B950002410491C85F8241080B271680A5C0844E0
:10B960004178287B012802EB012437D13088718887
:10B97000002748431FFA80F83780B946C1452DDAC1
:10B980007068718848444B1F421DA97C9BB205F129
:10B9900013000EF043FD70B1B94506D0706872888F
:10B9A00000EB090138440DF033FD70883188C71968
:10B9B000491CBFB23180708848445FFA80F9DDE7E6
:10B9C00030790A2818BF062802D195F8240090BBC8
:10B9D00095F82400401C85F8240074884FF6FF7009
:10B9E000844218BF002C26D0288A844223DA287B80
:10B9F000641C0128EC8112D1ADF800400221288A94
:10BA00008DF80410ADF80200032228218DF80520DE
:10BA10008DF80610694628880EF05CFC04E0288842
:10BA200005F10E010EF056FC287A47F2305106F06F
:10BA300055F8162000E0002007B0BDE8F0837047FD
:10BA4000FEB5D0E9005401A80DF076FD95F834005C
:10BA50003649374A384E085C95F83510515C354AFE
:10BA6000084395F83610515C2A6B40EA01033168AF
:10BA700020684F680299B847206840F2F272E16985
:10BA80002E4B2F4F426494F854209A5C94F8553012
:10BA9000FB5C1A430129426311D10146D4E90A2310
:10BAA00051F8307FFF2A27F4004718BF07F50047F9
:10BAB000FF2B0F6009D00A6842F4804208E001467B
:10BAC00051F8302F22F400420A600A6822F48042C2
:10BAD0000A60C16A41F01001C162016B41F00101CD
:10BAE0000163E16B09B3A16BF9B101210DF082FA99
:10BAF000D5F85801E16B40680068C162C0F80415D0
:10BB000091FAA1F17268B1FA81F153680222984763
:10BB10007068A16B02224368D5F8580191FAA1F12F
:10BB2000B1FA81F1406800689847FEBD44CE01003B
:10BB30007ABF010019CE0100D001001037CE0100FC
:10BB40001ECE01002DE9F04186B00768044697F843
:10BB5000A10000286BD00E46D7E92501884205D206
:10BB600015460DF0DDFB20B1002105E06FF00F0060
:10BB70005FE00DF009FD411EF86F0EF0B7F810B34D
:10BB8000F86F0EF01AF8304629460EF09DF807F1CE
:10BB900020080121404609F073FE07F18000CDE93D
:10BBA0000485CDE902660190F86F01A90EF0A1F8B5
:10BBB00060B10646F86F0EF005F916F1080027D1BE
:10BBC0006FF0110035E06FF0010032E0681E0109EE
:10BBD000404609F055FE204600210022002605F0CF
:10BBE000A3FA0546F86F0DF0EDFFF86F0EF0EAF8D6
:10BBF00015B32468D4F88810204684F8A1600EF0AC
:10BC000063F8C4E90866C4E90A66C4F894600EE003
:10BC100024680025D4F88810204684F8A1500EF03E
:10BC200053F8C4E90855C4E90A55C4F894506FF0B4
:10BC3000100006B0BDE8F081D7F894000130C7F8D5
:10BC400094000020F5E770472DE9F047A4B00DF00F
:10BC50009BFE33490A78012A04D124B0BDE8F0479D
:10BC60000EF05CB84FF0010981F800900EF056F824
:10BC7000FFF70EF9082002F0BBFE21AC20460DF0C4
:10BC80007BFCDFF8A0A0294A10212346DAF80C003B
:10BC9000229025480AF052F82548002501AE047884
:10BCA000244890F800804746A74213D8DAF80000ED
:10BCB00050F8271021F0FF0046F82700880707D426
:10BCC000F8B201F001010DF04FFC09FA07F005434D
:10BCD0000137E9E7184805601848C16801F44001D8
:10BCE000B1F5800F07D10068000E56F8201041F022
:10BCF000070146F820101248A4EB0802042306EBC3
:10BD0000880103EB820240EA88000EF0DBF80D4860
:10BD10002022016862F30D21016024B0BDE8F087A4
:10BD20002324002074CB01000C4100207953010032
:10BD300097C90100F9C80100D0200240A84F005067
:10BD400000100840003009402DE9FE4F4FF48040BC
:10BD50000DF02AFCA0B1354C35496068D1F81320AC
:10BD600009786FF39F5201F00401806842EA417143
:10BD700001AA01F01FFE6068816801200CF038FC08
:10BD80002E482C4F2C4D44F2020B00244FF0000A99
:10BD900000F14009BAF1020F3CD055F82A80D8F8DA
:10BDA0000000A0B3D8F8000080690DF0FDFB064646
:10BDB000D8F80000002332460BF026FF16F00A0FD9
:10BDC0001ED0D8F800008069B9686BEA000008400E
:10BDD000B860D8F80000C069396821EA000038600E
:10BDE0001020D8F800100CF003FCD8F800104846DA
:10BDF0000CF0E0F8002044F00204C8F8000006E06F
:10BE00002EB1D8F800000D4944F4804408650AF1C9
:10BE1000010ABFE724B10A48214628300EF048F84D
:10BE200004F018F9BDE8FE4FFBF78CBB701D002035
:10BE3000850300210C1004404CCD0100741F00202C
:10BE4000101F00202DE9FC4191EA03084CBF4FF080
:10BE500000484FF000084FEAC32545EA52554FEA23
:10BE6000C2264FEA43077F0D11BF45F00045002170
:10BE70000020BDE8FC815FF4E06E1EF1FF0E774507
:10BE800055D04FEAC12343EA50534FEAC0224FEA4C
:10BE90004104640D11BF43F0004300210020BDE8C0
:10BEA000FC81744543D0E419A3FB0501A3FB06E71D
:10BEB000A2FB06631EEB030E57F1000751F10001D0
:10BEC000A2FB05631EEB060E57F1000751F10001BE
:10BED000FF1851F10001C01951F100014CBF40F2AF
:10BEE000004E40F2002E10EB0E0051F1000148BF51
:10BEF000641C01D4400049415FF44077FF37E41BE4
:10BF0000DEBF00210020BDE8FC8117F58067BC4240
:10BF10000DD24FEAD02040EA41504FEA41014FEAAA
:10BF2000113141EA045141EA0801BDE8FC810020D9
:10BF3000FF21C900C91D090551EA0801BDE8FC81BE
:10BF40002DE9F84F054617468846F8B20DF04CFA31
:10BF50000446F8B20DF0E8FB82460EF03BFB81464A
:10BF600009F6C419002C1EBF002D6079002862D08C
:10BF700020686E684568A86849460EF00BFA40458F
:10BF800006D3A968B06840440CF012FC01280CD11B
:10BF9000E089B4F86211400888424AD2207C002827
:10BFA00047D19AF81B00C00943D1384609F0E8FD93
:10BFB000CDF8009002E0284609F0E2FD0546FF2D8D
:10BFC00039D0E8B20DF010FA8346E8B20DF0ACFBC0
:10BFD0008146DBF800004768B86800990EF0DAF98E
:10BFE000404506D3B968B06840440CF0E1FB012835
:10BFF00021D1BBF80E00BBF862114008884206D27E
:10C000009BF8100018B999F81B00C009D3D09AF812
:10C010001B00C0090DD1A07909F052FEE189B4F8E6
:10C0200062214908101A814203DBA07901210DF039
:10C030001FFF012000E00020BDE8F28F2DE9F04154
:10C04000384E0546B0780DF0CFF90446B0780DF0C3
:10C050006BFB07462068D0F80480287880281EBF34
:10C06000402800200BF098FC2F48002101704170FF
:10C070008170C170017141718171C1710172417230
:10C080008172C17201734173C17301618022827335
:10C09000717802290DDBD8F80800BA691018A0F5EC
:10C0A000965060F31E02BA61A079884238BF07F04B
:10C0B0003BF8002C1EBF1D4EF069002830D01C49F3
:10C0C0000868A1792C235943425C012A18D1A96937
:10C0D00041F42031A9610522A47913FB04F318442B
:10C0E000D021C0690CF0CEFF0622D42106F1100049
:10C0F0000CF0C8FF0020012186F82000F1740FE049
:10C10000A86920F42030A8610522D02100200CF07D
:10C11000B9FFBDE8F0410622D42100200CF0B2BFE7
:10C12000BDE8F081780E0020980C0020E83F002048
:10C13000544200202DE9F041056804464FF0FF30DD
:10C14000E8620DF021FC804695F83000042809D102
:10C150003249497831B1324903228A604A6822F073
:10C1600003024A602D4F6B692E4E00217A68B3425C
:10C1700004D01AB97978002918BF012100230428B6
:10C1800004D11AB17B78002B18BF012341EA0300C8
:10C19000012808BF0BF00EFB95F8320030B1404685
:10C1A0000DF0BCFD4FF0FF30BDE8F08195F8300098
:10C1B000042804D1381D29460BF00EFF03E0381D7A
:10C1C00029460BF0F7FE012085F8320040460DF0BD
:10C1D000A5FDFEF7F9FA246894F83000012811D083
:10C1E000022812D00428DDD10D4DD4E9090188427E
:10C1F00010D201200DF09BFD28688007F9D0FEF7D2
:10C20000E3FAF2E70020BDE8F081216A04F134008E
:10C210000DF00AFDE06ABDE8F08100BFE0210020DA
:10C220000880024080A903002DE9F0470C463149FF
:10C230008046344F154608688946800744BF2E481B
:10C24000C86000212D4801602D488246006838688A
:10C250008169272088472C4E2C49306B0840306379
:10C26000B06F20F48070B0673868016B4FF4806065
:10C2700088473868016B4FF4816088473868016BE4
:10C280004FF4C0608847224801210160C6F8804110
:10C290003160D9F80000800705D4681C08BF4FF052
:10C2A0004045C9F80C50DAF80000F0698007FCD569
:10C2B000072009F0A5F80228FAD1B8F1000F13D130
:10C2C000144C386A8168204688470428F9D0012830
:10C2D00004D1386A0321426820469047D6F81802F4
:10C2E00020F00300C6F818023868806BBDE8F047FC
:10C2F000004700BF10000940FD0000400C4009400D
:10C300002C200940B80100100C200840FFFFFEFE61
:10C3100028200860004003402DE9FC4706680446D9
:10C32000707A00286BD0D4F80490D6F85801D0F871
:10C330000480D9F83470204606F098F9706F20B365
:10C3400006F14C0528460DF0A7FD316F884221D239
:10C35000307902281ED0B06E002850D0204606F05A
:10C3600085F9346F28460DF097FD201AD6F868A09D
:10C37000B46F706728460DF08FFD0021F1740AEB51
:10C38000040108440190706F0CE0B06E10B1306F82
:10C390000028D5D106F14C0001A90BF0BBF8012112
:10C3A0007067F17458B30021B0F5806FB17384BF2A
:10C3B0004FF480607067012301990144013979606D
:10C3C0001049B96043F6F07101EB00100840B968FC
:10C3D0000843B860D9F83C10D9F8000091FAA1F2EE
:10C3E000B2FA82F203FA02F2D8F800309A61D6F873
:10C3F000582152681268916201210CF007FEBDE8D5
:10C40000FC8700BF0180000C2DE9F04192B01D4671
:10C410000446013B00200DF1280813F1030F0AD850
:10C42000324BCDF820800590039507938DF81800C6
:10C43000022301AE01E0032300260D962C4E0F903F
:10C440008DF83830CDE91012B0690C902020EFF350
:10C45000118780F3118820460CF07EFB10B187F322
:10C4600011883FE0002D3AD00121357A04F10C000B
:10C47000317221690A900B91C1F800800C98C0F8C4
:10C480002480C4F8108009F067FD0D9838B119496F
:10C490004A68016042601060486003F025FE87F33F
:10C4A0001188284609F076FD2021EFF3118081F3F1
:10C4B00011880D9939B10A684B681A604A68096891
:10C4C0004A6000210D910C9900224A6280F3118884
:10C4D0009DF838100F98002908BF084602E087F33E
:10C4E0001188002012B0BDE8F08100BFF570010096
:10C4F00068210020A81E0020F8B50EF06BF8374D1B
:10C500000446286800281EBF354E3078002801D127
:10C510000020F2BD29680A68107A002841D13278DB
:10C52000022A3EDB08460AF0EFF90DF04DF93078AB
:10C53000411E317035E00DF095FB296809684B6D9F
:10C54000D3F80320D1F810E022F07F4240F6C41364
:10C5500003FB02EE0B2790FBF7F70B2202FB170001
:10C5600080B24FF47A6250431EFA80F008610AE00C
:10C570000868827B012ADED10EF02CF829680A684F
:10C5800000F57A601061307802280ADB2868C168FB
:10C5900000680A68006911690CF00AF908B106F030
:10C5A00005FA28680168096920460CF001F900289D
:10C5B0002968DDD10A68107A0028ABD0536D094A8A
:10C5C000187810700868016D006988602A68106822
:10C5D0004268016D5160006DF2BD00BF68420020ED
:10C5E000E3420020D50F0020F8B53849044688788A
:10C5F0000DF09AF8054654B900200BF0CDF906E08D
:10C60000B17AFF2220460DF0ADFF0120307004F119
:10C6100076067079002856D070782D49152825D0D7
:10C62000182832D01A2802D0FD28E9D04BE0317802
:10C63000012912D1274AA37910682C214B43C11834
:10C640000879C8B13089401E308180B260B922219A
:10C6500020460BF0B5FB0120F2BD012120460DF074
:10C6600009FC3070F08830810020F2BD307801285C
:10C6700006D188780028E5D020460DF063FFC6E794
:10C68000152120460DF022FEEBE704F5C9777879F5
:10C69000002804BF3278012A15D1C87898B1B8793A
:10C6A000810608D500F0DF00B87100203A79A17941
:10C6B000134601F019F902203870012169772046EC
:10C6C0000DF040FFD0E70220F2BD00BF780E002041
:10C6D000980C00205442002070B50446C80711D1C0
:10C6E000880758BF70BD344C1C200021A0471D2076
:10C6F0000021A0471E200021A047304C304D1C20B7
:10C70000214638E02C4E1C2000211546B0471D2044
:10C710000021B0471E200021B047204605F0ECFC68
:10C720000646288840F60201244C884206D043F68B
:10C730000701884204D0B0F5C15F16D1E87B01E063
:10C7400095F82400400610D01C202146002202F05B
:10C750009FF81D202146B6F1FF3F22DD002202F0A6
:10C7600097F8611C1E20002221E0B6F1FF3F0FDD8B
:10C77000134D611C1C200022A8471D2021460022C9
:10C78000A8471E20214600222B46BDE870401847CE
:10C790000B4D1C2021462F22A8471D202146322266
:10C7A000EEE7322202F074F81E2021462F22BDE867
:10C7B000704002F06DB800BF699501000060002074
:10C7C00091E800002DE9FC41040004BF00200BF0BB
:10C7D000E3F83249324E08688047804694F84201B7
:10C7E00006F04CF9A06E38B30BE0017A032905D0AE
:10C7F0004079C10602D53078401C3070A06E0BF035
:10C8000073F8A06E0DF086FE0028EED1A06E0DF03C
:10C8100059FD00280CE0017A032905D04179CA06A8
:10C8200002D53178491C3170076804F09BFE38004E
:10C83000F1D1A06E0DF042FD1A4A1B491078087024
:10C84000206F80B10DF066FE07463D46A86818B11E
:10C8500004F088FE0020A86028680546BD42F5D196
:10C86000206F0DF02BFD307860B1A279ADF800207B
:10C87000ADF802000DF10202694601200DF01AFD2B
:10C8800000203070204602F06BFD204603F044F893
:10C89000064A116840468847BDE8F381842200209B
:10C8A000CD0F0020C60F0020D30F002088220020CB
:10C8B0002DE9F84F88463549354F054688781646A4
:10C8C0000CF032FF82463868002856D0B888B2791A
:10C8D00090421CBF4FF6FD7188424ED130894FF017
:10C8E000FF0928B9B879C10748BF4FF0010B0CD434
:10C8F0009AF81D10B879012904D1810748BF4FF07B
:10C90000020B02D4FF2838D1CB462248007B0CF022
:10C9100063FF040031D02570B1791F4A618010682F
:10C92000B179425C227196F89601607196F97410A3
:10C93000A171A4F80880B6F81C0160813189A18238
:10C940003068C16884F81CB08908A1610CF014FF3C
:10C95000050005D14FF0FF3184F80C90216109E00A
:10C96000287820730DF036FE0146A8680DF012FD00
:10C97000800820612046396888479AF81D00012800
:10C9800004BF00218AF81D10BDE8F18F780E002049
:10C99000800E0020782300206C4200202DE9FF4704
:10C9A00071B1D0E9004A0E4605460CF0EDFF34495E
:10C9B0000978012902D194F8A01031B10DF0AEF937
:10C9C0000027384604B0BDE8F087012184F8A010A4
:10C9D0000DF0A4F93178306910318842F0D8E8467A
:10C9E00040460CF089FD307D04F1300944218DF87A
:10C9F000000048460DF068F92746414647F8749F05
:10CA00003846C7F804A005F015F9B86088B3327845
:10CA100004F1800021460CF09FFF00272046C4E966
:10CA20000877C4E90A7731780DF04EF9012006F154
:10CA3000080384F8A1007068C4F8980030781030BA
:10CA4000C4F8900028460ECB00F076FCA8B1E06F49
:10CA50000CF0D2FE2D68D5F88810284685F8A17014
:10CA60000DF032F9C5E90877C5E90A77C5F8947081
:10CA700000E0002784F8A070A3E72F46A1E700BFDD
:10CA8000252400202DE9F8430F4616463878022861
:10CA900099464FF0000861D178680178089C407889
:10CAA00001EB0020A2B222B1B0F5285F0ED00B201E
:10CAB00059E04FF42851401A08D0401E21D0C01E22
:10CAC00028D0A23843D0233841D047E0099DF868E8
:10CAD0000DF020FA80B2A1B2ADB2421AAA42BCBF98
:10CAE000041BA5B26818162808DAA9F800502A46CF
:10CAF000F868014430460CF08BFC33E04FF00D0831
:10CB000030E0F86800880221A9F800103070000AAF
:10CB1000707027E0F868B8B10821A9F80010028801
:10CB2000327003881B0A73704188B1704288120A00
:10CB3000F270818831718288120A7271C188B17174
:10CB4000C088000AF0710DE0A9F800800AE0012019
:10CB5000A9F80000F9680A78327003E0A9F80080AB
:10CB60004FF001084046BDE8F28370472DE9F041DF
:10CB70008EB004464A1E002009AE12F1030F09D8F8
:10CB8000304A07960490029106928DF81400022212
:10CB9000684600E003220C908DF834202020EFF34B
:10CBA000118780F31188608A30B1608A0138608211
:10CBB000012087F3118841E000293CD0224801215F
:10CBC00004F1140590F808800172806946620B90A8
:10CBD00009F0C2F9A06909950A900660A6619DF85E
:10CBE0003400022808D119494A680C980160426053
:10CBF0001060486003F078FA87F31188404609F026
:10CC0000C9F92021EFF3118081F311880C9939B112
:10CC10000A684B681A604A6809684A6000210C91EA
:10CC20000B9900224A6280F311889DF83400002895
:10CC300018BF012002E087F3118800200EB0BDE884
:10CC4000F08100BF2771010068210020A81E00208C
:10CC50002DE9FC470C463249324E0746086890469B
:10CC60001D46804781461CB1002D18BF012D03D001
:10CC700031688847122050E02B4A1088404507D27F
:10CC80008A200DF01FFC316848468847302044E078
:10CC900038460DF0E3FC824620B1316848468847AB
:10CCA00050463AE0F8B20CF09FFB2049074608785E
:10CCB00038B901200DF0FAFA316848468847072054
:10CCC0002BE0401E08704246B7F88E1191420ED2FA
:10CCD000214638460DF0E6FA054620B1316848464F
:10CCE0008847284619E0204604F03CFC07E0102065
:10CCF00000902B46D2B2214638460DF0CFFA0CF008
:10CD00003BFD396800780A78824204BF38460DF04E
:10CD1000C1FA3168484688470020BDE8F68700BF61
:10CD20008422002088220020D0420020D30F00203F
:10CD300038B51446E0061D4603D502F09DFD06F009
:10CD4000C1F9600548BF0BF013FD60030FD50CF06F
:10CD5000F3FC012809D0FAF7E3FC012805D0F8F725
:10CD6000B3FD012818BF0BF013FD24F400242003A9
:10CD700048BFFCF7B3FD200203D5002005F06CFB93
:10CD800004E0A00344BF0120F5F7F8FE14F0030F00
:10CD900013D0FFF7EAFE0CF0D7FC01280DD0FDF709
:10CDA0004BFB012809D0FEF7A1FA012805D0FEF7B8
:10CDB00027FB012818BFFAF75BFF200405D51348AD
:10CDC00090F82010491C80F82010002C48BF0CF06F
:10CDD0000FFA15F0E24118D015F0045314BF0124E6
:10CDE000002420460CF043FF01280ED0204606F018
:10CDF00019FE012809D0204608F00CFA012804D0B9
:10CE00002046BDE8324008F029BA31BDE83F002095
:10CE1000F8B58AB0044602A82D4920220DF052F838
:10CE20001CB900200AF0B8FD50E02A4D2A482B4ECC
:10CE30002B4A446000212F68306857F8483F9847D4
:10CE40006168087B00F00F0002280CBF88680DF0B5
:10CE5000C1FB6169A06009B1204688476068214F25
:10CE600000880CF0EBFF089002A96068008806F0CB
:10CE7000BEF9616888680CF03FFC1B48007808F038
:10CE800058FAA0692D68002141F0E243CDE9000382
:10CE90006168306855F85C4F144B02AAA0476FF0E8
:10CEA000010538806FF00204A84218BFA04206D1E5
:10CEB00001200CF0ADFFB7F90000A84203D0B7F98C
:10CEC0000010A14202D101200CF0A2FF0BB0F0BD76
:10CED000F0C20100200F0020044200201C0F00209F
:10CEE000341D0020880F0020C80F0020ED9E010097
:10CEF0002DE9FC47324FDFF8CC90DFF8CCA0064696
:10CF00003868804731490A68B2180A60D9F80010B9
:10CF10008847DAF80040002C42D000250096386897
:10CF200080478046BDF802000026002804BF9DF817
:10CF30000100002807D122799DF80000824202D327
:10CF4000121A227106E06268009890423ABF121AE3
:10CF500062606660A08860B9E08860B9E068002817
:10CF60001CBF218900290AD0A07A00F051FEE06898
:10CF70006060A08808B9E08808B1208938B92068C5
:10CF8000002D0CBFCAF800002860264600E02546A8
:10CF90002468D9F80010404688471EB9002CBED13D
:10CFA000BDE8F387B088002804BFF088002803D1CB
:10CFB0003189B07A00F02CFE30460CF005FCEDE72C
:10CFC0008422002088220020AC420020B0420020B1
:10CFD000F8B516460F4605460CF0D6FC0446092F58
:10CFE0003AD8DFE807F00508111417313B1B4B2C2A
:10CFF000306828604AE001206876D5E90401603095
:10D000006031C5E9040141E0306868833EE0306882
:10D01000A8853BE030682249886037E01F482049F6
:10D020000025806B097E91BB88BB1E483168283083
:10D030000CF01AFC31681C480CF016FC26E020208D
:10D0400031460BF0D5FA21E0306801281BD018B921
:10D0500080200BF02DFD19E0032518E00F48104942
:10D060000025806B097E91B988B9316819200BF0D1
:10D07000A1FC31681A200BF09DFC07E030780649CE
:10D0800081F8600002E0802009F060FE83252046E0
:10D090000CF044FE2846F8BDE03A0020741F002042
:10D0A000701D0020101F0020B83E00202DE9F04721
:10D0B000804608F1480517460E46AA68B00702F1F7
:10D0C000A40408F12A0918D5E968487810F0030F7C
:10D0D00004BFB9F81C0000280FD1296869B992F87B
:10D0E0008A0000F0FD0082F88A000622EB6803F156
:10D0F0000C0120460CF08CF9A41D300708D5B9F8B6
:10D10000161004F8011BB9F81600000A04F8010B08
:10D11000F00608F1210A18D5B9F800103329B4BF78
:10D1200040200020E9689AF800208B7D591E02F00B
:10D130003F021043C9B2C7F30C07207047EA4137DA
:10D1400067703F043F0EA770E41CB00604D521466B
:10D1500040460AF052FA123470060ED50849094BBF
:10D16000C86B416908689AF8082002EB42028156B0
:10D170001A6892F9040041182170BDE8F08700BFD9
:10D1800038C20100400F0020F0B5314A046A516BEB
:10D19000137D0C61446A01F1200C032B0B704C6170
:10D1A000846A8C61C46ACC6190E8F000ACE8F0005D
:10D1B00000F1400400F110074C64F0CF01F1300C95
:10D1C000ACE8F000046B0C64446B8C64846BC06B43
:10D1D000CC64086519D8DFE803F002120A10156D57
:10D1E000C4B2106C936C55F824404C600FE01A48A0
:10D1F00080694860D0E90A3009E0002001E0154864
:10D20000C06D4860106C936C01E000200023926BAD
:10D21000C1E9020332B12BB110F8014B013B02F816
:10D22000014BF8E70D4802684A6590F824208A65AA
:10D2300090F82520CA65C28C0A66826A4A66C26A6C
:10D240008A66026BCA66426B0A67806B4867F0BDEC
:10D25000D81D0020941C00206821002004ED00E06F
:10D260002DE9F843314891464278FF24002A0E46C2
:10D2700059D048460DF05EF92D4F20B1396830463F
:10D280000DF054F904460025DFF8A88020E03A6844
:10D290001E2313FB04F31A441378994202BF01784A
:10D2A0005378994213D141789378994202BF81789B
:10D2B000D37899420BD1C1781379994202BF017991
:10D2C0005379994202BF40799179884229D06D1CE7
:10D2D00098F80010E8B2884225D20CF085F8417920
:10D2E0000029F4D000F59470FF2C8179CFD1494505
:10D2F00002BF017832789142E9D141787278914247
:10D3000002BF8178B2789142E1D1C178F27891423E
:10D3100002BF01793279914202BF40797179884226
:10D32000D5D1012000E00020BDE8F283780E002076
:10D33000680F0020D40F00202DE9F04F8DB0046855
:10D34000824694F8A10038B1D4F890009B469842E8
:10D3500005D24FF0FF3656E06FF0100653E09046CE
:10D360000E460BF0DDFF08B1002102E00CF00CF9D5
:10D37000411EE06F0CF0BAFC00B3E06F0CF01DFC36
:10D38000D4F890900027B9EB0B0138BF394601ADB6
:10D3900005EB0B000CF098FC284641465A460CF071
:10D3A00091FD4FEA9900B8420BD056F8271055F876
:10D3B0002720514045F827100137F4E76FF00106A8
:10D3C00021E001A950464A4603F0AEFE0546E06F53
:10D3D0000CF0F8FBE06F0CF0F5FC002685B1DAF8F4
:10D3E0000040D4F88810204684F8A1600CF06CFC52
:10D3F000C4E90866C4E90A666FF01006002000E080
:10D400000120C4F8940030460DB0BDE8F08F70479D
:10D410002DE9F04F89B00E46814601A820219046A3
:10D420000CF052FC202E08D0182E09D0102E0CBF64
:10D430004FF0010A4FF0000A04E04FF0030A01E048
:10D440004FF0020A0125234F234805FA08F47C60B7
:10D45000834600684169272088470320C7F8805326
:10D46000C7F88403C7F80053C7F88803B868824533
:10D4700018BFC7F808A0182E3C6008D101AE494675
:10D48000182230460CF01EFD3046202101E04846AF
:10D4900031460022002308F06FFC10480AF0AEFD70
:10D4A0000546DBF80000016A27208847DBF800000A
:10D4B0000169272088470020B0EB957F06D1786866
:10D4C000C04320FA08F000F0010000E0012009B09C
:10D4D000BDE8F08F00440240B0010010030000C01E
:10D4E00070B5254806680BF003F824480025244C45
:10D4F0000560206C806C80472248006838B1224863
:10D500000068B6F1FF3018BF304601F0D5FC1F4867
:10D5100040F2391205601E48016862F31B41016048
:10D520001C48016801F44051B1F5805F06D10168E3
:10D53000194A114001F5003202600160174D0126C1
:10D54000EE612068016A142088471548016841F49B
:10D55000E021016013482E60006800F44000B0F53F
:10D56000000F03D1206C416C0F4888470F480168B9
:10D570000029FCD170BD00BF1C1300508404604220
:10D58000B001001080012843800520438C21084011
:10D590004820034028000940EFFFFCFC0000244322
:10D5A00000200940B44F0050BD3786000C0068428F
:10D5B00070B5F8B1012858D101200CF00FFA0128FC
:10D5C00053D02D4C94F8380100284ED12848294ECC
:10D5D0000569306810F4402F30D17DB30AF0B8FFF0
:10D5E00050200CF0A4FB0120A84704F194000CF09B
:10D5F000F5FB25E00CF046FC1E48006810F4402FB7
:10D600000AD11B4804693CB11B4894300CF07AFBEA
:10D610000AF08EFF0020A047174C94F8380120B381
:10D620001648016821F0800101608021816003209B
:10D6300009F072FB002084F8380116E00CF026FC9B
:10D64000012084F83801306810F4402F00D14DB922
:10D65000207A800606D4094880218160016841F063
:10D6600080010160032009F0EFFD002070BD00BFC4
:10D6700098C90100B44F00500019002090220840C2
:10D680002DE9F84F04468A4693461E460CF0A2FF49
:10D69000FF2780464FF000092C4D8DF80060032CC9
:10D6A00005EB091612D1002171713CE0002C49D123
:10D6B000FF2F47D03F01E81908EB8B0101606A1D7D
:10D6C0000121D1552B1D03F807A03CE0200027D1F4
:10D6D0009DF8000001280FD17079E8B1A9F101038C
:10D6E0000A2093FBF0F00A2101FB10331B016A1D95
:10D6F0000020D0540121717131797079514503D1E5
:10D7000050B19DF80010E9B130B1316840460BF0DE
:10D710004FF840B100207071FF2F04D14F4602E056
:10D720003079504505D009F10109B9F10A0FB6DB8E
:10D73000BCE7022C07BF0020707108EB8B00306043
:10D74000304600E00020BDE8F28F00BFCC3700205B
:10D750002DE9F8432020EFF3118980F311882C483C
:10D760000068006B80472B4E4FF000082A4F0122C3
:10D7700086F85D8086F85C20D7E9104522462B4666
:10D780000BF0ECFDA0FB042300FB053301FB04318F
:10D79000746DC7E91221B168B268611A821A9142A8
:10D7A00005D986F85C8089F31188BDE8F883051BEC
:10D7B00089F311880020854206D304442D1A0120E4
:10D7C000214605F097FEF6E72021EFF3118781F35C
:10D7D000118896F85D1019B10020214605F08AFEE7
:10D7E000411C05D0411BB06D814238BF084600E0A6
:10D7F000B06D01190BF0B6FB002086F85C0001202B
:10D8000086F85E00B46087F31188BDE8F88300BF36
:10D810008C010010A81E0020483B00202DE9F04795
:10D820000F46814638780026022890461D4654D17E
:10D830007868089C0178407801EB00224FF4285367
:10D84000D21ADFF8A0A006D0521E29D0A53A42D0A5
:10D85000233A40D041E0F8680CF05CFB80B2A1B202
:10D8600088421BD3A0B2411916291DDAFB682A464B
:10D87000414618440BF0CCFD2D19F868ADB2C5F146
:10D880001602002140190BF0B9FDDAF8000000285B
:10D890001CBF0268002A21D0002119E007261DE0E4
:10D8A000A4B21CB9022D03D00D2617E00B2615E0FB
:10D8B00098F8000098F8011000EB0122F868028047
:10D8C000DAF8000000281CBF0268002A06D00121F7
:10D8D0004846904702E0032600E001263046BDE8B6
:10D8E000F08700BF404200202DE9F04104462D485A
:10D8F0000D46C179880616461F4650D52A494878F4
:10D9000001074CD5200004D057EA060004BF0126C9
:10D910000127DFF8988098F80010C1B108200AF0BC
:10D920000BFD00283BD0912101703E220C23427058
:10D930008370C4708580042E08BF03268671042F6F
:10D9400008BF0327C771014698F8000023E01120A3
:10D950000AF0F2FC18B301210170FF22427000F1BD
:10D960000801416004220A703E234B7006228A702F
:10D970004D710C22CA702D0A0C718D71CA1D511C7B
:10D98000042E08BF03261670042F08BF03270F704C
:10D99000014607480078BDE8F0410AF0D1BFBDE874
:10D9A000F08100BF280E0020200E0020DA42002067
:10D9B000D8420020F0B585B00D4600211446CDE9CF
:10D9C0000311CDE9011101A9009104A903AA02AB39
:10D9D000FDF7EAFA029F002F394618BF0121019E88
:10D9E0000140002E324618BF01221140002D10D4F4
:10D9F00011B3049840F22B2105806FF39F553846F0
:10DA00002A460AF0C1FB0398314604F0FBFD67602B
:10DA100010E0C9B104984FF0FF316FF39F552A46CB
:10DA2000018030462B210AF0AFFB0398314605F008
:10DA3000B9F9666015201EE0C8B104984FF6FF7270
:10DA40000188914214D110E078B16FF39F5503988B
:10DA50002B212A460AF098FBFF2806D004984FF0A5
:10DA6000FF3101801420656005E0032005E0049883
:10DA70000580658010202080832005B0F0BD7047B0
:10DA800070B5002408380528264D4AD8DFE800F094
:10DA90000F150306090C4FF4001039E04FF4801005
:10DAA00036E04FF4002033E04FF4802030E0286867
:10DAB000C10336D54FF480302AE01B4C206880B378
:10DAC0001A49086808B10CF0E1FB02200CF0DAFBFF
:10DAD0002068174E0BF078FE30680BF075FE0020C2
:10DAE000206030602A6890031BD5124908780BF03B
:10DAF00073FE040008D01049104B0A7822704FF4CE
:10DB00000030597A617003E00CF0B8FB4FF0004030
:10DB10000B490B682BB10B490A682146BDE87040E0
:10DB2000184770BD10020020D40E0020D00E002037
:10DB3000D80E00206C020020AD0F00202002002033
:10DB4000E40E0020E00E00202DE9F84304460026F4
:10DB5000002C894641D02C4F387888423DD3227919
:10DB600012F0E00F39D120460CF084FB012834D1AB
:10DB70003978264D89454FF4D07807D04E466A68EB
:10DB8000F3B218FB03F31A44507930B36868F1B26A
:10DB900018FB01F108444279012A2FD1F0B20BF0B1
:10DBA00023FC00F177033A78197911B1197801292A
:10DBB00002D0597E012903D1914507D03A2020E0B7
:10DBC00001680B78802B0AD0914506D13878F1B2E4
:10DBD000814215D28145D9D012E0122011E00021F6
:10DBE000625C4318491C052983F86120F8DB818EAB
:10DBF000C91DA0F8921001210BF06EFE761CE5E71E
:10DC00000020BDE8F28300BFD40F0020780E002072
:10DC10002DE9F04180462948294D07780E465FEAF4
:10DC2000086131D504200AF087FB040008BF0420F6
:10DC300042D04FF6FF70208066800BF0A7FFA4F162
:10DC40000C062049FF280FBF4F780969C0190F5CE7
:10DC5000FF2F07D120460AF064FE296851F8080F0B
:10DC600080470FE04046FCF73BF9FF21B1720146C7
:10DC70002E683568234600223846A847E0B1204682
:10DC80000AF04FFE012017E0B84514D20E4A106882
:10DC900080470E490E4B096831F81820164321F8C9
:10DCA0001860196888472A680A4852F8241F0068D3
:10DCB0008847002000E00320BDE8F0818DCE010000
:10DCC00008240020E022002084220020C4420020FA
:10DCD0008822002084420020F8B504462748807836
:10DCE0000226FF280D4604D00BF07EFB0089062893
:10DCF00042DB23490878052808D0062812D01128CD
:10DD000014D012281BD0132805D01DE01D4A11681D
:10DD100091F8246018E003200CF09EF8A0B190F870
:10DD2000B16011E0184801680E7E0DE017480078D8
:10DD300000210CF003FC38B190F8B86004E00CF05E
:10DD400089F808B190F8C660114F386821460AF08A
:10DD50002FFD08B9AE420FD20E4A1068804701214C
:10DD60000446397140F201400CF0DCFB0A4A1168AC
:10DD7000204688470120F2BD0020F2BD780E002029
:10DD8000C80F0020500F0020540F0020D50F002096
:10DD90002C42002084220020882200207CB5274EBF
:10DDA00005460C46306828B94FF0FF30002106F0D8
:10DDB000CFFB3060224B0BF06BFF022D1CD0052DEA
:10DDC00008D0042D28D130681E4B0BF061FF30685D
:10DDD000204B1AE030681B4B0BF05AFF30681A4B8F
:10DDE000022100220BF0A1F901208DF807009DF817
:10DDF00007000028FBD120E03068124B0BF048FFF1
:10DE0000012C30680CBF124B104B0221002202B0D3
:10DE1000BDE870400BF089B930680A4B0BF038FF51
:10DE200030680D4B022100220BF07FF901208DF8A4
:10DE300006009DF806000028FBD17CBD9C22002036
:10DE400094CB0100A8CC010084CB01005ECA010084
:10DE50002BC90100A9CA01006DC901002DE9F84FC5
:10DE6000984691468A4606460BF036FE0746382EFF
:10DE70000DD100250AF0ACFD83462648302D0BD08D
:10DE80004419E16851B1B94218D01035F6E7384667
:10DE900006F000FE044615E0002410E044F80C7F74
:10DEA000012020730020A0601C2000F049FD60606C
:10DEB00068B30021002209F0CFFE00E00C34584680
:10DEC0000BF0BAFA74B114480027051D0AF080FD62
:10DED000062F1CD035F8041C39B1B14210D00C35D6
:10DEE0000137F5E76FF002040EE0C5E9004A25F8B6
:10DEF000046C89F8007061680024C8F8001001E023
:10DF00006FF002040BF098FA2046BDE8F88F0BF092
:10DF100056FF00BFF0200020E83D0020F8B505685E
:10DF20000446D5F8F80000B1F8BD687966680228A3
:10DF300007D105F1D00069460AF056FAC5F8F80095
:10DF400009E0D5F8EC10D5F8FC20D5F8F400114420
:10DF5000C5F8F80000910028E6D031688A6B22F4F9
:10DF600000628A6395F84410C9060AD52F6C47B140
:10DF7000297A31B9AB6C204610210022B847D5F878
:10DF8000F800B0F5806F84BF4FF48060C5F8F800EA
:10DF90000099336B01444A1E3168B66B1A600E4A11
:10DFA0009A6043F6F07202EB001010409A6810433A
:10DFB0009860D5F8580140680068866208460221DA
:10DFC0000BF024F8287A0028AED120460121012642
:10DFD00009F0A6FF2E72F8BD018000C02DE9F843BC
:10DFE0002B4D0BF001FA29688046086830B1C8F85B
:10DFF0007010404606F0CAFE286847E00025254E0E
:10E00000254C0C27216807FB05F9494400200871BD
:10E010000222206848446D1C427170692168B8F87A
:10E020007A31407801EB09021818801DD0806B10FE
:10E0300005EB937020F00303E81A7843084410605E
:10E040007069B8F87A1140780818001D80B20CF099
:10E050000DF9216801F1080242F80900206800F179
:10E0600008014944086810B10868801E0860042D42
:10E07000C8DB0748016822680A600021036859600C
:10E080000268236893600268D1600068BDE8F2838B
:10E09000A00E002038C20100A80E00202DE9F84390
:10E0A000244E254F3368DFF89480DFF8949003F115
:10E0B000380C04460D46DCF8003020224146384634
:10E0C00098472146346854F8383F412248469847DB
:10E0D000294635681B4C55F83C3F1B4D41222046D4
:10E0E00098472A68194E52F8141F30468847184A34
:10E0F000D06B006C30607760C6F80890F460202127
:10E1000040460CF053FA2B68124853F81C2F006855
:10E11000114C314690472060202140460CF046FAD1
:10E12000206810B1002009F037FC206840B2BDE83B
:10E13000F28300BF280F0020340D0020540B002074
:10E14000540D0020640D0020240F0020940D0020A9
:10E1500038C20100580F00205C0F0020F8B52C4C8D
:10E160002C4E217805463078491D8842A4BF0020F6
:10E1700009F012FC2178491D1C22012D1CBF082D1D
:10E18000102D10D1B368002002FB00F45F1C3F5D2E
:10E19000012F04BF1F5DAF4203D0401C8842F3DB58
:10E1A00001E01819F2BD0023B46802FB03F73C44F8
:10E1B000607828B92778FF2F06D07068844203D191
:10E1C0005B1C8B42F0DB1EE000206060606125700C
:10E1D0000120607030787178401C2943C2B27170A0
:10E1E000012A1CBF802D402D00D17460F278307060
:10E1F00091421FBFF1700848426C002A1CBF806C1E
:10E2000090472046F2BD002009F0C6FB0020F2BD79
:10E21000D40F002004420020041D00202DE9FC4101
:10E220002A4D95F86100002844D000240026602C77
:10E2300040D095F86100F040C00702D1203401368B
:10E24000F5E7112095F8618000FA06F70BF09CFBCA
:10E2500095F86110B94385F861100BF05FFD28193E
:10E2600028D0817A31B31021194A2C59B14011EAD2
:10E27000080190F9091052F821804668CFB209D000
:10E2800003F080F8002079B200224FF00073009074
:10E2900020460EE0017A022902D1C17CC90601D4D0
:10E2A00003F070F8CDF8008079B2204600224FF0DC
:10E2B0000063B04795F8610028B106480021BDE829
:10E2C000FC410BF0F5BDBDE8FC8100BFE03A002049
:10E2D00094300440B83E002070B5012953D0044664
:10E2E000002942D128480121057A01722021EFF34B
:10E2F000118681F3118894F8201003292AD002296D
:10E3000014D0012922D12168E26C63681960616828
:10E31000236859601168914204D1A169C26822EA58
:10E320000101C160606A88B1C06808E0616A69B1D2
:10E330000A68C8684B681A604A6809684A6028B168
:10E34000016842681160416800684160204608F039
:10E3500087FA05E0206861680860606821684860A5
:10E3600086F31188284607F015FE216B481C0AD059
:10E3700006480029806818BF0846D4E90A21436886
:10E38000BDE87040184770BD68210020941C002033
:10E390002DE9F0412B4B012702462024187A1F72E9
:10E3A000EFF3118C84F3118854698C4202D18CF301
:10E3B000118841E01D6A002907FA01F705EBC10643
:10E3C00048BF03F12C0648BF002792F82050012DCA
:10E3D00026D1D2F800E0D2F84C805568C5F800E0AC
:10E3E000D2F804E01568C5F804E0D8F800504545B7
:10E3F00005D1D2F818E0DD6825EA0E05DD609D69DB
:10E400009542354601D1DE613568D5F804E01560E6
:10E41000C2F804E0CEF800206A60DD683D43DD60AC
:10E42000B1F1FF3FD66497615161DCBF0021D96132
:10E43000012119748CF3118807F0ACFD2046BDE86A
:10E44000F08100BF682100202DE9F04105462948F0
:10E450000E4601684A0203D42748C17904292AD00C
:10E460002968AA68086838B98B68936108460BF078
:10E47000ABF9002129601EE0D08A30B10BF0ACF975
:10E48000A968886108B9132032E0A8682C688769F8
:10E49000227942B1A16838460AF0BAFFA0680BF0B1
:10E4A00093F920790744D4F8008020460BF08CF9CA
:10E4B0005FEA0804ECD1A868104C017801F09F01D4
:10E4C0000170A86801780E430670A86801780A07F1
:10E4D00006D4C18A806905F0BDFC38B9012102E08B
:10E4E000207818B100212170352001E00020207033
:10E4F000BDE8F0811002002020020020EB41002046
:10E5000038B5264C2078092818BF0A2801D02120C8
:10E5100032BD40F201400CF005F8207809280DD1F9
:10E520001F49204B0A68188890801F4800780BF01C
:10E5300051FF002100200BF049FF2BE00A2829D1D0
:10E5400017481A4D02682B886888A988C318CB1809
:10E5500093806888D080A979802918BF81290FBF4E
:10E560007F21134B93F90000091A117211490878A1
:10E5700038B1002288680A7008B10BF025F90BF059
:10E5800065FC288801210BF021FF002002F0AEFF7E
:10E5900001F0D2F80020207032BD00BFC80F00206B
:10E5A000440F0020AC0E0020CA0F0020E40D002014
:10E5B000C90F0020EC4100202DE9F84384B005008C
:10E5C00089461446984608BF02204BD0B9F1020F85
:10E5D000A8BF182046DA0026244F1BE0B9F1010F2E
:10E5E00002BF687900F0C000402811D1062010FB5E
:10E5F00006F06A461021233009F01EFC10216846FF
:10E600000BF0D4FF694628460BF080FF012816D096
:10E61000761CF6B2F879864223DA386A0622294651
:10E6200000EBC6000AF032FB0028D7D0396A01EBB4
:10E63000C60293799945D1D18CB126700FE004B10F
:10E640002670386A00EBC601B8F1000F1CBF88794C
:10E6500088F800000C9810B106220AF0D9FE0020BC
:10E6600000E0342005B0BDE8F08300BF741A00203C
:10E6700050B5002200E0521C284C2678D3B2B34299
:10E6800006D231F823408442F5D101EB830050BD1E
:10E69000002050BD2DE9F04186B00E4614461F46BD
:10E6A000804603AB4FF6FF721B210BF043FE0200C6
:10E6B00005902ED0BDF80C10FF2000230290019190
:10E6C00000930DF11203DDF834C039464046E047AF
:10E6D0000546B8B97889ADF81000F10704D5009463
:10E6E00004AB42460E4909E00C99C9B2502008F02B
:10E6F000C7FF0190009404AB42460A49102002F083
:10E70000DDFB0546E8B228B11B2104A80BF0A2FFEF
:10E7100000E01525E8B206B0BDE8F081C10F002089
:10E7200091E20110F9C801102DE9F0410C460146B3
:10E730000078042847D1D1E901036AB12168A469AE
:10E74000032929D19C423ED121490A6821490968FF
:10E75000CC690021A0472AE004210170A569690065
:10E76000013199422FD1471C19482B4607EB050868
:10E770000268184841460068C6693846B047A16932
:10E78000054638460AF05EFB2068A169032810D1CF
:10E7900040460BF099FA0FE0B3EB440F13D10D4B49
:10E7A0000B4A01191B681268DD692346A847054614
:10E7B00002E040460AF046FB112D04D8064850F806
:10E7C0002500BDE8F0814FF0FF30BDE8F08100BFCB
:10E7D0003C42002000020010E8C0010070B50BF0C0
:10E7E0004BFA0BF00DF90BF011F9044600F00C0098
:10E7F0000C2803D100BF00BF30BF3BE060071ED430
:10E8000007F01EF9054600EB8000012146000120BB
:10E810000AF024F9864212D91C4CA5F11800606157
:10E8200004F10C000AF0CEFC00BF00BF0120FAF793
:10E83000FFFE00BF00BF002084F820001CE000BFE6
:10E8400000BF200715D40E4E0E4D30688168284653
:10E8500088470428F9D0B0FA80F004F0100140098C
:10E8600040EA11100BF010FB07480121016000681D
:10E8700000E030BF00BF00BFBDE870400BF000BA41
:10E88000D8010010004003402C200940001900204E
:10E890002DE9F84FFF2831D0264B0C4605464FF4A2
:10E8A000BE21AF0004F0020843EA80004158C9B21B
:10E8B000914227D121489A464FEA142947EA000697
:10E8C00083460BF061F80BF10101220C86F80090F1
:10E8D00039430A7046F00201220E0A700BF01EFA4C
:10E8E000B8F1000F02BF45EA0A0004F0010101700F
:10E8F0001148012181EA5801384316E04FF0FF30FA
:10E90000BDE8F88F00F5BE2024F0FF0162B9B8F130
:10E91000000F02BF2B4304F001041C70064B0124BE
:10E9200084EA58043B431C60114301600020BDE8A9
:10E93000F88F00BF00200240001A44420110084036
:10E9400070B510F1050F01D900244AE004460AF021
:10E950003FF825498860A0070A4624F0030000F12B
:10E96000080008BF201D112828BF043200241368A6
:10E9700000221D68B5F1FF3F07DD54B116682E4433
:10E980008642166012D22E4608E025F0004600248A
:10E9900004E0854208D201242E461A469D5933448C
:10E9A000002DE7D1002419E01A462E46002AF9D09E
:10E9B000331A042B08D3135040F0004313600B4B61
:10E9C000DC68201AD86008E0084B1068DC68201A60
:10E9D000D860106840F000401060141D88680AF08C
:10E9E0002BFD204670BD00BFF020002080220020BB
:10E9F0002DE9F041254E054637180AF0C5FF0446BB
:10EA000097F84A01411C87F84A1128B120460BF0BB
:10EA100085F90020BDE8F081DFF8748018F82570D2
:10EA200007F03F00142898BFFFF7E2FF08EB8500CE
:10EA3000458878B2B0F1FF3F0CDD78061FD4154849
:10EA40000068416928468847284606F0FBFC0128F3
:10EA5000FAD1DBE70F4E3068C16928468847306835
:10EA6000416A284688473068C16A284688470A486C
:10EA700001210160094801688907FCD5C6E706EB5A
:10EA80008500D0F8601101208847BFE700190020F9
:10EA900094C00100B8010010282008602820084018
:10EAA00010B5284C2168487E20BB00210C200BF0BB
:10EAB000C5FC2168086A28B1002101702068006A3D
:10EAC000F7F712FD2068006A00281CBF8188002922
:10EAD0000AD0012202702068416920200BF0C2FB9D
:10EAE00021680120487610BDBDE8104000210720B4
:10EAF0000BF0A4BC0220087600210D200BF09EFC38
:10EB00002168002048762068016A4A78022A0ED1DE
:10EB1000C0694078002818BF022804D10A4800685C
:10EB20000BF074FC03E0094800680BF097FB2068C9
:10EB3000006A0178012903D1BDE81040F7F7D4BC81
:10EB400010BD00BF500F0020700F00206C0F002080
:10EB50002DE9F041264D0E4629688CB0044611B9C6
:10EB6000002008F019FF2146224C234F3246266828
:10EB700056F83C3F214E68469847306880478046AB
:10EB800028686946FBF782FA044639684046884798
:10EB900014F1100F24D1202104A807F0EDFE10B1CC
:10EBA000002008F0F9FE306880478046286800237E
:10EBB000002204A9FEF7C0FB044639684046884796
:10EBC00014B1002008F0E8FE306880470646286847
:10EBD0006946FBF75BFA044639683046884703E02C
:10EBE00014B1002008F0D8FEE0B20CB0BDE8F0810E
:10EBF00070420020280F002088220020842200205C
:10EC000038B52849087884B008B1012048E00BF0F5
:10EC100021FB0BF0DBFC03460022002100200BF05F
:10EC200005FD0024204D34E0286A0622FF2100EB78
:10EC3000C40009F067FE50BB062010FB04F06A46D2
:10EC40001021233009F0F8F808BB1022FF21684694
:10EC500009F058FED8B910220021684609F052FE8A
:10EC6000A8B9286A00EBC401002388796A4600F03D
:10EC700001000BF0DBFC296A01EBC401C879C20674
:10EC800005D48879012200F001000BF0DBFB641C45
:10EC9000E4B2E8798442C7DB044A00211170002005
:10ECA00005B030BDAA0F0020741A0020EB420020EE
:10ECB0008B4208BF824207D9009A002A01D0106017
:10ECC0005160002100207047002B08BF002A10D19E
:10ECD000009A002A01D01060516002000B00002150
:10ECE0000020002B08BF002A1CBFC943C0430BF003
:10ECF0001DB9F0B51C4615460B4602460020002102
:10ED0000B4FA84F6202E04BFB5FA85F62036B3FA9D
:10ED100083F7202F04BFB2FA82F72037F61BB6F133
:10ED2000200727BF05FA07F400257F42B4403EBF05
:10ED300025FA07F73C43B540A34208BFAA4201D3D6
:10ED4000521BA341404149416D0845EAC47564081E
:10ED5000761EF1D5059F002F01D03A607B60F0BD93
:10ED6000F8B5254F05463E180AF00EFE044696F803
:10ED70004A01013886F84A01000637D11F4810F9C8
:10ED8000251000EB85004588CEB2B1F1FF3F0CDDC8
:10ED900070061FD41A4800688169284688472846AB
:10EDA00006F02EFB0228FAD11AE0154F3868016AE6
:10EDB000284688473868816A284688473868016B42
:10EDC000284688470F48012101600F4801688907DC
:10EDD000FCD505E007EB8500D0F8601100208847DE
:10EDE00006F03F00142898BFFFF7BAFF20460AF04C
:10EDF00095FF0020F8BD00BF0019002094C001005D
:10EE0000B801001028200860282008402DE9F041B2
:10EE1000002918D41F4615460E4604460AF076FA15
:10EE2000804620463146802206F02EFB20B1064661
:10EE300090F9330000280AD440460BF03BF800213B
:10EE40000220BDE8F08100200021BDE8F081D6E974
:10EE5000080145F00A0547F0E047284039400843DB
:10EE600010D040460BF026F8D6E9082303EA070144
:10EE700002EA050042404B40C4E92C01C6E90823E0
:10EE8000BDE8F081B1680B48814203D0B168C4F895
:10EE9000A810B0604046C4E928570BF00BF804F105
:10EEA00050004FF0FF310AF0BFFED4E92C01BDE85D
:10EEB000F08100BF8D310100F8B504462148224E93
:10EEC0004168890705D40168F02242EA114186F8B9
:10EED0004D101E494FF001221E4F0A601C4909883F
:10EEE00039680968856828468847A80105D4E8017B
:10EEF00003D5307840F00200307038682946426807
:10EF0000204690471448154A0068C0F30531117037
:10EF1000C1054FF0130158BF2321402373543821FA
:10EF200001EA901000F56050A2F85C003868816832
:10EF300028468847022007F00BFB094801210160A1
:10EF4000F8BD00BFAC4F00500962084004A40C405B
:10EF500000A00C40F00100100C1400500EB00C404A
:10EF60009404604238B50546297802291CBF002068
:10EF700008F012FD20480021018041808180C1807D
:10EF8000018141818181C181017441748174C174A5
:10EF900000244461284603F0CBFA1849087818B1D8
:10EFA000A86940F48020A8611549487880B91548BF
:10EFB0004169C97F01F00F01022909D14169426904
:10EFC000D27F02F0F00242F00102CA7741694C623E
:10EFD0000D49C86948B10522D02100200AF052F835
:10EFE0000622D42100200AF04DF808490C80BDE823
:10EFF00031400AF096BF00BF680C0020880E002048
:10F00000780E0020E80B0020E83F0020D2420020CC
:10F0100038B5274C049D207022726372E171A5728D
:10F02000C8000AF0C9FB2062D8B1E279D200002101
:10F030000AF0E4F9E0790AF0BFFB606208B9206ADF
:10F040000DE0E2791B4D00210AF0D8F9E0790AF0D1
:10F05000B3FB286050B9206A0AF0B6FB606A0AF078
:10F06000B3FBBDE83240042008F096BCE2790021F1
:10F070000AF0C4F904F1E8000BF0E8F82178062062
:10F0800006F01EFD0C480AF02DFDF1F769FF2A6815
:10F09000E179052008F0D0FE48B1E179002004E0D4
:10F0A0002B680A1A521E1A54401C8842F8DB31BDE4
:10F0B000741A00207C420020DC2300202DE9F34F4D
:10F0C0009246234A234C8146106881B01E468047F1
:10F0D0005FEA090103D122689047022035E01E490A
:10F0E0000C9FDFF878B00091002580465BF8350072
:10F0F000B0B9F8B201280CBF194B1A4B0120DDF84A
:10F1000000E00F2295FBF2FCCCEB0C11691A884051
:10F1100081B2BEF8000060445246C0B2984718B1B0
:10F120006D1C0F2DE2DB0CE002994BF835900BEBD8
:10F13000C5024046516006B13570216888470020FD
:10F1400003E02168404688470820BDE8FE8F00BFE5
:10F15000842200208822002020240020683A0020F9
:10F1600065620100B95701002DE9F843214D224C99
:10F17000224F234E2870984622480170227038781A
:10F18000C0000AF019FB0100306031D020784FF642
:10F19000FF7978B938781C4C80000AF00DFB01002B
:10F1A000206004D13068BDE8F2430AF00DBB484648
:10F1B00007F08AFC3168002006E021F8309001EB6E
:10F1C000C00300225A60401C3A789042F5DB5FEAA7
:10F1D000080008BF05200BF035F828780BF02EF852
:10F1E0000A480BF027F82878BDE8F2430BF01EB868
:10F1F000BDE8F183B40F002031240020C10F0020AE
:10F20000000F0020D7420020484200208DFE000061
:10F210002DE9F843044624480D4601780129164695
:10F22000984608D121480188491E018089B211B948
:10F2300001200AF0F7FFDFF8789099F80000FF2727
:10F2400078B10C2009F078F848B3902101700222BF
:10F25000477044800271C6808560014699F80000BD
:10F2600019E0082009F068F8C8B101210170477061
:10F27000691F416002220A7041684C70240A41688B
:10F2800044EA08148C704268D670360A41680E71E0
:10F29000014608480078BDE8F44309F051BB284610
:10F2A000BDE8F24302F05EB9B70F0020860F0020E0
:10F2B000D9420020D84200202DE9F04106460AF04C
:10F2C0005BFA044630460BF0C9F9010035D1F0B2C3
:10F2D0000AF08AF8050014BF002C02202DD018492E
:10F2E000184F0868804780462078802811BF402842
:10F2F00015498A78964214D140F201400BF012F978
:10F3000005F21710012116220170427021780F4872
:10F31000402902D10E4A026001E00E49016001213C
:10F3200003E00D4806804FF400613878FEF770FC6A
:10F330000A4A1168404688470020BDE8F08100BFB6
:10F3400084220020C70F0020780E0020480F0020E4
:10F350005F890100659E01001C2400208822002096
:10F3600070B5254E326804462C25A17902F11C00A7
:10F370006943405808B10AF027FAA1793068694317
:10F380000144886A08B10AF01FFAA179326869431A
:10F39000505C00281EBF194BD869002803D00023F9
:10F3A00053540AF053FDA379306815FB03F52C2262
:10F3B000002128440AF022F811480078082818BFD4
:10F3C000072803D1A179012205F099F860790D4D44
:10F3D00040B100216171687808B908F0DDFA6878F9
:10F3E000411E69702878401E2870C0B208B9FF20FD
:10F3F000A8700021217170BD54420020E83F002018
:10F40000C80F0020780E00202DE9F041054608695C
:10F4100068B32C6890460E46204608F0A7FD0746C4
:10F42000002840D194F83F0030B1206909F0FEFC7B
:10F4300000B3012084F840004FF0000C84F83D80B8
:10F44000A66104F12802C4F838C0D6F800E09EE8AE
:10F450008B008BC2D6E90313D6E9010204F11C0626
:10F460000DC651B1204610220AF02CFD09E04FF0E4
:10F47000FF3718E06FF0010710E0C4E900CCC4E9E1
:10F4800002CC2846FAF728F860B1074694F8400005
:10F4900048B10AF067FA002084F84000002084F8A0
:10F4A000420000E000273846BDE8F08110B586B084
:10F4B0000146427E8068002343F606040593CDE9A9
:10F4C00003330293438003881C1B022C10D3B3F533
:10F4D000C15F03D040F60204A34212D1038A002A7E
:10F4E00023F4FE6312BF038243F43472028208E005
:10F4F000038B23F4FE630AB1038302E043F4347206
:10F50000028300224A7602A9009105A904AA03AB4E
:10F51000FBF74AFD28B105984FF6FF710088884235
:10F520000ED0049C0299204603F06CF8074801684D
:10F5300021B1204606B0BDE81040084706B010BD16
:10F54000049C0299204603F02DFCEFE79C23002049
:10F55000F8B51546044625480E461168D268AF69CD
:10F560000068002F18BF3846216120636261D5E929
:10F570000421002908BF4FF4007162B1D31D11446A
:10F580004FF0FF3023F007032063C91A21F0070171
:10F59000C4E90A1308E00731082221F00701A1623B
:10F5A00006F016FDE062F0B1D5E9010104F138037F
:10F5B000EA69666307C395F8200084F8480018B12B
:10F5C0000B4841690131416100206065204601F02E
:10F5D00015FF08B10320F8BD054804F1080109F042
:10F5E000E5FA0020F8BD0120F8BD00BFCC420020A4
:10F5F0006821002070B505460C0018BF002A12D003
:10F60000507980B190790AF08FF806465DB920787C
:10F6100002280AD11D48016891F82400717B8142BB
:10F6200001D203282FDB002070BD10280AD103204F
:10F630000AF012FC30B190F8B100717B814201D226
:10F64000032820DB2078042803D111480168087EB4
:10F6500006E001280AD10F4801680A6892F8B8004C
:10F66000717B8142DFD20328DDDA0CE00828DAD191
:10F670000AF0F0FB0028D6D090F8C600717B8142DA
:10F68000D1D20328CFDA012070BD00BF500F002077
:10F69000540F0020684200202DE9F84F00248046D6
:10F6A000002100220460684601F03CF8204DDFF89C
:10F6B00084A081464FF0FF374FF0190B0020602CDB
:10F6C0001ED02A19917AB9B1107A022816D0DAF828
:10F6D0000400418B0069084495F8621011FB0B018E
:10F6E000506907F0E9FE06460AF070FBB6FBF0F041
:10F6F000B84238BF074601202034E0E70120002748
:10F7000009EA0001012904D10099B94238BF0F4626
:10F7100006E0B9F1000F01D0009F01E0C10701D060
:10F72000C8F8007040EA090000F00100BDE8F88F59
:10F73000E03A0020701D0020F8B58AB002A81C49EC
:10F740001C4C20220AF0BEFB0026CDE900661A48B8
:10F750001A4E3768006857F8605F002302AA2146F6
:10F76000A847174AC2E900016188ADF80010BDF84A
:10F7700000000028F9D0B1F5A05F05D0002008F006
:10F780000BF989200AF0BAFE0E490F4BC8680F4CDE
:10F790004288187802432280C8680078810643BFF7
:10F7A0000B480068400A00200A4908700BB0F0BD01
:10F7B000F8C10100EC0A00201C0F0020200F0020DF
:10F7C000600E002038C20100C40F0020A00F0020EE
:10F7D00080130050C90F00202DE9F0411D4FDFF8C4
:10F7E00078801E4D0646202140460AF08DFB3B687E
:10F7F00003F13804202223684146284698473146C1
:10F800003E68174C56F83C3F164E4122204698471A
:10F810003268154F52F8101F38468847134AD06B8C
:10F82000006C38607D60BC6039463368104853F81E
:10F83000182F00680F4D9047286010B1002008F085
:10F84000ABF8202140460AF0B1FE286840B2BDE87E
:10F85000F08100BF280F0020540B0020340D002041
:10F86000440D0020240F0020F00D002038C20100BC
:10F87000580F00205C0F00202DE9F84309F07CFFB1
:10F88000040004D1BDE8F243002008F085B80AF076
:10F89000C5FC814620786768FF26FF250128A84619
:10F8A00018D0402818BF802821D11949887809F03C
:10F8B0009BFD58B3796990F89681BE7B4868002813
:10F8C0001EBF4A68106800280FBF002548680168FD
:10F8D000CD880CE00F4801680968486D4278D3066E
:10F8E00014D4B1F8465091F8216090F81680FF2E9C
:10F8F0000CD0B9F1010F09DB33465FFA89F24146BA
:10F90000E8B201B0BDE8F043FEF7B9B8BDE8F18355
:10F91000780E002068420020F8B504001FBF25685B
:10F92000002D2878FF283CD0012803D10AF072FC72
:10F93000002836D12878012802BF1A4E30780128D5
:10F9400006D1194F386809F03FFF00203860307049
:10F95000002222606A702878144C402818BF802842
:10F9600002D107F079F818B961782878814361707D
:10F97000207800281FBF401E2070C0B2002803D18D
:10F9800000220B4962600A706178E07881421FBFF3
:10F99000E1700848426C002A03D0BDE8F840806C52
:10F9A0001047F1BDE34200206842002004420020DD
:10F9B000C80F0020041D002038B507F04DFD234876
:10F9C000017805291FD00E293BD011293DD1204DAA
:10F9D000287800210AF0B2FD04001CBF606D0028E9
:10F9E00033D0E17A007E002908D1C1062DD5294601
:10F9F00000200AF023FD0120E07231BD810624D5EC
:10FA00002946022016E0134C2068017E19B1022914
:10FA100014D00DD331BD026A51880A204143202001
:10FA20000AF020FC2168012008760021082001E06E
:10FA300000210B20BDE834400AF000BD0121017611
:10FA400031BDBDE8314000F0F0B831BDC80F002035
:10FA5000D50F0020500F00202DE9FC47D0E901A769
:10FA600089469046B968DAF804000AF0DDF808B172
:10FA7000BDE8FC87002209F10104398AF868009288
:10FA80001A4A234609F088FBC8451949054688BF2C
:10FA9000C14644F21B5809F10209F8684C45284454
:10FAA00014D2A0F804800160AA1D388A801A0728A1
:10FAB00009D80E46F968DAF800000023002509F09D
:10FAC000DAFE314600E015460134E6E743F61B0155
:10FAD000AA1C00230180F968DAF8000009F0CBFEC7
:10FAE000DAF80400BDE8FC470AF0DEB9A4CB010057
:10FAF0001B5B324BF8B590B004460D4608A8204970
:10FB000020220AF0DFF99DF815009DF81410ADF8D9
:10FB1000165040F6030600F0F000ADF8086040F023
:10FB20000100184D8DF8150000232E6816488DF839
:10FB30001A400027CDE9007301F06001ADF80A70AA
:10FB4000039704978DF81410ADF818708DF81B709A
:10FB50000797006856F8604F08AA02A9A0470B4A09
:10FB6000C2E90001BDF80A00B0F5806F05D00020A1
:10FB700007F012FF88200AF0C1FC11B0F0BD00BFF1
:10FB800018C20100200F00201C0F0020600E002072
:10FB9000F8B50668054609F0F7FE0446F07AA0B10C
:10FBA000307A68B1686809F077FD0028FAD0686893
:10FBB00009F04AFF002001213072284607F02DFF8E
:10FBC0002046BDE8F8400AF0A9B80120F0722846A6
:10FBD00000F038FF7179022908D1D6F8FC10081A14
:10FBE000C6F8FC0006F1D00008F07EFF96F8E800A9
:10FBF0000028D5D0707920B906F580700AF054F944
:10FC000070790128CCD10020C6F8F40086F8E8000D
:10FC10006FF00D00B36CD6F8EC10D6F8FC20D6F8D7
:10FC2000507100902846B847BAE770472DE9FC416B
:10FC3000204F0446786808B18047B0B3F868BA69C5
:10FC400061030AF07AF8012500282FD41A4904EB41
:10FC5000440001EB8006F07DFE2838BF451C1748A4
:10FC600000210423F57540EA0520019001AA2046F1
:10FC700006F0DEFC387018B903207076FF20B075EE
:10FC80000F4F09F0BDFF00234FF0FF080025B847D4
:10FC900009F0B6FF0123B84709F0B2FF0223B847C5
:10FCA000102086F81880B08300E00B252846BDE8B8
:10FCB000FC8100BF10220020903F0020FF000F9623
:10FCC000D9760100F8B50446FD201D468DF80300E5
:10FCD00020461E68324600F071F910B101208DF8FF
:10FCE00003009DF80300FD2815D1A6B1E068007B54
:10FCF00000F00F0002280ED13768204631463A4600
:10FD000000F05CF920B9002F3E46F5D1002602E054
:10FD100002208DF803009DF80300FD2804D1E06B5C
:10FD200010B104208DF803009DF80370042F0FD04C
:10FD3000022F06D0012F0FD12846214608F04CF99A
:10FD40000AE0326822B12846214608F0C3F803E0F1
:10FD50002846214608F02EF978B2F8BD70B5D0E9F2
:10FD60000056044640F2F2723068816B9143816321
:10FD70002046FFF70DFF204604F073F9204607F0F8
:10FD800033F81B4930680968C968884764680020EF
:10FD9000287294F8240005F0B3FF94F8200005F0D1
:10FDA000AFFFE069012807D194F8280005F0A8FF0B
:10FDB00094F82C0005F0A4FF05F114000AF014F8E3
:10FDC00005F580700AF06EF805F17C000AF06AF81B
:10FDD000D5F8580108B106F0EFFC05F5AE7008F053
:10FDE000D7FB96F84000FEF7BBFF0020E87170BD1E
:10FDF000D0010010F8B50E460546307A8106174648
:10FE00001C461FD538460AF001FA327A014602F044
:10FE10000802284604F0A2FA30B1607A10B1207AC4
:10FE2000012801D00820F2BD38460AF0FFFA03008D
:10FE300006D03146284601B0BDE8F04012221847EE
:10FE40000E20F2BD010609D538460AF0DFF9014659
:10FE50002846BDE8F840002204F080BA01070FD51B
:10FE600038460AF0D3F901460122284604F076FA12
:10FE7000010009D0617A41B1217A012904D0F2BD93
:10FE8000800701D40320F2BD0020F2BD38B501295E
:10FE9000044606D002293CD101210AF0B3F900281A
:10FEA00037D120460AF0AAF908B105F0FFF820463C
:10FEB00006F0CAF81749087898B1174D6888A0422B
:10FEC0000FD129791548491CC9B20AF0C3FB297919
:10FED00005F108000AF0BEFB20220021284609F0A7
:10FEE0008DFA0F4D28460AF017F810E0208958B116
:10FEF0002146284608F069FFA17A04F10C000AF0B7
:10FF0000A9FB204609F060FC20460AF007F804002F
:10FF1000ECD131BDD74200204C400020380C0020ED
:10FF2000180E0020F1B5234F0D4639781646A9B1B9
:10FF30000C2008F001FA04003AD0912020703E21F4
:10FF400082226170A2700522BDF80000A080A67117
:10FF50002946E01D09F05CFA387826E0142008F004
:10FF6000EBF9040024D001202070FF2104F10802E5
:10FF700061706260042010703E2260684270092146
:10FF80006068817082216068C17002226068694681
:10FF9000001D09F03DFA60688671052260682946F7
:10FFA000C01D09F035FA04480078214608F0C8FC65
:10FFB000F1BD00BFDA420020D842002070B5B2FA8D
:10FFC00082F3B1FA81F45B096409B0B312B190F81D
:10FFD00044506DB389B191F844406CB3446B0E69E1
:10FFE000096C05698908A408AE4214BFED680025B4
:10FFF0002944611AB1F1704F22DAB2B1D168097B9C
:020000021000EC
:1000000001F00F01022915D1516B0569006C1469CB
:1000100080088908A54214BFE26800221044081A2B
:10002000B0F1704F01DB012804DB0124012304E05F
:10003000002302E0012400E0002404EA030070BD74
:1000400000240029C8BF0124002AF6D00129D5DAEE
:10005000F3E770472DE9F84F204E214FDFF88480F9
:1000600000254FF0010B4FF002094FF0110A602DEF
:1000700008BFBDE8F88F7C192ED0A07A01282BD1BB
:10008000607A41B20BFA00F01131C0B20BFA01F103
:10009000CA43326072681143716008F009FD04F1CF
:1000A0001000002107F05AFB812809D1A06920B176
:1000B000002107F053FB812802D184F80A900BE05D
:1000C000607A97F861100AFA00F00843002187F877
:1000D0006100404609F0ECFE2035C8E708100440F6
:1000E000E03A0020B83E00202DE9F0410446806847
:1000F0001F4F206297F85E00E8B197F85C00D0B916
:100100001C480068006B8047DFF86C80D8E9105607
:100110002A46334609F022F9A0FB052300FB0633EB
:1001200001FB0531C8E91221B9687B6DBA689A1ADA
:10013000411A91420CD907F07FFB01212175A26879
:100140001044E06097F85C0078B187F85D100CE02F
:1001500001212175A2681118181A8242E16004D2A7
:100160001046BDE8F04108F0FDBEBDE8F08100BFDB
:10017000A81E00208C010010483B002010B5040090
:1001800004BF002007F008FC1C490878052815D199
:100190001B480168887A012818BF03282BD019480A
:1001A0002178017062784270A1788170E278C27023
:1001B0002179017162794271002010BD062807D1B2
:1001C00011480168887A012815D00328E7D112E088
:1001D0001128E4D10D4800680028E0D0017A0129F7
:1001E000F9D1416D4A78D106F5D590F83E10012934
:1001F00018BF0329EFD10C2010BD00BFC80F00208D
:10020000500F0020480E0020540F00204C0F0020FB
:100210002DE9F843154604462868466800278846B5
:10022000002C18BF002D38D021460020FFF7E2F93E
:10023000DFF86C9088B12A4621460020FFF7DAF9F2
:1002400001280CD1E989B5F86201490881423EBF15
:10025000698EB8FBF1F1814201D3B0681BE02A46F8
:1002600021460020FFF7C6F9012816D1688EB5F89F
:1002700062210146B8FBF1F191423EBFEC89511A6F
:10028000B1EB540F09D2A2EB5402B168504340F6CF
:10029000C41202FB001009EB00073846BDE8F283E8
:1002A000F0D8FFFF2DE9F0470AF094F9204FDFF86E
:1002B0008480386890F8009098F8010000240125A7
:1002C000002601282BD0CA460DE03868415D005D4C
:1002D000F7F73EFF39684A5D8146904208BF2C46D9
:1002E0006D1CEDB2761C98F801008442B8BF8542BF
:1002F000BCBFF0B2052806DA3868415D005D01F048
:100300006DF90128E1D050464946884203D001F0FA
:1003100065F9012805D1FF21484609F089FD4846C5
:1003200004E04946504609F083FD5046BDE8F08799
:10033000340F0020780E002010B58388012442F28B
:100340000202991A1CD0891F012937D9891F1BD095
:10035000193902291DD9891F1BD01139022921D928
:10036000C91F052921D90C39062921D9C91F14D043
:10037000491E1AD04DF61E42891A01291ED921E0C4
:10038000806809F037FF1BE009F030FF09F02AFF11
:1003900019E081680878B0B114E08268052142F262
:1003A000580008E009F03CFD0AE009F03BFD07E0D9
:1003B00082680321184609F02DFD01E009F02EFDA9
:1003C000044600E00024204610BD70472DE9F84F98
:1003D0001646D0E901728B4699467868D2E9021434
:1003E000158A09F021FC08B1BDE8F88FDDF82880F6
:1003F000BBF1FF0F11D0701CA5F1020A164A0BF1D8
:10040000010300902046514608F0C6FE0646B86833
:1004100030B10068A051043602E0A5F1020A0026BE
:10042000A019AAEB06014A46434609F045FD811989
:10043000BBF1FF0F0CBF40F60D2043F61B008A1CDA
:10044000002360522146386809F015FA7868BDE843
:10045000F84F09F029BD00BFA4CB0100BFB514209F
:1004600009F0AAF91F49142200240860002108F0AD
:10047000C5FF0020F4F77EFF012004F081F902207F
:1004800008F0C6F9032009F0A9FE042009F0A2FE35
:10049000052009F09BFE062009F094FE07200021AC
:1004A00000220523FEF760FE08200A210422002313
:1004B0000094FEF7ADFD092009F056FB0A480DF146
:1004C0000F0200210068456802AB1020A847E0B287
:1004D000092888BFBFBD9DF80F1008F0F7FD013453
:1004E000F5E700BFC44200200824002070B506468E
:1004F000012009F08FFE002400B101241B4801688F
:100500000A7B012A0CBF012000200443184801681F
:10051000CA7A012A0CBF01200020044301D00C201C
:1005200070BD144D144C28787EB1012E1BD121785A
:1005300049B962684FF4805105F03EF908B10320D3
:1005400070BD01202070002070BD21780029FAD0F4
:100550004FF4805106F0D4FA28784FF4805105F01A
:1005600009F90020EEE7122070BD00BF500F0020F7
:10057000540F0020C70F0020880E00202DE9F047FF
:1005800004460AF027F800F57A69204608F02CFFA7
:1005900005461B481B4E0178CA0741F2883828D50A
:1005A00000200027DFF860A001E000207F1C9AF8FF
:1005B0000020F9B291420ED2A142F7D0F8B208F071
:1005C00013FF0179012904BF4179012902BF0268A3
:1005D00011788029E9D160B101686B8ECA68807991
:1005E00008FB0328241A44F6206111FB0484B4613B
:1005F00004E0688E08FB0099C6F81890BDE8F08703
:1006000058420020BC0A0020D40F0020F8B5D0E9E1
:1006100000670D46044609F0B7F996F8311049BB5A
:100620001949097831B30121A6F8311009F076FB98
:100630001649002D18BF29460A784868012A08BFC4
:1006400000281BD0C6E90240D1E9020186F830201B
:100650000F4A104B3061B8683162A0F58071914249
:1006600038BF034606F134000021736107F0F0FF44
:100670002046F8BD09F052FB0020F8BD8B68002031
:10068000002BDFD1F5E700BFE0210020ACC901005D
:1006900001FFFF0080A9030070B520490C7804F029
:1006A0000105C4F340014D191D498E7BC4F380033D
:1006B00000225B19A6F12501C9B2050018BF012867
:1006C00001D01E2070BD012B12D0030003D10229DE
:1006D00011D04A1C06E001280DD109B902220AE016
:1006E00001F1FF02D3B2022B05DDD0B2032814D1F1
:1006F000084670BD0022012595402C42F5D103002B
:1007000004D1D3B2022BF5D0521CEBE70128E9D17A
:10071000D3B2002BE2D0521EE4E770BD3424002097
:10072000E80B002010B504461E4849B13830006877
:10073000B0B1C3681B7B03F00F03022BF7D101E0BC
:10074000806B68B102B11060C268137B03F00F03C5
:10075000022B08D151B101698A8DC968114415E095
:10076000002100201CE00120002119E0128801690D
:10077000A2F60302012A4A8B8CBF09694969192331
:100780001144094A92F8622012FB0311406B06F0F3
:1007900093FE206009F01AFB2168B1FBF0F1012003
:1007A000216010BD741F0020E03A00202DE9F84FB1
:1007B00007461E4815460E46009300F138094C4680
:1007C00024680CB1B442FBD14FF0000A00F1400B99
:1007D00044B32069D4F80080B84220D120460022DA
:1007E0004FF0805307F010FA009870B120460022B5
:1007F0004FF0807307F008FA30690D49086291F8EC
:10080000240040F0010081F824004846214607F00A
:10081000D3F95846214607F0CDFB0AF1010A002D15
:100820004446D5D15046BDE8F88F00BF741F002064
:10083000101F00202DE9F04104460D46280448BF52
:1008400085F4004030D428002DD01849086880472E
:100850002E468046002725FA07F0C00703D47F1CE8
:100860000F2FF8DB19E0124B12491A88121BC2EB4A
:100870000212BA1801EBC206012101FA07F731682A
:1008800009B170688847B9B2204606F0FDFD10B97D
:1008900030600021716087EA05064046064A11680B
:1008A0008847B0B200E00020BDE8F081842200203B
:1008B00020240020683A0020882200202DE9FF47EC
:1008C0001D68164682465DB11B4C6068804707462E
:1008D000286809F068FAAE603846A16888471BE0CE
:1008E0000C201F468846FEF72BF800B30DF10409D3
:1008F0000546484609F0ACF9002051464A46002317
:10090000039502908DF804000C4807F0E1FE286082
:1009100080B1C5E901863D602868514609F0F0FACA
:10092000286808F04FFC002004B0BDE8F0876FF0A5
:100930000300F9E708F0A4FC80220020239D0100B9
:1009400070B514460E4609F01FF80325052E2CD865
:10095000DFE806F003090E2B161B19498A6CCAB191
:10096000896C098E02E0154991F8601021801BE026
:100970001149097E0239B1FA81F14909217013E068
:100980000C490A68226049680DE00A490A681AB1F0
:10099000D26802E0802508E000222260496809B19F
:1009A000C96800E000216160832509F0B7F9284695
:1009B00070BD00BF101F0020701D0020E03A002015
:1009C000741F002070B50568044608F0DDFF0021A3
:1009D00085F8411095F83D20D20658BF85F84210A1
:1009E00009F09CF9134EB068B0F1FF3F07DD1248E3
:1009F0003058800006D5284608F096FD02E04FF0FA
:100A0000FF30A8630D483060284605F0F9FC95F8E2
:100A10003C00022804D10A48BDE8704009F044BAFD
:100A2000D5E905C2A96B95F83D302046BDE8704078
:100A3000604700BF88470240C8FDFFFF01000080FB
:100A4000F83C002070B50568D5F8F81031B3D5F83A
:100A5000582144685668A16B20683268D16202212F
:100A600008F0C8FAD5F85801A16B154A406800682B
:100A7000C0F8041591FAA1F112683068B1FA81F159
:100A8000926990470446D5F8F800011B687902285E
:100A900006D105F1D00006F026FD0BE000240CE0A5
:100AA000D5F8F400D5F8FC200A44401AC5F8FC201B
:100AB000C5F8F4000020C5F8F800204670BD00BF5E
:100AC000D40100102DE9F843DFF874901446D9F8EA
:100AD000082002EA01038B4221D1806843688B42DF
:100AE00020D966186FF005059E4226D82240A24202
:100AF00023D10068471804F063FF8046ACB108F0CA
:100B000043FF0646384607F07FFF0546304609F0AA
:100B100005F95DB9D9F80400241A0744EEE76FF02F
:100B200004050AE06FF0030507E00025404607F0E2
:100B30004FFB002D18BF4FF0FF352846BDE8F88366
:100B40008823002070B5184B2021EFF3118081F32A
:100B50001188174C1548DA6C02609C64154C1A66B3
:100B60001C64154B04689C4210D14268144B22F45B
:100B70007F421A44426081764FF40071C160D0F820
:100B80002C1221F04041C0F82C1270BD0B4D0024F6
:100B9000362CEAD00E2C8EBF42F8245053F8246035
:100BA00042F824600134F3E7D81D002008ED00E08E
:100BB00000040000003C022000000000817C0100D5
:100BC0000000FA052DE9F04385B007461C480125D1
:100BD000846984B3666990F808800572B868012852
:100BE00007D100254046BD603C61FE6005F0D2F9AA
:100BF00021E03869A0421AD0204607F1140908F014
:100C0000ECFA01A90025484632466162CDE9034568
:100C100007F00CFC38694069864203DD38693146CB
:100C2000FDF7B6FB404605F0B5F9656203E04046C6
:100C300005F0B0F90125284605B0BDE8F08300BFF6
:100C4000682100202DE9F04186B0DFF8688098F82F
:100C5000650060BB012088F86500C8F80480C8F80A
:100C6000008007F035F8144801AA114690E8F80012
:100C70000520F8C108F1100404901049204604F042
:100C800039F8C8F84C4005F049F90D48D0E910236F
:100C900047F69160101A73F1000031BF4FF0FF303A
:100CA000002047F6906108F059FBC8F8580006B0DC
:100CB000BDE8F081A81E002024CA010051D7000021
:100CC000483B002038B5044604F1860109F076FA65
:100CD00004F182050021688960842177E183E0893D
:100CE00061894118A1811649887808F01DFD04F139
:100CF0002E012A898B889A4202BFAA890B899A42BF
:100D000008D16A89CB889A4202BF027FC2F30012DF
:100D1000002A03D0027F42F0080202778888A4F8F4
:100D200064012A790A70288988806A89CA80A8891A
:100D30000881204609F03EFA0220287031BD00BF2C
:100D4000780E0020FEB514460DF1050207230D466E
:100D5000064608F039FC9DF805109DF806209DF820
:100D6000073026749DF80A60A5819DF80B009DF858
:100D700008504FEA910C01F00301A07242EA0121F0
:100D80009A009DF8093084F808C042EA9512E18083
:100D90009F01A28047EA960767720127962806F00E
:100DA000030008BF04273843E07205F03F008001CC
:100DB00040EA9300E081080340EA0C6010442060A0
:100DC000FEBD10B5024601241078912804D0A22857
:100DD0001CD0D02821D030E0517805290AD00E2926
:100DE00004D00F290AD03E290CD026E01046FFF788
:100DF000A3FA10E0104601F0C3FA1FE0104601F01C
:100E000005FD08E01046F7F7FFFB04E050884FF6B9
:100E1000FF7109F0D3FA044610E09078122802D04E
:100E2000132805D00AE05178506809F0BFF905E0B1
:100E30005168D07809F0B6F900E00024204610BDD2
:100E4000F8B50E46074608F09FFD80250446022EA1
:100E50000AD81649F0B201EB40162EB1B07A10B1A3
:100E60003068B84205D08025204608F057FF284654
:100E7000F8BD0F48017E022911D1717A4FF4A062AA
:100E8000406802EB01210B4A11430B4A114000223A
:100E900005F076FF0546304600F074FAE4E7304688
:100EA00000F070FA01F0B0FF8125DDE7E03A0020A4
:100EB000701D00200100080401FF080482B0B0B5D5
:100EC00088B00446CDE90C230CA80D46079008F025
:100ED0002BFD01282BD9FF20069500258DF8120047
:100EE00014200295ADF810000798059004F066FAFA
:100EF00002A9032201F10C03214606F049FE0195E7
:100F000001A80C4900220023009041F28830F8F734
:100F10008DFD58B9019810B10C3805F0C5FA059847
:100F2000006808B0BDE8B04002B07047012808F082
:100F3000A7F900BF859A010070B50446B0F90E000C
:100F4000227A81B2920702D5227B1F2A0CD8154A39
:100F50006368D26C52F820509D4218BF42F820308E
:100F60004A42E281227B0BE00E4B1D6D45F820408A
:100F70000D4DDB6C53F82060AE4218BF43F8205093
:100F8000102901D30A4902E0042902D30749014488
:100F90000A70217AC90718BF04F042FB0020A06044
:100FA00070BD00BFD81D002075AD000014ED00E03D
:100FB000F0E300E02DE9FF4705468846144609F0B6
:100FC000EDF85FEA00092CD15CB310222146684697
:100FD00008F01EFA1021684609F0E8FA0024134EC2
:100FE00000E0641C3178E0B288421AD208F0FCF9C3
:100FF000074678790028F4D097F82E010128F0D11F
:1010000007F5947A6946504609F080FA0028E8D03E
:1010100005F0010587F82E5106224146504608F09A
:10102000F7F9484604B0BDE8F08700BFD40F0020B0
:1010300070B51D4A137898420D4632D208F0D4F9A3
:101040000646B07908F070FB040004BF002006F0EB
:10105000A3FC707918B3706A286006F13800718EAD
:10106000A980C178A971B6F83A21A5F80720052210
:101070000078687205F10A0094F83A10A97406F134
:10108000610108F0C5F930684168486900F1100154
:10109000032205F10F0008F0BBF9002070BD02200B
:1010A00070BD1E2070BD00BFD40F0020FEB51526F8
:1010B0004FF6FF7290420D46194F11D1002406E001
:1010C0002A460221EFF703FE00B10026641CF979DD
:1010D000E0B28842F4D305B3124809F05BF81CE093
:1010E00009F0A8FA040017D00020009000236179CD
:1010F00001AA01F00101A01DFDF75EFA30B99DF8CB
:1011000004002A460221EFF7E2FD00262DB13978CE
:10111000608806F02DFE00E014263046FEBD00BFBC
:10112000741A0020231200002DE9F04192B00DF155
:1011300004080C46054630211746404608F0C4FD19
:101140002E68012106F12005284604F099FB27B1FD
:1011500001A821463A4608F0B5FED6F8881006F1F7
:1011600080001095CDE90E880D90F06F103111912F
:101170000DA908F0BEFD10B14FF0FF300EE0D6F81B
:1011800088203046414608F09DFED6F8880020F0C1
:101190000300404490E81E0000201EC512B0BDE8C8
:1011A000F0812DE9FE438146884617461E4602A976
:1011B000404609F037F904002CD0BDF8080008F0CB
:1011C000E5FF844620B30B9DBDF828100091E8B2DE
:1011D000019033463A4621464846E0470646D0B994
:1011E000EDB2FE2D17D02078022814D16068017866
:1011F000407801EB002242F602118A420BD1387886
:10120000797800EB01224146484604F0FFFE02E0F7
:101210000E2600E001263046BDE8FE832DE9F04FA2
:1012200089B00C4600F1080608F04EFADFF85CB011
:10123000DFF85C908046EA4604B3504608F046FC6E
:1012400056E90201D6E90023CDF800B003910592DA
:10125000CDE9010348465146002204F025FA98B131
:10126000074607F0B5FB0546384603F013FC58B1B6
:10127000284608F0E1F81036013CDDE7404604F06E
:1012800089FE09B0BDE8F08F08F099FD13CE01008A
:10129000AD99010070B5184C207860BB0120184949
:1012A000184D002220701548033020F00300091A61
:1012B0000346C4E9040029600E18B34202D204C3F5
:1012C0002968F9E721F0030100220F4E014441F89B
:1012D000042CE8210160296821F00301EC3940F871
:1012E000E81F30600020FDF72BFB6169C6E90010A4
:1012F00028680438E06070BD80220020D8430020B8
:10130000003C0220B8420020F0200020F8B51A4E20
:101310000546306828B119490978A9420AD800243D
:1013200028E003F003FC3068002418B3134909785F
:10133000A9421FD9124A05EB450102EB81044FF087
:10134000FF31D4E9015708F06FFC287870B9706854
:101350003968421E0A4209D17968814206D3B068D1
:101360000840814202D10120287000E0002430684A
:1013700008F09AFD2046F8BD8823002011CB01001B
:1013800078CC0100F8B5054608F0FEFA0446A87AC4
:1013900050B36F7A012607F03BF9697A48B1154AD4
:1013A00048B21130536806FA00F08343C0435360DB
:1013B000106006FA01F31049002206FA07F02A72BB
:1013C000AA72C5E90422AA61C5E9002291F8605019
:1013D00091F862202B4381F8603012B1013A81F814
:1013E0006220C0B205F0B2FC2046BDE8F84008F02B
:1013F00095BC00BF08100440E03A002070B51A49BF
:101400001A4A044603F00AFE0146E061012051B386
:10141000002184F8200061626069B0F1FF3F1ADDAD
:1014200060690121124A01FA00F0A0616069157A31
:101430001172116A01EBC000E0642020EFF3118605
:1014400080F31188204607F0C9FD86F311882846ED
:1014500004F0A0FD06E00648A16121462C30E064BE
:1014600007F0A4FB002070BD3D820100815A0100FD
:101470006821002070B504462078902830D160782B
:10148000132816D10021174A06E0A368CDB233F81D
:10149000156030181070491CA5781078CBB2AB429B
:1014A000F3D3E8B1BDE870400F4A10780121FCF792
:1014B000AFBB8A2818BF8B280DD1A188608808F09F
:1014C00061FE627805218B2A08BF042140B1BDE886
:1014D000704008F003BF2046BDE8704008F04EBEE3
:1014E00070BD00BFBB0F0020B90F002010B5010078
:1014F00018BF012803D002281CBF06280020154968
:101500004FF4C1520A8000234B8000224A608A6057
:101510000A73CA7301234B7388730F4A0F481388E9
:101520000B82C26B0E4B52684A61C26B92688A6131
:10153000C26BD268CA61C26B12690A62C26B52691D
:1015400010681C7804EB44042044B0F801204A825F
:1015500010BD00BFEC0A0020A00F002038C201001F
:10156000CA0F0020F8B51949194F1A4E04460868E9
:1015700080470546386858B1204601F04BFA0128EB
:1015800006D13168284688473868BDE8F2400047F0
:10159000114A1068002101E00146006880B100F1A5
:1015A0000807BC4221BF00F108038788DF19A74262
:1015B000F2D3036800290CBF13600B6008F004F934
:1015C00031682846BDE8F440084700BF8422002067
:1015D0009C42002088220020A04200202DE9F843F0
:1015E00005460C46C0B207F0FFFE0746E0B207F022
:1015F000FBFE8146E8B208F097F88046E0B208F0BA
:1016000093F804463968D9F800004D68466899F89F
:101610000500797909B128B919E000280CBFFF202D
:10162000002014E0B168A86807F0C2F818B1B168EA
:10163000A868626903E0A968B068D8F8142022F0AD
:101640000042511807F0B4F8401E8041C00FBDE8B9
:10165000F283F8B5054616461C4608F08BFD0227B6
:10166000022801D11220F2BD042E1EDA012E18BF6D
:10167000032E02D1CCB1012E01D0032E17D10522A9
:101680000021204607F03EF918B1607910F03F0FB5
:101690000BD00622FF21204607F034F9002802BFB4
:1016A000607900F0C000C02801D00220F2BD6D1E9C
:1016B000032D06D96D1F04D0AD1E012D01D92D1F9C
:1016C00000D100273846F2BD2DE9F04389B0109EC5
:1016D000ADF82010079046B31C4633B3154607A853
:1016E00002AA214601F0E6FD0746F8B9DFF844906A
:1016F000D9F80800FFF766FA80460F480022032356
:101700000092C188C07802AAF9F786F9074630B975
:1017100002A829462246334603F021F90746D9F8A4
:101720000800414601F006FC00E00427F8B209B0C9
:10173000BDE8F08310220020903F0020F8B5054658
:1017400016484BF2F521174E006800FB01F71448CC
:101750003C0A006800F44020B0F5802F10D11248F8
:10176000006880030CD4F0680068804704F022FB16
:101770003168C9688847C010390B484304EBE0342E
:101780002DB90A48006820F07F40204444083069A1
:10179000416C2046BDE8F840084700BF08400C40B7
:1017A000B44F0050E00100108C130050102009408D
:1017B000F8B5164F1648BD6C07F0FEFE04461548F6
:1017C00001680668214011F0200318BF002D0AD0DF
:1017D000284600223D6506F017FA0F484FF4804175
:1017E000283008F065FB04EA060010F4602008BF0A
:1017F000F8BD0A4991F8612042EA504081F8610041
:1018000007480021BDE8F84008F052BB741F0020D3
:1018100020000E000C100440101F0020E03A0020B1
:10182000B83E002000B17047B0B51A4C606D58B397
:1018300040F2000CEFF311808CF311882020EFF3BD
:10184000118180F31188D4E91850616DB1FA81F1EA
:10185000C1F11F0100EBC101A94215D90868026856
:101860000A6051600A688A4204D1416A626D22EAC4
:101870000101616500F096FF616D29B1606EB1FAFA
:1018800081F1C1F11F01E5E7002084F85000BDE8B7
:10189000B0407047941C002010B596B0194C202021
:1018A000EFF3118180F31188E06810B906F009F9AF
:1018B000FAE7E068216A144A0223B0FA80F0C0F126
:1018C0001F00137501EBC002E26151F830100020D7
:1018D0002074A16104F03CFD40F2000CEFF3118094
:1018E0008CF311882020EFF3118180F3118807F029
:1018F00053FDA16968461C301C3106F0FDF916B095
:1019000010BD00BF68210020D81D002070B50D4615
:101910000446287A4107164604D5304608F076FC7E
:10192000012205E0410609D5304608F06FFC00228F
:1019300001462046BDE8704002F010BDC10619D531
:10194000304608F063FC2A7A014602F00402204681
:1019500002F004FD60B9304608F068FD030005D0D0
:1019600029462046BDE870400A2218470E2070BD67
:10197000082070BDC00701D4022070BD002070BDDA
:10198000F8B5044608F06AFE010017D1E0B207F08E
:101990002BFD0546687908B90220F2BD05F20D1647
:1019A000307801280BD105F58970418800912146D6
:1019B0000388F278002008F0D9FB0020F2BD0B4923
:1019C0000B4F086880470446707848B90C212846B8
:1019D00007F082FF01207070204639688847ECE7E5
:1019E0003A68204690473A20F2BD00BF842200208A
:1019F0008822002070B50446092008F0B3FB70B3BC
:101A0000A0F1090594F89400002814BF0E200A20C4
:101A100000212960E88005F1080629716971032019
:101A20000F4906F8010B0A78082A0CBF08200E207F
:101A3000307008220B49701C07F0EAFC701C08F09B
:101A40000CF994F8940028B133460922032120466A
:101A500005F0E8FAA06E294608F080FB012070BD71
:101A6000C80F0020C10C0020F2B51446069A01F000
:101A700023018DF8001001271D461349134B0861FF
:101A80008F614A610D2081F820000422104F0B6005
:101A9000C1F804D08D60CC61CD6081F821200D4B60
:101AA0001E68386856F8182F904748B12246002122
:101AB000284607F0A3FC002005F06EFF002000E0A0
:101AC000012005490870F1BD100B0020D40D002045
:101AD000600F0020280F0020E64200202DE9F0478B
:101AE0008A461749174D0646086880470F2E8146DB
:101AF00020DA154951F83600E0B10F21134F96FB5B
:101B0000F1F8C8EB08100124301A844038884044AA
:101B1000A1B2C0B205F0B8FC60B13888804452462A
:101B2000A1B25FFA88F003F047FE2968484688476B
:101B3000002003E02968484688470220BDE8F08776
:101B40008422002088220020683A002020240020DF
:101B5000F0B540F6FF7C10F8013B0024082CFAD0C9
:101B60000646DF0716F8015B0DD1477807F00F0630
:101B70000336122E0DD190F90220D6B2B2F1FF3FFA
:101B800009DD03300DE001F8015B304601345B08EC
:101B9000E4E7023006E0C27806F07F06043046EA49
:101BA000C21612363F0947EA0512624508BFF0BD6A
:101BB0002A013A44D543002EE8D04A5D013E0A701E
:101BC0000131F8E7BFB50568174A687A012807D1DF
:101BD0001268686990F8211040699268904714E093
:101BE00068696C4690F8211010688268204690471A
:101BF0006869416990F82120204604F0B9FF08B1D6
:101C0000686801E06FF003006860084840210160E7
:101C1000802101600021C0F8FC12022005F07CF850
:101C2000034808F041F9BFBDFC0100100444024024
:101C3000A83C0020F8B506680D46044607F0A4FE4F
:101C400016490978012902D196F83E1019B108F019
:101C500065F800241FE0012786F83E7008F05EF862
:101C60000F49002D18BF294648680A787061002086
:101C700086F83C20022A4FF0000208BF8A6886F8E6
:101C8000400086F8410086F83F70326186F84200D5
:101C90000A20FCF7ADFE2046F8BD00BFDD22002083
:101CA00044CB0100F8B506680D46044607F06CFE0B
:101CB00016490978012902D196F8221019B108F0C5
:101CC0002DF800241FE0012786F8227008F026F87E
:101CD0000F49002D18BF294648680A787060002017
:101CE00086F82020022A4FF0000208BF8A6886F892
:101CF000240086F8250086F82370B26086F8260056
:101D00000A20FCF775FE2046F8BD00BF26240020FF
:101D100054CB0100F8B5054601202F79687106F013
:101D200057FE174E044630784FB1411CCAB28A4262
:101D300014D0204607F080FB6FF006041DE0B8B118
:101D4000471E2046377007F077FB38064FF0000437
:101D500013D1706805F068FC6C710EE0317010B939
:101D6000706805F077FC204607F066FB002404E06D
:101D7000204607F061FB6FF007042046F8BD00BF66
:101D800094230020052984BF6FF0020070472DE9DD
:101D9000F8430546052826D80E4601EB41001449B4
:101DA0001C46174601EB800806F012FE58F8049F07
:101DB00007F042FBB9F1000F15D0D8F8000021461A
:101DC00004F8067C04F8076C04F8085C083006F098
:101DD0006EF8D8F800004FF00051406800F07AFC2F
:101DE0000020BDE8F8836FF00200BDE8F88300BF73
:101DF000E83D00207CB504460698362903DB002226
:101E00000092174A0CE01646124A1D46124BE18119
:101E1000126E52F821209A4207D0002200920F4AF7
:101E20000B4606F0FBFE01207CBD084603F0D6FB06
:101E3000286969682073C4E90016287AA060297DA2
:101E400011B140F00200A0602046FFF775F80020B5
:101E50007CBD00BFD81D0020817C0100C4BD0100F5
:101E6000EABE01002DE9F041B3F1FF3F03DC5B4224
:101E7000B1F1FF3F24DD4FF0000C4FF0010EDFF811
:101E80005080471E0026B1FBF3F505FB131418F82C
:101E90000440BC55013E8B422946F4D9304471427E
:101EA00030230138914203DA00F801390131F9E7B2
:101EB000BEF1000F0CBF80F800C00130BDE8F0811A
:101EC000013A49424FF02D0C4FF0000ED7E700BF0A
:101ED000EFCA010010B5184C206808F01BFB48B38E
:101EE0000179032926D1007A10F00F0F1CBF00F0F2
:101EF0000F01012908D000F00F02022A1EBF042999
:101F000000F00F00062815D10C4801680A6A5078C5
:101F100080B1C8694078002818BF02280AD1084853
:101F2000006801784078814204D1206808F0EAFA1C
:101F3000012010BD002010BD8C0A0020500F002091
:101F4000700F00202DE9F0411749184F0546086829
:101F50008047804638680026002405E014B906460C
:101F600000E0044650F80C0C58B110F8021CA942CD
:101F7000F4D1002CF5D04FF400412846FBF748FE81
:101F800005E04FF40041284603F0F4FB24B132464B
:101F90002146384604F02AF9054A11684046884728
:101FA0002046BDE8F08100BF842200208C42002042
:101FB00088220020B0B50568044607F0E5FC002142
:101FC00085F8241095F82120033A022A28BF85F8C5
:101FD000251007F0A3FE0F488168B1F1FF3FDCBF79
:101FE0004FF0FF31E9610C490160204604F024FA0A
:101FF00095F82000022804D10848BDE8B04007F059
:1020000053BFD5E9002CE96995F821302046BDE899
:10201000B04060478847024001000080F83C002043
:10202000F8B5174E706808B1804730B3B068FEF756
:10203000C9FD144F044600253978E8B2884206D21B
:10204000FDF7F4FD3178013508433070F4E70E4FA9
:1020500000203578F8707870481E7E21B870B88BF3
:10206000F880002004F024FEB878FE2104F020FE61
:10207000B068214600F05EFF00E00B252846F8BD61
:1020800010220020EF420020903F0020F0B587B0E2
:10209000ADF81810059033B32AB31C466B461146B1
:1020A00005A81A4601F006F90546E8B9114F786807
:1020B00008B18047D8B1B868FEF784FD0646684687
:1020C00021460022F4F7EAF8054638B9BDF80C10AD
:1020D00021B19DF8100002F003FD3D78B86831464B
:1020E00000F028FF00E00425284607B0F0BD0B25CE
:1020F000FAE700BF1022002010B586B0184C00216E
:102100008068CDE90411CDE90211019402A9009182
:1021100005A904AA03ABF8F747FF05994FF6FF722C
:102120000988914201D00C4617E00399002918BF95
:1021300001210140012904D1029911B101AA0846E7
:1021400002E050B1049801AA2B2106F0A3FCFF285D
:1021500003D00198204000F10044204606B010BD95
:10216000FFFF3F0070B5054607F00EFC174E044612
:1021700096F82400A84386F82400306820B1B830CF
:1021800007F028FE054600E00025706818B1B83059
:1021900007F020FE054396F8240030B92DB9306AC7
:1021A00018B190F82810890704D42046BDE8704083
:1021B00007F0B4BD456A204607F0B0FD306A022141
:1021C00000220024A847346270BD00BF101F002009
:1021D00070B5B0B00FAC8421204607F075FD1548EE
:1021E00003A90A4690E86800042068C28DF8280018
:1021F000CDE9014101F0AAFD01A80AA9FEF706FAFE
:1022000098B106AD0C4904461422284607F09EFBFF
:102210002046294607F052FE0546204607F08AF878
:10222000002D18BF4FF0FF3501E04FF0FF35284675
:1022300030B070BD48CC0100C84100207FB50C46CD
:10224000064605F0F5FC0546114885B112496FF0C8
:10225000590212F10A030BD00A44B2F85A20B242D2
:102260001A46F6D1C818543003F0FEFD00E0094DBF
:102270000B490A4A002C0B4B18BF2246CDE90050EF
:102280004968029200220846FF2106F04EFF7FBDFA
:1022900025CD010007CD0100583C00208CCE010067
:1022A00098220020B3C20100B0B5174C60682168C5
:1022B00001EA000521EA0002680622601DD51348E4
:1022C000006800F44000B0F5000F03D1104800682A
:1022D00004F008FD042007F081FB811E022905D2CD
:1022E00004F0DEF9022004F017FD03E0012808BF26
:1022F00004F0D6F9202004F0EFFF280648BF02F0D2
:10230000D3FCA560B0BD00BF90220840B44F005080
:10231000F02300202DE9F0414FF02008EFF3118168
:1023200088F311880122144F11490D7A0A7211495C
:1023300091F8506081F850200021104A3C7D397599
:10234000396D1268D2B251F82210886040F2000C48
:10235000EFF311808CF31188D1E900018847EFF386
:10236000118088F311883C7546EA0520BDE8F081AC
:1023700068210020941C0020D81D002004ED00E0FE
:1023800038B50446A08808F055F998B1817C042935
:1023900001BF1249A2880B889A4204BF4FF6FF750D
:1023A0000D8007F0D7FE0E480178A379A288A078A7
:1023B00007F0CCFE0B4D287820B107F0C3FE08B122
:1023C000002028700849086838B14088A1888842F0
:1023D00003D1BDE8314007F0B1BE31BD5802002045
:1023E00039240020AB0F0020BC0E00207CB5044631
:1023F0000D46002609E0BDF8002001462046FFF703
:1024000085FA01001CD1761CB6B2A888864221DA72
:10241000286810F81620401C694610F8163002EBA8
:10242000032007F0FFFF0028E5D1286810F81610F8
:1024300001702868421C12F816104170012076BD08
:10244000296811F816200A7029684B1C13F8162009
:102450004A7076BD002076BD70B5174A04461078E4
:10246000401F15D0801E012820D8144B9878FF28D3
:1024700021D006F0B9FF0026006F05F015FF0546D4
:10248000F0B2A84217DA2046F0F778FB761CF7E79F
:102490000B49086805F008FF05460026F0B2A8427F
:1024A00009DA2046F0F76AFB761CF7E72046BDE81C
:1024B0007040F0F763BB70BDC80F0020780E00209D
:1024C0008C0A002010B50446217804291CBF002086
:1024D00005F062FA134800210022002301804280A7
:1024E0008380C180028141818281C18102744174F3
:1024F0008274C17442610C49087818B1A06940F433
:102500008020A0610949C86958B10522D021002066
:1025100006F0B8FDBDE810400622D421002006F0E8
:10252000B1BD10BD800C0020880E0020E83F0020C7
:10253000FEB502780021202A08BF4FF42671134B04
:1025400093E870006A4682E870004768104DB868EA
:10255000401802906FF0010495F90000A04218BFE6
:1025600004F07AFF0B4E0C483768006857F82C3F90
:10257000002269469847A042287005D1902007F0B4
:10258000BDFF002005F008FAF7BD00BF1CC3010025
:1025900036240020200F00201C0F0020052984BFB6
:1025A0006FF0020070472DE9F8430546052823D84F
:1025B0000E4601EB410012491C46174601EB80080C
:1025C00006F006FA58F8049F06F036FFB9F1000F3E
:1025D00012D0D8F80000214604F8067C04F8076CF5
:1025E00004F8085C083005F062FCD8F8000007F039
:1025F000F8FA0020BDE8F8836FF00200BDE8F88328
:10260000E83D002089B36FF0C0020B0E02EA811290
:10261000202B05D0212B05D0A02B05D1302118E08F
:10262000102116E0202114E0B1F1807F01D2402179
:102630000FE0102B05D0112B05D0402B05D17021B8
:1026400007E0502105E0602103E09021502B08BFF6
:102650008021114341F00F0104C8531C18BF8A4266
:10266000FAD14FF0FF3140F8041C704770B5046890
:10267000616F59B3D4F8582145685668E96B2868EA
:102680003268D162012106F0B5FCD4F85801E96B3B
:102690000F4A40680068C0F8041591FAA1F1126869
:1026A0003068B1FA81F192699047616F091AE07C54
:1026B00020B104F14C0004F02BF805E0206FA26F6C
:1026C000401A20675018A0670020606770BD00BFE7
:1026D000D4010010F8B52022EFF3118482F31188A1
:1026E000826811438160014651F80C2F8A4220D044
:1026F000114901270D7A0F72C668D6E9061206F055
:102700002BFA706170B13168F068726811603774CB
:1027100071683268516008B100210175B0682146C6
:1027200004F018FC84F311882846BDE8F84003F053
:1027300031BC84F31188F8BD68210020124841792A
:1027400001B17047B0B58AB0012510492422457106
:1027500001AC204607F0B6FB4FF440708DF82450D2
:102760000D4D0E4922460023069009480590002091
:10277000049008480190284605F0D2FA08484563BD
:102780000AB0BDE8B0407047941C002044C5010069
:10279000002D002047C70100003C0020AD9D010036
:1027A000682100202DE9F047164C002100F12C0390
:1027B000154D4FF0010A80F8281084F850100ECB08
:1027C000D4E91689276E2E7DC4E91703A26585F822
:1027D00014A0016340F2000CEFF311818CF3118817
:1027E000D0E90532C169104698472020EFF31181E6
:1027F00080F311882E7584F850A0C4E916892766E5
:10280000BDE8F087941C0020D81D002070B5838897
:10281000012142F213041A1B04D0921F12D02B3A4A
:102820001BD01EE0104E35884FF6FF72954209D03E
:102830000E4B1A68002A1CBF1268002A12D00146EB
:10284000204608E00A4A1268002A1CBF1268002AC3
:1028500008D001461846904701E007F0E5FA014626
:1028600000E00021084670BD58020020C40E002080
:10287000C00E00202DE9FC4104460D469046002084
:1028800000270DE0019070880090B388B2686088DE
:10289000FEF787FC162817D10021B1607F1CFFB21C
:1028A0000D490A78974214DA69680C2313FB07F381
:1028B0000B441E46318861B1781C90421BBF988939
:1028C000002818201620DDE70028E7D03188A8F876
:1028D0000010BDE8F68100BFB50F0020F8B5154E19
:1028E000154F304607F018FB040006D1387813491D
:1028F000134B087000221A70F1BDA17A208904F1EF
:102900000C0207F017FC050018BF142D11D1214649
:10291000304606F05AFA142D06D1A17A04F10C00C3
:1029200007F098FEFF2038702046BDE8F24006F020
:102930004BBFF1BD180E002076020020750200206A
:10294000A40F002070B5A0F11B02E12A3EBFA1F543
:10295000A47244F249139A4207D20D4D2A8882424A
:1029600022BF0C4E33888B4201D2122070BD0A4A1E
:1029700053789A0601D4112070BD084A084B094CBF
:1029800010800948018019802180002070BD00BF9F
:10299000920F0020940F0020C00C00208A0F00200E
:1029A0008E0F0020900F00208C0F002070B517486C
:1029B000174C007802280ED12068C468016882880C
:1029C000A58883688580A668866025680560216083
:1029D000A280A36070BD032816DB206803F094FF7B
:1029E0002668054600E00646F0680168286809691F
:1029F000006905F0DDFE00281EBFF06821688842EE
:102A0000F1D1F068F560E86070BD00BFE3420020DE
:102A1000684200202DE9F041804600250026154F30
:102A2000154C00E0761C2378F0B298421ED27968EB
:102A3000F2B24FF4D070424388184379012BF1D1A0
:102A4000F0B206F0D1FC816E886804E0016888422B
:102A5000E8D0016808460028E4D0804521BFC1883D
:102A6000411801F109024245F0D301252846BDE88D
:102A7000F08100BF780E0020D40F0020F8B5154972
:102A8000154E0446086880470F2C05461DDA134F83
:102A900057F83400C8B10F2294FBF2F0C0EB0013DA
:102AA0000121E31A99400E4B1A88101889B2C0B25E
:102AB00004F026F8002007EBC40247F83400506009
:102AC0002846336898470020F2BD31682846884779
:102AD0000220F2BD8422002088220020683A0020D3
:102AE00020240020F8B5044684B065682368266871
:102AF0002768D4F800C0D4F800E022682168206874
:102B0000DB690393B66902967B690193DCF8106078
:102B10000096DEF80C30926849680068A847216882
:102B2000086014F8080C03F043FB0446012005F08C
:102B300003FC010007D04220087005B02046BDE824
:102B4000F04006F0CFBA05B0F0BD7047B0B50568EB
:102B5000044606F019FFA97819B1BDE8B04007F0A6
:102B6000DDB80021697007F0D9F80E488168B1F12D
:102B7000FF3FDCBF4FF0FF3169600B490160204629
:102B8000FFF720F8287A022804D10848BDE8B040B1
:102B900007F08AB96B7AD5E904C269682046BDE8B6
:102BA000B04060478847024003000080F83C0020A6
:102BB000F0B589B00446D0E9016768460D4606F0D5
:102BC0004FFF00208DF8010078680690012005F085
:102BD000EDFA7060B0B138786946F5F74FFC3060B7
:102BE00080B129780139CAB2022A8FBF002149B2C7
:102BF000064A52F821100023B1600549122206F05E
:102C00003AFE00E00024204609B0F0BD54CC01009B
:102C1000F4220020B0B5044606F05EFF03F060FC2D
:102C2000054606F081FE022806D32DB1BCB1601C1A
:102C300005D14FF0FF3412E06FF00400B0BD0D4A33
:102C40004FF47A700023A4FB0001126806F086FBA3
:102C5000044651EAD0701CBF6FF00200B0BD686836
:102C600000214FF000422346F9F7CEFBB0FA80F086
:102C70004009B0BD50CE01001548164AD0F8841066
:102C800000681140144A914214D1C0F34061C0F36E
:102C9000C052C0F303300F280FD008280AD10029F2
:102CA0004FF0FF304FF0FF3308BF1720002A08BF56
:102CB000184600E0FF2040B2704722B91C200029CE
:102CC00008BF1B20F7E71A20002908BF1920F2E7E8
:102CD0009412005000F0FF0F0070B70BB0B5134D09
:102CE0000124E86B01680120884701281BD028686F
:102CF0003C21012200230024C5680D48A84790B15B
:102D000003F0B2FC0B480C490068D1E9002388604D
:102D1000C01A0A4BA2EB92025843B2EB104F98BF75
:102D2000020C01240A602046B0BD00BFA4010010BF
:102D300000A00C40302009400823002040420F0032
:102D4000B0B51448144D807B95F83911084306D06E
:102D500006F01AFE95F83B1121B106F0DFFF0024C2
:102D60002046B0BD012485F83B4106F0D7FF022084
:102D700004F06AFA0D20FBF73BFE084801680029C1
:102D8000EED1074940220A604A60002185F83A11D5
:102D9000C461E4E798C901000019002004800C40D8
:102DA00038500C4079B36FF0C0020B0E02EA81126A
:102DB000202B05D0212B05D0A02B05D1302118E0E8
:102DC000102116E0202114E0B1F1807F01D24021D2
:102DD0000FE0102B05D0112B05D0402B05D1702111
:102DE00007E0502105E0602103E09021502B08BF4F
:102DF0008021114341F00F0104C8531C18BF8A42BF
:102E0000FAD140F8041C70471CB51548017E022910
:102E100004D11920BDE81C4006F0BEBB017E01298B
:102E20001DD0007E04281AD006F0AEFD044601A88D
:102E3000FCF732FC28B101990A4831B106F062F87A
:102E40000AE0084806F05EFF06E006F05BFF064871
:102E50000421283007F02CF8204606F05FFF1CBD47
:102E6000701D0020743E0020101F0020B0B54FF0F0
:102E7000FF3006F099FB104D04461049E86988427E
:102E80000DD10F480F49002206F065F9022028767F
:102E900004F0F2F918B9FDF7DDF8F4F753FB0A482E
:102EA000044208BFB0BD09484FF000512830BDE8CA
:102EB000B04006F0FDBF00BF701D002015300000BF
:102EC000741F002049BD000002000040101F0020B8
:102ED0002DE9FF41144DD5E900673879FBF788FDEE
:102EE00006F052FD04463078B0B90DF104084046B2
:102EF00006F042FBB87979790C4A43460195029075
:102F0000301D02F01BFF38684FF0FF31C1620849E5
:102F10008160012131704160204606F0FFFE0248C9
:102F200004B0BDE8F08100BF84CD0100339C0100F6
:102F30000018002070B5174A0546906910B30123A8
:102F4000147A137209BBE968426905F114069142CB
:102F500002DAE968FBF71CFA3068B04213D06869FE
:102F6000016869614E60806828614169E9602021DB
:102F7000EFF3118581F31188294603F0EBFF85F308
:102F8000118802E070BD0120A8602046BDE87040B5
:102F900003F000B868210020F8B50C46154600265D
:102FA00020B1012810D0042814D01DE0162C19DA05
:102FB0000F4F16220021384606F020FA22462946F5
:102FC000384606F025FA10E0022C0BD12888094972
:102FD00008800AE0082C05D107482946082206F097
:102FE00071FF02E0182600E002263046F2BD00BF65
:102FF00098410020BE3F0020CC23002038B50D466C
:10300000290427D5144A1078FEF79CFF04001ED02F
:103010002078A2280BD0B02816D1204607F086F8D9
:1030200090B1217904F1080007F014FB0CE06079FD
:10303000652808BFFFF752FC08480078FF2803D036
:10304000214605F07DFC10B1204605F06AFC85F4B0
:10305000004032BD002032BDB40F002076020020B7
:10306000F0B50246002002F1FC03144C144D6E78BA
:1030700002E00028FBD0FF26171811F800C0FD372A
:1030800006EA0C063E722E1811F800E0767A46EA3F
:103090000E060E5405EB000C9CF801E006EA0E0645
:1030A0003E702678082E02D05E78370701D50226BA
:1030B0001E70401C0828DCDBF0BD00BFC80F0020DC
:1030C000C00C002080B516480378112B02D0122BBB
:1030D00020D001BD134A1078002107F02FFA48B91B
:1030E00004F05AFC002004F057FCBDE80240FF2029
:1030F00007F004BA00F14C02117809B90123C37238
:10310000491C117092685178CA0607D4BDE8024084
:1031100006F0B4BEBDE8014006F004BF01BD00BF2B
:10312000C80F0020D50F0020FEB5C0B206F0FCFA93
:10313000124A92E83800694681E838008069104DEB
:1031400020F0004002906FF0010495F90000A042C9
:1031500018BF04F081F90B4E0B483768006857F828
:103160002C3F002269469847A042287005D1902044
:1031700007F0C4F9002004F00FFCF7BD10C30100F4
:1031800036240020200F00201C0F00202DE9F041E4
:10319000D0F8A8501F4616468846044625B120465A
:1031A000414632463B46A847D4E928010F40064035
:1031B00056EA070008BFBDE8F0812046414680225C
:1031C00002F062F9C4E92C6740B1D4F8A81081601C
:1031D000D0E90812B143BA43C0E908120020C4F88C
:1031E000A80004F15000BDE8F04106F05DBE704754
:1031F00010B500F0D7FD002801D0002010BD01203F
:1032000010BD00BF10B500F0CDFD002801DB00208F
:1032100010BD012010BD00BF10B500F0C3FD002897
:1032200001DD002010BD012010BD00BF10B501F070
:1032300041F8002801DA002010BD012010BD00BFB8
:1032400010B501F037F8002801DC002010BD012086
:1032500010BD70477FB506F097FB114E04463078DD
:10326000C8B901AD284606F087F900200E4A27218B
:103270002B468DF80C004FF0FF300290094802F009
:103280005DFD0A480121012505F0E2F90848002109
:1032900005F0DEF93570204606F040FD7FBD00BF29
:1032A0002724002060410020339F0100A83C00201B
:1032B000F83C00200023B3EB113F1CBF05207047F2
:1032C00003783F2B84BF0920704770B544880026DF
:1032D000B6EB942F01D0072070BD8588B6EB952FF3
:1032E00001D0082070BD0A480078032801D10320CE
:1032F00070BDD181962100201372D4809580917287
:103300002103908141EA03612943116070BD00BF30
:10331000072300202DE9F0478AB006468800994629
:1033200090460F1D0DF1080A8DF8070000203904A2
:10333000C4B211D0BDB2B1B248465246202D28BF0A
:1033400020252B4606F040F9204651462A4605F036
:10335000D9FB2E447F1BEAE70DF10701204601222D
:1033600005F0D0FBB0EB080018BF012040000AB008
:10337000BDE8F0877FB506F007FB114E04463078B4
:10338000C8B901AD284606F0F7F800200E4A13210F
:103390002B468DF80C004FF0FF300290094802F0E8
:1033A000CDFC0A480121012505F052F90848002109
:1033B00005F04EF93570204606F0B0FC7FBD00BF29
:1033C0002A2400207C410020359F0100483D002038
:1033D000983D0020B0B5124806F024FB05F09AFE97
:1033E000104D114C0121012228680368204698479E
:1033F000286801214268204690470C480C4C006820
:10340000E168086004F052F9E168486003F0D4FE16
:1034100004F096FB03F098F906F092FA0020B0BD94
:103420009DDD0000D80100100040034050CE010097
:1034300058230020F0B51549154A00208C46141871
:1034400013586146271D2169E0CF4CF800300CEB82
:1034500000032030B0F5387F5D609E60DF60196149
:1034600061695961A1699961E169D961E7D111582F
:103470004CF800100CEB00011044041D00691CCC3A
:103480004A608B60CC600861F0BD00BF0080002105
:1034900018B90100B0B5F4F72FFA0F4C0F49104AD4
:1034A000104B206845685020A84710B120688068FC
:1034B00080470D480068804704460C4806F060FBD2
:1034C00004F0A6FC01F0D4F90948016820468847B9
:1034D00002F096FB0020B0BD0824002015830100F7
:1034E000ED42002084420020842200209D900100B3
:1034F000882200202DE9F047054615488A464FF0FE
:10350000FF394FF0000804686768BC421DD02646AA
:103510002468307D0028F8D06DB1F06850450AD19C
:10352000306918B130625044F06001E086F81480D0
:10353000D6E906108847307D0028E6D0F068A0EB79
:103540000A00484538BF8146DFE74846BDE8F087B6
:10355000A81E0020B0B5164A0121147A117220224B
:10356000EFF3118582F31188024652F8143F93421B
:103570000FD010680368136001745A60C16809B104
:1035800000220A758068294603F0E4FC85F311885F
:1035900008E0017CC90706BF418A0131012141824F
:1035A00085F311882046BDE8B04002F0F3BC00BFAF
:1035B0006821002070B5144E2021306EEFF3118584
:1035C00081F31188716D726EB1FA81F1C1F11F0141
:1035D00002EBC101814210D90C480121047A017229
:1035E0000B4805F044F9002086F85000204685F38A
:1035F0001188BDE8704002F0CDBC002086F8500074
:1036000085F3118870BD00BF941C00206821002044
:103610009146010070B5044604F1380004F19006AB
:103620000178134D41703078012813D120897288B8
:10363000401C90420EDB04F16101204606F03EFF83
:10364000D4F89C11204688472A68A179505402205A
:10365000307006E0D4F89C11204688472A68A1798A
:1036600050542868A179425C206841688A7370BD13
:103670006C4200202DE9F84F884604465FEA580561
:1036800000E06D0824D02F4614E014F80B10A1556B
:10369000761BF6B2AE420ADBA6EB050B14F80B0064
:1036A00005F0A2FE0268516888688245EDD304F8EF
:1036B00006907F1CF8B24045E3D2FEB2A05D05F053
:1036C00093FE01684868D0F808A014F80690E1E776
:1036D000BDE8F18F2DE9F0410E4614490546086812
:1036E0009046804701240027291991F87710FF2977
:1036F00016D0002200E0521CD3B216F803C0BCF171
:10370000FF0F0AD06145F6D12A19FC2182F8771003
:10371000F9B2F35C08F801307F1C641C042CE3DB75
:10372000034A11688847F8B2BDE8F081842200207E
:1037300088220020F8B505460E4606F0F3FC144F2B
:1037400004463868C08806F075FF08B91420F2BD39
:103750003A684088117861B105F064FC01460622A0
:10376000284605F055FE04F0D5F800B10120A871F7
:103770000BE005F057FC01460622304605F048FEF6
:1037800004F0C8F800B10120B0712046F2BD00BFBE
:10379000740F002038B586B00446694606F0BEFCBA
:1037A0009DF80E000125082806D19DF80110002281
:1037B0002046EDF7BEFE16E0042815D106F016FFF0
:1037C00008B1112011E00A4A1079002100B101214D
:1037D000907808B141F00401507C00B10820014309
:1037E000204606F097FC0546284607B030BD00BFCE
:1037F000741A00202DE9F0471349144D0A6852F855
:10380000180F804712492F680E68C41BB6F57A7FDF
:1038100014D0A6FB04014FF47A72002305F09EFD3C
:103820004FF47A7AAAFB008904460AFB01994046C4
:1038300049463246002305F091FDC0192860204614
:10384000BDE8F04701F03CB808240020B442002055
:10385000944200200F280ED840F20252DFE800F018
:1038600014101210080D081010100D100810100D73
:103870004FF2011208E01E2802D141F2011203E0CA
:10388000002201E04FF4817231B1FF2907D14FF2DC
:1038900003101040C03008E042F0300005E0C807D7
:1038A0000CBF42F0200042F01000000400F2037050
:1038B000704770B50446C0B205F096FD0646E0B20A
:1038C00005F032FF054606F5CB700178012916BFD9
:1038D00002294C1E8C1E0179022908BF0021707933
:1038E00008B9FF2070BD287CC2070FD496F8943029
:1038F0000022E0B206F0D2FD696980B241F658328A
:1039000001F0004102EBC00211436961002070BD6B
:10391000F8B506461148012714460D4647700720A2
:10392000FBF766F8022003F08FFC3120314605F0EA
:1039300041F80B48032100224160016821F0030196
:1039400065F3000165F34101016006482146006806
:1039500003680020984704480760F8BDE021002074
:103960000C800240CC010010A802504270B5044601
:1039700006F0D6F8104E0546306858B1C08806F0FB
:1039800059FE38B13068C188695C2046BDE8704096
:1039900003F0FABA094864B909490A78022A08DB2F
:1039A000084C00F110012246002006F0AFFB204633
:1039B00070BD103070BD00BF740F0020CC0B002014
:1039C000A90F0020080E00207CB504460121E078F4
:1039D000134E1A284FF6FF7506D1A0883288904200
:1039E00005D106F08FFB0146E0781A2808D1A0889F
:1039F0003288904218BFE07808D108000FD006E066
:103A0000302801BFA28833889A42358039B1358089
:103A1000618900912389E288A18806F06FFB73BD5C
:103A20005802002070B51149114D0A78114E012439
:103A3000052A07D0132A15D110B906F077F890B1EE
:103A40000D4809E010B906F071F860B100220021BC
:103A5000052000F054FD0948306001212878FAF76C
:103A6000D7F800E00024204670BD00BFC80F00203A
:103A7000C70F0020480F0020FF5C01006D9300007D
:103A800070B5144D29680446886FD8B1124E2022B3
:103A90003146204605F0FAF860B1202206F12001F7
:103AA00004F1200005F0F2F820B106F057F858B9FB
:103AB0000A2070BD2868416F20222031204605F081
:103AC000E5F808B1082070BD2046BDE8704006F05A
:103AD00011BB00BF740F0020B020002038B5044691
:103AE000134800684178132903D114214170002044
:103AF00032BD15291AD106F031F880B90D4D2022BA
:103B00002946204605F0C2F848B1202205F12001DF
:103B100004F1200005F0BAF808B10A2032BD2046B1
:103B200006F0E4FABDE8314006F0DCBA082032BD08
:103B3000740F0020B020002078B58FB00C461546D9
:103B400002A906F0EBFA060021D100200090002324
:103B50009DF8091001AA01F001010DF10A00FAF720
:103B60002BFD060013D19DF804300620434308AA1C
:103B70001C2103F1210004F05FF99DF80400EDF72A
:103B8000DBF9012808BF20709DF83A002870304604
:103B900010B070BD70B506680D46044605F0F4FE21
:103BA0000F490978012901D1317819B106F0B6F829
:103BB000002413E00121317006F0B0F80948002D0F
:103BC00018BF28460178317301290CBF41680649A6
:103BD0008068B0611220B160FAF70AFF204670BD1C
:103BE0002824002064CB010071840100F8B504F0A2
:103BF000EFFE134900220023002500248860486856
:103C00000668A6B1B6F1FF3F05DD5BB11768354424
:103C10003744176009E0AC4226F0004698BF2C46B6
:103C2000002302E00123024635463044E8E7886875
:103C300005F002FCA54288BF2C462046F8BD00BF17
:103C4000F02000202DE9F04190460D46064605F093
:103C500043FF02F045FCC0B1074604F0B9FEBC6862
:103C6000B4B154F80C1CB960FF21002704F8021C01
:103C700044F80C7C05F0E0FB14F8080C307014F8E4
:103C8000070C2870C8F8004005E06FF0040702E058
:103C900005F0D2FB02273846BDE8F0812DE9F0415E
:103CA0008846054605F018FF00F0F4FEE8B1064628
:103CB0000F480024071D04F08BFE062C15D037F8A2
:103CC000041C11B10C370134F7E70021C7E900618A
:103CD0004FF6F87127F8041C2C707168C8F80010B2
:103CE00005F0AAFB0020BDE8F08106F068F800BFEF
:103CF000E83D0020B0B5124949684A68D2E901158B
:103D0000D46860B155EA040005D00E480022C261B3
:103D10000D4A5032026021B106F005F901E001B10F
:103D2000884755EA040008BFB0BD05F0C7FA05B1E1
:103D3000A84704B1A0470448BDE8B04004F0B8BBB0
:103D4000701D0020001004400100070670B505F04A
:103D50001BFE104E04463078B0B90F4D0F4A31218A
:103D60000023284601F0EAFF05F11C0006F11001CE
:103D70000422082305F084FB094A4FF0FF3001219B
:103D80000125FFF7C5FD35702046BDE8704005F000
:103D9000C5BF00BFE0210020A4210020C9A700006A
:103DA00080A90300F0B5144D21F00044464275EBA4
:103DB000040604D323F000465742B54101D2012046
:103DC000F0BD42EA000534432C4304BF0020F0BD9F
:103DD00013EA010406D4841A71EB030406DA4FF0E7
:103DE000FF30F0BD141A73EB0104F8DB504059406A
:103DF000084318BF0120F0BD0000F07F00B5EFF3CD
:103E0000038212F0FF0F0DD06A46A2F1200282F366
:103E100009886FF0020E10604FF08071D1610B497C
:103E2000916170475DF804EB694681F3098880F37E
:103E300008884FF00200EFF3148180F314880448DF
:103E4000016821F040410160704700BF243E01003D
:103E500034EF00E01CB5144C0346E07902280A4612
:103E600002D11BB9002016BD04281AD0CBB11F2ADD
:103E7000A8BF1F226946012006F030F900281CBFA8
:103E80000078002801D1E17959B1E179012918BF01
:103E9000032902D110F0030F03D10229E2D1C00798
:103EA000E0D5012016BD00BF2002002038B5104823
:103EB0000068002101E0017200680028FBD10D4973
:103EC0000D4D08688047044605E0C168296000225E
:103ED000C26005F079FC28680028F6D1074A2860FE
:103EE00000212046064C11702368BDE83240184777
:103EF0004C0F00208422002068420020E342002072
:103F000088220020F8B504461646FF2730000D46EB
:103F10001ED010490868804701460420231800F18C
:103F2000FF0293F87630FC2B08D1F3B22B442044E7
:103F300013F8013C80F87630761E1746D0B2002880
:103F40001CBFF2B2002AE9D1034A0846116888472B
:103F5000F8B2F2BD842200208822002073B501F05F
:103F600023018DF8041001AD0E490F4CCA610861A0
:103F70001A448B60CB604A610D20012681F8200035
:103F800004230A4A0C604D608E6181F82130084B91
:103F90001C68106854F8142F904710B1002003F0EB
:103FA000FBFC73BD100B0020D40D0020600F00201F
:103FB000280F002070B505460E46632004F0BCF9BA
:103FC000040020D0C22020700022E9786170A27025
:103FD000E87888B920223146E01C05F019FA202241
:103FE000291D04F1230005F013FA202205F1240114
:103FF00004F1430005F00CFA2146BDE87040024888
:10400000007804F09DBC70BD79020020F8B50E4622
:10401000044605F0B9FC0546D4E90101814205D109
:10402000284605F07BFE4FF0FF30F8BDE3682168BD
:10403000A2690133B3FBF0F707FB103702FB07104F
:10404000314605F03FFFA0686169E76001308842B2
:10405000A06088BF01462846616105F05FFEA06848
:10406000F8BD7CB5066804463079012888BF7CBD60
:1040700005F08AFC054696F86400C0B10020306760
:1040800086F86400B07A90B90120B07206F17C0025
:1040900005F00AFF3079012809D1B36CB16EB26F17
:1040A000D6F8CC606FF00D0000902046B04728464F
:1040B000BDE87C4005F032BE38B588B0044602A9A0
:1040C00006F02CF8050004BF9DF8160008281BD147
:1040D0000021009100239DF8091001AA01F00101BF
:1040E0000DF10A00FAF768FA05000DD19DF80400F9
:1040F000ECF722FF0246012000909DF816309DF853
:1041000004102046EDF77DF9284609B030BD704710
:1041100070B506680D46044605F036FC0F4909786F
:10412000012901D1317819B105F0F8FD002413E01F
:104130000121317005F0F2FD0948002D18BF284615
:10414000017842683172326102290CBF8068002018
:10415000F0600A20FAF74CFC204670BD24240020B1
:1041600034CB0100F8B5114F0546786808B1804797
:1041700080B1B868FCF726FD04460D4806787EB984
:104180000C48C088C0F5005000B2A84204DB1DB145
:10419000042605E00B2607E00020F1F7E5FC3E7859
:1041A000B8682146FEF7C6FE3046F8BD1022002052
:1041B00007230020903F00207CB5134E05460021C8
:1041C0000423F47801AA204605F0FEF99DF80400C6
:1041D000782816D0FF2801D07E2803D120467C21E4
:1041E00002F066FD04EB4400F47006EB8000808B67
:1041F000F0802844B0F5005F04D92046782102F011
:1042000057FDFF2420467CBD903F002010B505F0EF
:10421000BBFB0F4C217E022902D0217E042904D150
:104220000E490C6805F07AFD10E005F077FD0948AD
:104230000068006B8047084AA0FB020301FB0231C3
:1042400010F1905041F17A00E16C0C18204610BD3D
:10425000701D00208C01001000093D000430044056
:104260002DE9FF410DF1040807461C4615460E4690
:10427000404605F0EDFC0B984FF47A7143460390ED
:104280000A98002818BF01208DF80400084800682B
:10429000B1FBF0F000FB04F100FB05F2384602919F
:1042A000314604F04BFC384604B0BDE8F08100BF55
:1042B00050CE0100F0B5134D21F00044464275EB9D
:1042C000040612D323F000465742B5410DD342EA0B
:1042D000000534432C4304BF0020F0BD13EA010461
:1042E00006D4841A71EB030406DA4FF0FF30F0BDF8
:1042F000141A73EB0104F8DB50405940084318BF0F
:104300000120F0BD0000F07F2DE9F0410446114886
:104310000D4601781646CA07984619D50E4F3978CA
:10432000B1B10C2004F008F890B106999122027006
:104330003E234370832282704181C4708580C68091
:10434000A0F8088001463878BDE8F04104F0F8BADA
:10435000BDE8F081DD420020DA42002070B506465B
:104360000C46154606F066F928B94FF6FE708642EF
:1043700019D0142070BDC16A99B10279D00601D458
:104380000F2070BD0948007800B11024930700D4B5
:104390003DB9897EA14201D20C2070BD18B19006B2
:1043A00001D4052070BD002070BD00BFC20F0020E9
:1043B00010B5A2B0014640220DF1010005F082FDCA
:1043C00004218DF800100DF10100202106F0EEF817
:1043D00020210DF1210006F0E9F811A96846F9F74E
:1043E0005DFE00280CBF00241F2420210DF1450094
:1043F00006F0DCF80DF14501204605F06BFE0020CB
:1044000022B010BD10B504460021207806F096F8C1
:1044100008B9422010BD406DB4F803104378002263
:10442000D80607D520290FDBA4F80320C4F80520FF
:10443000122010BD074803888B4205D2A4F8032040
:10444000C4F80520072010BD2046BDE8104001211A
:1044500005F03CBE6002002030B513490020002268
:104460004B1CC4B2401CC5B21A55082DF9DBD02034
:10447000487230227820C8728A721020487308224D
:10448000FF2048700A730022C8788A7340F0DE006B
:10449000CA730A74C8708A78087942F0790240F0C9
:1044A00008008A70087130BDC00C0020B0B5044609
:1044B00014200021002505F057F80A20002105F0FE
:1044C00053F8072D11D885F0070024FA00F000F00A
:1044D0000101092005F048F80A20012105F044F8FF
:1044E000082005F024FC0135E7E71420012105F040
:1044F0003BF84FF42F70BDE8B04005F018BC704792
:10450000B0B502F029FE0E4C0E4D1420611CA847D8
:104510000A202146A84709202146A8470A49082021
:10452000A847B920FFF7C2FF084C1420A0470A2073
:10453000A0470920A04708202146BDE8B040084711
:1045400000640020179D010002200020015D010091
:104550002DE9F84305461048DFF8388000290F4C54
:1045600018BF8846002690F80090B1450ED0276805
:10457000B54203D0F8698047284204D07A682046C3
:104580004146904718B90C340136EEE70024204626
:10459000BDE8F883CFC5010093C0010060CC0100E5
:1045A000B0B50C4A0C4B0D4C0D4D0021C0E9021169
:1045B000C0E90811C0E90A11C0E90054C0E90413B8
:1045C000C0E90612074A084B084CC0E90C43826355
:1045D000B0BD00BF8D200100C9160100654101007A
:1045E000154E0000F15D010021200100258A010027
:1045F00010B504281CD10F4805F0ECFBC0B105F044
:10460000E5FB04460B4805F0E3FB604380084A28BD
:104610000ED8084805F076FB052002F015FE064886
:10462000012180F8251005480421283005F040FCC0
:10463000002010BD743E0020701D0020101F0020BF
:104640002022EFF3118182F3118890F8282012B113
:1046500081F311887047F0B50C4A012492F850306C
:1046600082F85040466B456A77680660476038605C
:1046700080F82840546D2C435465706081F3118894
:10468000BDE8F04003B17047FEF794BF941C0020D2
:10469000B0B5124CD4E91851606DB0FA80F0C0F199
:1046A0001F0001EBC001086802680A6051600A68D7
:1046B0008A4204D1416A626D22EA01016165FEF716
:1046C00071F8606D40B1616EB0FA80F0C0F11F000A
:1046D00001EBC001A942E6D8B0BD00BF941C002088
:1046E000F8B5124E00273774F06810B903F0E9F9F5
:1046F000FAE7F068316AB0FA80F0C0F11F0001EB10
:10470000C000F16988420DD9F061B469056820469E
:104710002946B56101F01CFE04F11C0005F11C01E5
:1047200003F0EAFA307C0028DDD1F8BD68210020D2
:1047300070B505460C4605F061FD28B94FF6FF70CF
:1047400005F05CFDB8B10580002200E0521C0B4B67
:104750001D78D1B2A9420ED24368D6B20C256E4361
:10476000334419880029F1D10C222146184604F05F
:104770004FFE002070BD092070BD00BFB50F0020A6
:1047800080B50B490B4A087000200B491070087067
:104790000A4A0B491070087005F094FC09490A4B4D
:1047A0007F2088700022094802701A7001BD00BF86
:1047B000D8420020DC420020DA420020D94200200A
:1047C000DB420020200E0020DD420020B60F00203A
:1047D00018B5114908688FB008B903F0DDF8202139
:1047E00007A802F0C9F804F023FD684605F090F828
:1047F000102042F210718DF80000019107AA029278
:1048000069460020054C04F06FFE206008B903F0F3
:10481000C3F810B010BD00BF6442002070420020F9
:1048200038B502F019FE104908688047044605F0C3
:10483000D1FE054604F0A0FF80B10178802918BFA1
:1048400040290BD18168284603F0B2FF30B105F052
:10485000F1FA18B140F2014005F064FE034A116814
:104860002046BDE8344008478422002088220020EA
:1048700038B50F490F4D0020086003F06FFD04F0BC
:104880003DFC0D480478600004F096FF286162004A
:10489000FF2104F0B3FD0422FF21281D04F0AEFD2A
:1048A000FBF7DCFD05480168891E0160002032BD70
:1048B0008C420020E02200208DCE0100904200209A
:1048C00070B50F490446086880470E4A1368E3181C
:1048D000B3F57A7F0BD30C490E684FF47A75B3FBAE
:1048E000F5F5AE190E604FF47A7101FB15331360C4
:1048F000064B1A6890472046BDE87040F8F7F8BAB2
:1049000084220020A4420020A84200208822002007
:10491000F8B50646C86860B110F00F0009D13768D5
:1049200014460D4605F030F897F8251021B105F032
:10493000F5F94FF0FF30F8BD012187F8251005F09B
:10494000EDF9296807F10C0C91E88D0029468CE8F7
:104950008D0030462246BDE8F840F3F75BBA2DE9FA
:10496000F0410F460646C189808998461446727AFE
:10497000337C451AA8B2FEF7CDFC08B1BDE8F08142
:10498000E919B28914FA81F0904206D9F18906201A
:10499000A14238BF0520BDE8F081307C89B2424693
:1049A000234604F011FE0020BDE8F08110B5044656
:1049B00014F00C0F04D005F005FE002105F07EFB7D
:1049C00005F004FE05F076FB14F00A0F07D005F0A1
:1049D0006DFB200703D505F065FB05F05FFB14F0C8
:1049E000050F09D005F056FB600705D505F04EFB15
:1049F000BDE8104005F046BB10BDF8B5044606986A
:104A00000D46002680B2E0B9022B18D11178079824
:104A1000527801EB0227C04307420ED1EA681168C1
:104A2000204605F0A7F8B8420CD0E86801683A467D
:104A3000204603F088FA064604E0802602E00D26B0
:104A400000E00B263046F2BD10B50E480078B0B13C
:104A50000D4802F071FC0D4C204603F029FE0C4875
:104A6000046103F059F840F2000CEFF311808CF36D
:104A7000118805F0A1F9BDE81040FCF70DBF04F066
:104A800059FF00BF941C0020355301004441002011
:104A9000D81D0020F8B50646002703F099FF04460C
:104AA0000E48302F06D0C519E96829B1B1420FD0A0
:104AB0001037F6E700250CE045F80C6F00200021C8
:104AC0002873A86004F067F9686010B905F077F9F9
:104AD0000C35204604F0B0FC2846F8BDF02000203C
:104AE000B0B50446481D85B22046294604F0ADFC09
:104AF00000F0FD022046294603F0A2FF0A4904EB1C
:104B0000440001EB800515F8190F58B12046022129
:104B100004F09BFC00F0FC022046022103F090FF11
:104B200000202870B0BD00BF903F0020B0B51048F5
:104B30004FF470510F4D006801EA80204142C5E9F1
:104B40000101012003F032FB044604F01DFF296837
:104B500039B105F0E3F84CB12046BDE8B04004F0AF
:104B600067BF2C60BDE8B04005F0D8B8B0BD00BF4D
:104B700030240340882300202DE9F04187680E4649
:104B800019447868814284BF6FF00300BDE8F0816A
:104B9000DFF82C804FF0FF311C461546D8F8000096
:104BA00005F042F8386822468119284605F08AF94E
:104BB000D8F8000005F078F90020BDE8F08100BFCA
:104BC0008823002080B50D4801420CD0012004F05C
:104BD00005FF012808D10B4800210C4AC1610A4990
:104BE000CA613C31016080BD05F0F0F83221B1FBB3
:104BF000F0F10348BDE8804004F084B904000020CF
:104C0000743E002000100440701D0020153000008C
:104C100070B50E46044604F0B7FE0546A068B8B16C
:104C200020682169A26901FB0201304605F04AF9BA
:104C3000D4E9010122690139A160511CB1FBF0F2F4
:104C400002FB10102061284605F068F8A06870BDCE
:104C5000284605F063F84FF0FF3070BD104803217F
:104C600080F85A10022180F84B10012101750021B3
:104C70000170062180F89510052180F88B10042121
:104C800080F84E10072180F86A100649C0F8AF106E
:104C90000A2180F8271009218177082101737047C4
:104CA000D50300217D410021B0B504F06DFE04461E
:104CB00005F002F80028FBD0032002F02DF80B4885
:104CC000002180F83811204605F028F8084881684E
:104CD00002200D4688470446102002F0FDFA24B158
:104CE00003202946BDE8B0400847B0BD00190020A8
:104CF00098C90100F8B592E87800771C08BF05262E
:104D0000002780F828700127C0E9043100F118015C
:104D1000B740F0C11169C0E90B1108494A6E02EBB6
:104D2000C602426301F148024060006000F10801E0
:104D3000104603F03BFF0020F8BD00BF941C00208C
:104D400010B5FBF7FFFE03F0A3FC01F07DFF0C485C
:104D50000C490D4C016094F8440010B9012084F80E
:104D60004400FBF76FFF02F0B3FF02F0EDFFFDF729
:104D7000E5FC02F0BBF804F08BFE0120207010BDB2
:104D8000C8420020483B0020941C0020F8B504468F
:104D9000104A206F05685169B4F87A314978EA8879
:104DA000C918891D8A4214DA002606602F46B868A1
:104DB00020B1B868FCF7D6FBBE60FE8038680746B5
:104DC000AF42F4D1206F05602046BDE8F24005F007
:104DD00055B9F1BD38C20100F0B50020FF210F4ADE
:104DE0000F4B002711E01C24966814FB00F42644A6
:104DF000401C7770C0B29568295596683444676145
:104E0000A7616760A760E76027611C78641DA04206
:104E1000E9DBD770178057609170F0BD0442002025
:104E2000D40F0020F0B513180D469C1E93081E46A3
:104E300036B154F8027C043C013E3FBA80C5F7E726
:104E400002F00302032A05D0022A0AD0012A0CD15B
:104E5000007808E00278B0F8010040BA40EA024069
:104E600001E0008840BA41F82300F0BD10B5FFF71B
:104E7000F3FA0F4C01202021A04702200821A0476F
:104E800002201021A04702200221A0470220042175
:104E9000A04702204021A04702208021A0470220F5
:104EA0000821A047022010212246BDE810401047EB
:104EB000858201000E485022016841F4087121F0FA
:104EC000020101600B48032140F8041C41F230014B
:104ED00081600121016082604FF4CA6201608260DA
:104EE0004FF48652016082600160034801607047A0
:104EF000000004605860044000410440B0B504461E
:104F00000C480D46007808B902F0FCFB0A4800780E
:104F1000A0429CBF0020B0BD094A0849002D04EB07
:104F2000440018BF294652F8200082692046BDE897
:104F3000B04010472924002011CB01003C000000A4
:104F400078CC0100B0B504F01FFD044604F0B4FEB7
:104F50000C48002180F83811032001F0DDFE2046C6
:104F600004F0DCFE0848816802200D4688470446AC
:104F7000102002F0B1F924B103202946BDE8B04069
:104F80000847B0BD0019002098C901000CB54FEAD0
:104F900041034FEA5353B3F54073FF3B44BF002036
:104FA0000CBDD3F11F030FD94FEAC12242F00042DA
:104FB00022FA03F20B2B3EBF1533D84002430029DF
:104FC0004CBF504210460CBD00294FF0004058BF66
:104FD000401E0CBDB0B52021EFF3118481F3118880
:104FE00001250B49CA6A0D604069030CB0F5802F9A
:104FF00038BF0423981848610648232100680268D6
:10500000002090470448056084F31188B0BD00BFBC
:1050100004200940840100108002244370B5D0E9C7
:105020000A43BE251CB103F8015B013CFAE7D0E955
:105030000A34D0E90D56C06B043B23F0030323442C
:10504000074C43E9022143E904056021FF2243E9BB
:105050000646A3F17804204604F0F0FD204670BD1A
:10506000C58F0100F8B504461646F0070D461F46E9
:1050700003D41D2E18BF1B2E09D16946204604F00B
:10508000F9FF172811D0F00701D51E2E05D169466A
:10509000204604F0EBFF172807D0069800903B4607
:1050A00032462946204604F0DDFFF2BDF8B504463D
:1050B00000250F4E0BE0B86808B1FCF753FA0C223C
:1050C0000021384604F09AF9002038806D1C3178B0
:1050D000E8B2884207D26268EBB20C214B43D71882
:1050E00038880028E7D14FF6FF712180F1BD00BF5D
:1050F000B50F002083B24FF2FF52A3F20153934247
:1051000022BF8BB2A3F20153934201D21220704707
:10511000094A1368188059800A2193F9000090FB0E
:10512000F1F11971106890F902100A2291FBF2F264
:1051300042710020704700BF400F002010B508B931
:10514000122010BD0C4A517809B10C2010BD0B4A39
:10515000435C5418491C08296370F9DB9078C10737
:105160004CBF0721052100074CBFFF20FB20014059
:1051700003480170002010BD780E0020C00C0020F4
:10518000C50F002070B506460D46C0B204F02CF9DC
:105190000446F0B204F0C8FA002818BF002C13D05F
:1051A000617989B1012D05D1C17E41F08001C176BF
:1051B000002070BD45B9C17E01F07F01C176017F3D
:1051C00001F0F8010177F3E7FF2070BD70B50546E7
:1051D0000E4A688816880E4B0024864203D2AA889D
:1051E00099788A2004E0884205D2AA8899788B2091
:1051F00000F048FF08E005F039F8A860002812BF69
:105200000124812005F05EF9204670BDD0420020C7
:10521000780E002010B50D490A780124062A11D114
:1052200010B904F083FC70B1002200210620FFF7C2
:1052300066F90749074A0848086001211078F8F71D
:10524000E7FC00E00024204610BD00BFC80F00208E
:10525000480F0020C70F00207D1D011080B50C49AC
:105260000A78082A11D10B498A78FF2A0BD010B985
:1052700004F05CFC38B10849084A0948086001217B
:105280001078F8F7C5FC012002BD002002BD00BF68
:10529000C80F0020780E0020480F0020C70F002004
:1052A000659E010070B5054605F10804A0B2A8424C
:1052B00001D2002070BD0A49086880470646A0B2A6
:1052C00004F07AFA040005D00648A5800168216040
:1052D00004600834044A116830468847204670BD8F
:1052E00084220020A04200208822002070B50D46B4
:1052F000044604F049FBD4E901128A4204D104F0C7
:105300000DFD4FF0FF3070BDE36822680133B3FB41
:10531000F1F606FB11315554E160A1686269013173
:105320009142A16088BF0A46626104F0F7FCA06860
:1053300070BD70470C48032290F85010012180F88E
:1053400050100A4802750A4A137A1172006948B16E
:1053500010B5084C204604F089FB2046BDE81040FB
:1053600004F08ABB704700BF941C0020D81D0020A9
:10537000682100202F9F0100F8B50D480D4D0E4FFC
:105380000126046804608CB1B4FA84F0696880F086
:105390001F0006FA00F251F8201094430029F2D0C1
:1053A00057F820205203EED58847ECE7F8BD00BF40
:1053B000E020024074CB01000010084070B504F0FA
:1053C0008BFB044604F0B0FA022801D2FF2513E05B
:1053D0000A480025061D03F0FBFA062D09D036F811
:1053E000041C31B131680968A14203D00C36013583
:1053F000F3E7FF2504F020F8E8B270BDE83D002097
:105400000F49C3070A68496D01D1002106E001F088
:10541000040102F00103C91818BF0121830744BF2A
:1054200002F0020341EA5301400744BF02F00400C6
:1054300041EA90010220002918BF0120704700BFF7
:10544000402108400F49C3070A68496D01D1012175
:1054500006E001F0040102F00103C91818BF0121A0
:10546000830744BF02F0020301EA5301400744BF2F
:1054700002F0040001EA90010220002918BF012077
:10548000704700BF40210840F0B50F4C00234FF09B
:10549000580C8EB20027B3F5307F0FD0E1180D8E77
:1054A000B54208D139B10D69854204D14AB191F8AC
:1054B0003350154203D158330137ECE70021084639
:1054C000F0BD07FB0C41FAE70030002070B5044640
:1054D00005680D48C6680D480068006B8047811B51
:1054E000080B05EB1132B5EB113F40F6C41188BF34
:1054F00050088842206004D880084A2802D84FF417
:105500009671216070BD00BF701D00208C010010DD
:105510002DE9F041074610201E4690460D4604F046
:105520006DFCA8B104460698E580224639682160E2
:10553000B988E0600520667284F80880A1800021A7
:1055400001F01EF920B12046BDE8F04104F050BC46
:10555000BDE8F081002944BF0020704704B54FEA40
:1055600041024FEA5252B2F54072FF3A44BF002066
:1055700004BDD2F11F020CD34FEAC12141F000411A
:10558000D1400B2A3EBF153220FA02F211430846E1
:1055900004BD0020401E04BDF8B50D4E04460D4F5D
:1055A000306E50F82100B84201D00020F8BD0A4802
:1055B0000D4624300090204602F01CFE0028F4D056
:1055C000306E50F82500C01B18BF2046F8BD00BF44
:1055D000D81D0020817C0100941C002010280FD3CE
:1055E00010380E4A0123410900F01F0002EB81012F
:1055F00003FA00F0D1F8F020C1F8700110407047B4
:105600000F281CBF0020704704480168026822F080
:105610000202026001F00200704700BF10E000E0EB
:1056200010280FD310380E4A0123410900F01F0043
:1056300002EB810103FA00F0D1F8F020C1F8F0008C
:10564000104070470F281CBF0020704704480168B5
:10565000026842F00202026001F00200704700BFDF
:1056600010E000E000B1704780B52021EFF3118019
:1056700081F311880A494A6D22B180F31188FDF740
:1056800099FF04E0002281F8502080F31188054939
:105690000122087A0A72BDE8804000F07BBC00BF9E
:1056A000941C0020682100202DE9F0411546884611
:1056B000074600205821002200262B4600F088FCD7
:1056C00078B1394642462B46044602F029FB08B120
:1056D000264606E0044821465822806843689847D9
:1056E00000263046BDE8F081941C002070B50646C7
:1056F0000C00154618BF002D01D1122070BD0020EE
:1057000020702870304604F0A9FF01000FD1F0B2DC
:1057100003F06AFE90F89611042908BF0321217056
:1057200090F89601042808BF03202870002070BD5F
:1057300010B5010003D04AF2B911884201DB3020D4
:1057400010BD0A4A4FF47A7148435060107801281E
:105750000AD1074C20784FF4805101F0D1F920781C
:105760004FF48051F8F754FA002010BD880E002045
:10577000C70F002038B50D460B490A789042044601
:105780000FD20A4B1868804709490A4B096831F85B
:10579000142022EA050521F81450196888470020D2
:1057A00032BD032032BD00BF8DCE01008422002017
:1057B000C442002088220020F8B50D460C4904465A
:1057C0000868164608B9FEF715F80A4908688047C0
:1057D000074632462946204600F052FA064A11682A
:1057E0000446384688470CB10020F2BD0820F2BDBF
:1057F000AC420020842200208822002018B591B0FD
:105800004121684604F060FA6846F9F7E5FF04466E
:1058100020210DF1010004F0C9FE20210DF121002D
:1058200004F0C4FE002C0CBF00201F200DF121024B
:105830000DF1010104F012FC002012B010BDF8B50A
:1058400006460C46C0B203F0CFFD0546F0B203F0A9
:105850006BFF2968064648688768687948B9FF2061
:10586000F2BDF289688E40F6C411521C01FB00445F
:10587000F2812146384602F09BFF0028F1D1F2BDAB
:10588000B0B50D461021044603F0DCFAD4E900015E
:10589000401951F10001C4E900014FF0000040F14E
:1058A0000000012806D1D4E90201013041F10001D4
:1058B000C4E9020120461021BDE8B04003F0C2BA9D
:1058C00010B5046801206070207B012804BF00200F
:1058D00010BD022809D004281CBF4FF0FF3010BDB6
:1058E000064801780029FCD004E003484FF0FF315E
:1058F00004F09AF9606810BD983D0020EF23002065
:105900000B4801688907FCD50A4801210A4AD0F8EA
:105910003C0101284FF0010008BF202008239061BE
:10592000002010600548036043601160704700BFAD
:1059300058600C400019002000400C4038500C40CA
:1059400040F00201022918BF70477CB50A4D0B4C8C
:1059500080B27022042329684E68009020460021FE
:10596000B0472868002170227023D0F80CC0204670
:1059700002B0BDE870406047A401001000A00C40D8
:1059800010B50D4947F630020C4B053021F8022BBB
:10599000062214060CD00478013A24091C5D0C7010
:1059A00010F8014904F00F041C5D4C700231F0E75F
:1059B00000200870004810BDDC410020CDCA010065
:1059C00070B50D4E0D4C30688168204688470546FD
:1059D000606840F03000606028060AD0306800211E
:1059E00042682046904730688168204688470028F2
:1059F000F9D1E8B270BD00BFD801001000400340EB
:105A0000012917D010B5C08904B2002C00D564421A
:105A10002046FFF7E3FD0848084AC16C51F82430DE
:105A2000934218BF41F824200021006D40F8241053
:105A3000BDE81040704700BFD81D0020817C0100E8
:105A400070B52020EFF3118480F3118809480068B5
:105A5000006B8047084AD2E91556084AD2E910235C
:105A600084F3118803F07AFC281AB04288BF002022
:105A700070BD00BF8C010010A81E0020483B002014
:105A800070B50E480121047A017285692020EFF378
:105A9000118680F31188284600F05EFA032085F80D
:105AA0002000284600F0DCFE86F311886D602D6032
:105AB0002046BDE8704000F06DBA00BF68210020AC
:105AC00038B505460F2D0C4616DA4FF6FF72914297
:105AD00012D0022806D13C2014FB00F080B204F062
:105AE000B9FA04E00E2804BFE0B203F061F90348FC
:105AF00020F81540002032BD022032BDCC0100202C
:105B000038B504460D4D04F089FD2880294660888B
:105B100004F09CFA38B120892A88904288BF104648
:105B20002880162032BD21892A88914288BF1146DB
:105B3000608801F005FF002032BD00BF380C002056
:105B400010B502685368146940F6C41202FB0144A0
:105B50009C6081614FF4C873428A5143B1FBF3F1F9
:105B6000491C416101684B689A684169521A9A6000
:105B700001684B689A688A60BDE81040FBF7A2B8DC
:105B800050B50D490D4A49781268012904BF1478AF
:105B9000A0420ED0002300E023464C1EA34208DAA8
:105BA000D65C5C1CB042F7D18C4202D0501CC05C69
:105BB00050BDFF2050BD00BF780E0020340F0020E4
:105BC00038B504460125A078052810D1A08804F036
:105BD00039FA04280FD10948006800281CBFC3689F
:105BE000002B08D0E289A088A11D984702E020463A
:105BF00004F024FA0546284632BD00BF780F002085
:105C000070B50C4C0C482668C26856F8105F0B49FA
:105C100000F108030120A84718B1216851F8080FC6
:105C20008047F1F79FFB226852F8141F4FF0FF30B6
:105C30008847F6E708240020E0220020039F0000A8
:105C400038B50C4A0546106880470B490C6800E0DF
:105C500024684CB104F10802954221BF04F1080107
:105C6000A2888A18AA42F3D3044B196888472046B1
:105C700032BD00BF84220020A042002088220020E4
:105C800070B504460D46164603F01CF808B1466090
:105C900070BD102003F090FD78B1847205814660DC
:105CA00000210160C16005490A6812B9086070BD31
:105CB0000A4611680029FBD1106070BDAC4200207B
:105CC00080B5C0B203F090FB010003D0CB895B0824
:105CD000042B01DA002002BD0A2093FBF0F00A2217
:105CE00002FB1033012BACBF012200221018B1F8C7
:105CF000621182B28A4228BF002080B202BD704782
:105D0000FF2817D0B0B5044603F0B4F80A4D286850
:105D100050F82410204603F0FEFF686850F8241065
:105D200011B1002140F82410A868002140F8241087
:105D3000BDE8B040704700BF74CB0100BBB12DE996
:105D4000F04786B0DFF82CE0EC4666469EE8B007E8
:105D500086E8B007D3E900451B7A8DF80830634622
:105D600001940495FFF718FC06B0BDE8F087002306
:105D7000FFF712BCFCC80100F0B50B4C0B4D50B145
:105D800049B10B4E03273760B768BF07FCD1012626
:105D90002E602060A1602AB123B10120C5F8000463
:105DA0002262A362F0BD00BF0440024000004842EE
:105DB0008847024070B50D4B1B3800FB00F193E89B
:105DC0007000DB6801FB00F283FB0223C6FB0123AA
:105DD000C5FB00231009190940EA0370001941EBC3
:105DE000E471000C40EA014070BD00BF2823002090
:105DF0007CB50D4E002104230024F57801AA284625
:105E000003F0E2FB9DF804007C2818BFFF2808D1AE
:105E100005EB450006EB8000808BC0F50054204662
:105E20007CBD7E28F4D0FAE7903F00207CB50C4D75
:105E30000C4C00214FF4C0720723286846680220EA
:105E400000902046B047286800214FF4C072072315
:105E5000D0F80CC0204602B0BDE87040604700BFDB
:105E6000A401001000A00C40F8B504460B480C4FEC
:105E700021262038013E0ED000F126052030214693
:105E800003F058F800282846F4D12878044900285F
:105E900008BF0D4600E03D462846F8BD40240020DE
:105EA00025CD010070B504460C4801210160D4E9FC
:105EB0001001D4E91623851841EB0306280C0022B3
:105EC00040EA064100F0DEFFD4E91623D4E90601DA
:105ED00050346CC4BDE87040084700BF042009403E
:105EE00010B5044608480949094A0A4BC4E902109A
:105EF000002004F11001C4E90032A061064802F05C
:105F000055FE204610BD00BF9B9D0100A19D0100D4
:105F1000959D01008F9D0100B423002010B588B02D
:105F200001AC0A491C22204603F0CCFF0020094A9C
:105F3000002123468DF810000A20039002208DF8DE
:105F400004000348F4F788FE08B010BDF4C7010050
:105F5000483B0020B59A0100B0B50D49CA680368F6
:105F600044682360436804686360C46C836925687F
:105F7000A54204BF9A43CA608A69824204BF0022D4
:105F8000CA6101220A74022180F82010B0BD00BF4E
:105F90006821002000B1704710B50B4C2020EFF3B2
:105FA000118180F31188207C28B1084890F85000B6
:105FB00008B9FEF795FB0020207240F2000CEFF3C9
:105FC00011808CF3118810BD68210020941C0020E2
:105FD000F8B50E460B4900281C468D68314618BF9F
:105FE0000546002A2F6808BF08222846B8470746FA
:105FF00028B9054A20462B46009602F00FFE384687
:10600000F8BD00BF941C002057BE0100F8B50D4F2D
:106010000D463978FF290446164611D00A2002F0B1
:106020008BF968B1B1210170002242700271448085
:10603000C580068101463878BDE8F44002F080BC96
:10604000F1BD00BF730200207CB505464FF6FF7618
:1060500001AC009402230A4A3146012004F0CEFA32
:106060000BE0E0680168284600F02EFDBDF8042032
:1060700000233146204604F0BDFA0400F1D173BD7F
:1060800074CE0100F8B50D4F0D463978044616461A
:1060900071B1062002F050F970B190210170447086
:1060A0004580868001463878BDE8F44002F048BC5F
:1060B000BDE8F24004F006BAF1BD00BFD9420020AD
:1060C00038B50D46290414D50B4A1078FBF73AFF72
:1060D00004000CD02078032808BFE06802D0012813
:1060E00002D16068FBF73EFA204602F01AFC85F404
:1060F0000045284632BD00BFD8420020F8B50C4FFD
:10610000044638680D46062638B90A490A7812FB53
:1061100006F003F051FB386040B1386874432946FB
:106120002044BDE8F840062203F072B9F1BD00BF7B
:1061300050420020C10F002010B50446A07A03F0A1
:10614000F3FA50B1617B8A0707D5017B41F0010169
:106150000173607B00F0FD006073616D087E0206D4
:1061600007D5607BC20704D4BDE81040012004F0CD
:1061700065B910BD10B5044603F05CFF204603F07E
:1061800033F990F82E01022818BF032804D10548DE
:10619000417941F0080141710349044B0A681878BC
:1061A000107610BDBC0A0020540F0020E1420020F0
:1061B00080B5014600200B4A02441379FF2B05D01D
:1061C0008B4204D0401C0428F5D304E0117140F048
:1061D0008000C0B202BD04490A6852F8080F804727
:1061E000FF2002BDE02200200824002070B50D46EB
:1061F0000B490446086816468047A5F10C01236840
:106200000A689D420CBF226046F80C2C0022FF2336
:10621000044C0A608B722168BDE87040084700BFDB
:10622000842200208822002038B50C4A05461068D8
:106230000C468047002144F80C1C2A6812B92C60D7
:1062400006E00A4652F80C1C0029FAD142F80C4C20
:10625000034A1168BDE83440084700BF842200208B
:1062600088220020F8B50F460B49044608681546F9
:10627000804706462A4639462046FFF701FD0400BE
:1062800018BFE560054A1168304688470CB1002008
:10629000F2BD0820F2BD00BF842200208822002029
:1062A00038B50546232002F047F8040013D0C22079
:1062B00020700122E9786170A270E87820B920226C
:1062C000291DE01C03F0A4F82146BDE83440024833
:1062D000007802F035BB31BD7902002070B593081B
:1062E00000241D4625B10659013D0E510434F9E73D
:1062F00002F00302032A05D0022A08D0012A09D19C
:10630000007805E08278008840EA024000E00088DA
:1063100041F8230070BD10B50C46410208D4C103FA
:1063200008D4810308D4B0F1FF3F10DC072004E05B
:10633000032002E0012000E002200021224600F0BC
:106340001FFA20B12046BDE8104003F051BD10BD3A
:1063500018B5C8B1C36A1A78BE2A0BD1CA6A1478B4
:10636000BE2C08D16C469C4203D3806A18448442F8
:1063700002D9FEE7FEE7FEE7C869904203D3896AC7
:106380001144884200D9FEE718BD78B587B00F9C4C
:10639000A5B2A5B1BDF84850BDF844600695A4B2B9
:1063A00003940596BDF840509DF83840049502943A
:1063B0000D9D0C9C0195009403F038FE00E0312007
:1063C00008B070BD02460229107803D1517800EB65
:1063D00001207047032906D15178927800EB012003
:1063E00000EB02407047042908D15178937800EB04
:1063F0000120D17800EB034000EB0160704770474B
:1064000010B504460B484021016080210160002145
:10641000C0F8FC1294F83C00042802D0022000F0DE
:106420007BFC94F8400020B103F09CFA002084F833
:10643000400010BD04440240B0B50B494022002486
:106440000A6080220A60C1F8FC42056895F82600BF
:1064500020B1064803F028FD85F826400220BDE85B
:10646000B04000F059BC00BF04440240A83C0020EA
:1064700010B50446008800F001FC01464FF0FF30E3
:10648000FF290DD0074A01EB410102EB810139B12F
:10649000896819B12046BDE8104008476FF0010037
:1064A00010BD00BFE83D0020B0B5044602F090FAF0
:1064B00009490A4B886054F8042D22F000422260FA
:1064C000DD682A44DA600A68A24288BF0C60BDE831
:1064D000B04002F0B1BF00BFF020002080220020B9
:1064E000B0B504466FF03F0502F072FA094915F1A4
:1064F000100209D04B19DB6C33B1A3421546F6D11B
:10650000114401F13C0400E0002402F095FF204614
:10651000B0BD00BFF020002070B515460B4A0E46F6
:106520004FF47A711C460023A0FB0101126802F0AF
:1065300015FF51EAD0711CBF6FF0020070BD3146EB
:106540002A462346FAF7BAF9002070BD50CE010062
:10655000B0B50A490A4A0B4B0C684D68AC42FCD1F5
:10656000844208BFB0BD155C145DAC424FF0FF35EE
:1065700038BF01252C441C5D0C60EDE700600C4029
:106580008CCD010090CD010010B50A4C002120688F
:10659000426801209047206801680120884708B1BF
:1065A00000F062F804480068E0680068804703492A
:1065B000C86010BDE0010010302009400823002011
:1065C00010B50A490A4C0860D1F8980040F0030061
:1065D000C1F8980020688169202088470548006834
:1065E0002068806BBDE81040004700BF8C21084048
:1065F000B80100102C20094070B50B4E05460B4C1D
:10660000306881682046884700F003000021286038
:106610003068426820469047306881682046884745
:106620000028F9D170BD00BFD80100100040034020
:106630002DE9FC410B4C0746984615460E4660680E
:1066400008B1804758B10421E0682A4643460091CA
:1066500006EB473102F002FFC00FBDE8FC810B20C2
:10666000BDE8FC811022002010B50A480B4C0188BF
:10667000C907094907D14FF0012222600088086844
:10668000BDE810400047086880474FF080702060E8
:1066900010BD00BF00A00C408000001004A40C40FE
:1066A0007CB50B4D0B4C00214FF040521C23286849
:1066B0004668032000902046B047286800214FF428
:1066C000007209234568012000902046A8477CBD40
:1066D000A401001000A00C40B0B503F055F90A4920
:1066E00091E83C000F1D1CC70B69084C1C4485EA4F
:1066F000950383EA43030C61534083EA02150D605E
:1067000003F00CFB6019B0BDC8410020C58705002F
:10671000F8B50C46054603F037F92B1D6E690ECB14
:106720008F1AA74238BF3C4622442344B24288BF56
:1067300016466E61B3FBF1F606FB1131C5E9022185
:1067400003F0ECFA2046F8BD10B58AB001AC204643
:1067500003F0BCF94FF480600849224600230690FC
:106760000448059001200490034801F0D9FA0AB0CA
:1067700010BD00BF00290020A83B00204100000000
:10678000F8B50546082017460E4603F037FB78B1EA
:10679000044647608670058006482246D0E901100D
:1067A00000F03CFB08B10020F8BD204603F020FBC0
:1067B0001320F8BD401E0020F8B5D0E9006503F0B5
:1067C000E3F80446307870B1287902F03DFF0128E3
:1067D00006D1286800274760301D03F005FB37709D
:1067E0002879F8F7BDFA2046BDE8F84003F096BADC
:1067F00004B54200120E0DD0FF2A0ED002F56072D1
:10680000C10F42EAC122014648074902090B41EA89
:10681000025104BD0021002004BD01464002C90D03
:10682000C900C91D090504BD10B5094C207838B947
:10683000084809494FF4A76203F044FB0120207087
:10684000064800210160BDE81040FEF707BA00BF0E
:10685000222400204C400021E0B30100E00400218C
:1068600090F8480098B110B52020EFF3118480F320
:106870001188074841690139416105D1054884F310
:106880001188016A0020884784F3118810BD704781
:1068900068210020D81D002001460020C9070DD521
:1068A000074A107820B9074B07481022042103E05B
:1068B000002310220121054801F058B8704700BF9D
:1068C00031240020F0CC010070200020682300203B
:1068D00080B500218DF8001042F20200084A1188AC
:1068E000084A8DF80110090A8DF8021011788DF808
:1068F00003106A46042103F095FB002002BD00BF8F
:10690000D0420020C60F002030B501460B4BC868AE
:106910001C680A68A04208BF196003680B6085887C
:106920008B888C688D80838083688B608460026034
:10693000C268CA600021C16030BD00BF684200204B
:106940000178012908D002290AD004290CD008298D
:1069500004D0102906D009E0F5F7CEBD03F072BAD5
:106960000348704703F070BA0248704740687047A8
:10697000E80B0020040C002038B50A4C25680A46B4
:1069800084B0014655F83C3F68469847064B074897
:106990001C68006854F8082F69469047C0B205B0DB
:1069A00030BD00BF280F00202C0F002064420020C3
:1069B0002DE9F0410D460A490446086816461F466F
:1069C000804780463B4632462946204603F026FB58
:1069D000044A11680446404688472046BDE8F081D5
:1069E000842200208822002010B50B4A92680021E2
:1069F0001C234B43D45C844202BFD3185B78012B29
:106A000006D0064B1C78491C641DA142F0DB01E056
:106A1000012010BD002010BD04420020D40F002032
:106A200050B50B4A0B4E92680021CCB21C2313FBCD
:106A300004F3D45C844206D03478491CCBB2641D84
:106A4000A342F2DB02E0D018407850BD002050BDD8
:106A500004420020D40F002050B501460A48836844
:106A600000221C2050431C5C8C4202BF1818467840
:106A7000012E06D005480478521C641DA242F0DBAA
:106A800000E050BD002050BD04420020D40F002083
:106A900038B50C4B1B688BB1DC884588AC4201D003
:106AA000082032BD1B78012B01D1072032BD0C29F3
:106AB00004D1BDE83240104603F020BABDE83840AA
:106AC00003F0A8BA740F002038B54FF6FF74A04247
:106AD0000DD10020094A00231578A8420DDA21F8CB
:106AE000204001EB8005401CAB70C0B2F4E7F7F723
:106AF000BFFD10B104800021817031BDC10F0020A5
:106B000070B50E460A490446086880470546314676
:106B1000204602F0D7F8040018BF03F0DDF8054A5C
:106B20001168284688470CB1002070BD062070BD52
:106B3000842200208822002070B50948094C844234
:106B40000BD0094D094EB54207D0F5E8020110F807
:106B5000012B54F822209047F5E703F0B5F970BDFA
:106B600034D2010028D2010054D201007CD20100AD
:106B700083B00290002001918DF8030082420BD077
:106B80000299095C019B1B5C013059409DF8033060
:106B900019438DF80310F1E79DF80300B0FA80F077
:106BA000400903B07047BCB514460546FDF74AF8E6
:106BB00000B1BCBD28780DF1060100F015FB30B125
:106BC00020680C38FFF770FC6FF00500BCBDBDF805
:106BD0000600288002F09EF80020BCBDB2B110B5BE
:106BE00086B09368062B03D35C1C01D000200BE019
:106BF000002404930194D2E90034D268CDE9023430
:106C0000059201AA02F0C6F906B010BD002202F0FA
:106C1000C1B938B5012814461D4602D0022809D052
:106C20000DE0049B0A462946204601B0BDE83040ED
:106C300003F080BB0846BDE8324003F0E7B90846E0
:106C4000BDE83240FEF72EBB094890F8281001B18C
:106C5000704780B5012180F8281002F019FF05481F
:106C6000FFF73EF904498860BDE88040704700BFE7
:106C7000D81D002028410020941C002070B50B4E28
:106C80000446002501F0A4FE062D06D0318821B16E
:106C9000A14206D00C360135F6E702F0CDFBFF2508
:106CA00001E002F0C9FBE8B270BD00BFE83D002082
:106CB000B0B50C4600210546224601F0C1FE07484A
:106CC000007800B1B0BD7C2C054904BF0448C570F4
:106CD00005EB450001EB80008475B0BD102200205B
:106CE000903F002008490A4B421808499A42096817
:106CF00008D801F44001B1F5000F03D10549096836
:106D0000496C0847704700BF5C8F82FFB44F00504A
:106D1000B71E0500F001001070B50B4D04462E188B
:106D200002F032FE96F84311013986F84311090644
:106D300005D10121AA68A14022EA0101A96002F05F
:106D4000EDFF002070BD00BF00190020B0B5054662
:106D500002F01AFE044608480178A9430170007841
:106D6000000704D405480821283003F0A1F8204684
:106D7000BDE8B04002F0D2BF701D0020101F0020FF
:106D8000F8B515460E46074602F0FEFD04460848D3
:106D90004068B84201D0032504E03046294600F09F
:106DA000DDFC0546204602F0B9FF2846F8BD00BFCD
:106DB000701D00202DE9F04106460A4815460C4694
:106DC00000278046BC4209D0D8F80020E95D306831
:106DD0009269904708B10137F4E73C462046BDE888
:106DE000F08100BFD0010010F8B5D0E9007605466B
:106DF00002F0CAFD0446787A58B12846FBF736FC03
:106E0000304601F0A1FF28460021002600F005FED3
:106E10007E722046BDE8F84002F080BF70B506469D
:106E20000C2015460C4602F0E9FF60B10146856072
:106E3000304601F0BBFE24B120464FF08041FBF705
:106E400049FC012070BD284602F0D2FF002070BD31
:106E500010B50A490122087A0A720949CC6944B17D
:106E60002268CA61FFF796F82046BDE8104000F09E
:106E7000CDBCBDE81040FFF78DB800BF68210020F1
:106E8000941C002010B50C4602F0F6FE09498A69F0
:106E9000A31A0632B3F1004F05D8131B98BF224640
:106EA000002B48BF22460A6000B110BDBDE810406B
:106EB00002F0E6BE18200940B0B50B4A0023156C5D
:106EC000946CC0E901452A7841B1BE2A06D1691CFB
:106ED000631C11F8014B013BBE2CFAD00360B2F1E8
:106EE000BE0018BF0120B0BDD81D00200B4890F88F
:106EF000641001B17047012180F864102021EFF384
:106F0000118281F311884FF0FF31C162016C826CF4
:106F100021F0070111440839C1637047D81D0020D2
:106F2000B0B504468260816100201D462075D3E91A
:106F3000010120610648E161214601F037FE287811
:106F400020B12046BDE8B04002F03CB9B0BD00BF62
:106F5000A81E002070B50B4AD368C56C84696E68A2
:106F600023430560466030606860D360012380F889
:106F700020301374202081F31188EFF3118180F306
:106F8000118870BD6821002010B540B9022906DBC8
:106F9000064C0749224603F0B9F8204610BDC80741
:106FA00001D4044810BD044810BD00BF080E0020E5
:106FB000DC0B0020400E0020480E002038B51C4697
:106FC0000A4B1D78012D01D13A2032BD130018BFA4
:106FD000002C02D010F47F4F01D0122032BD0B469E
:106FE000214601B0BDE83040F5F732BEB60F0020B3
:106FF00080B503F007F800F08EFD0749074B0A68DB
:10700000187882F8240000F0C7FE1E2802D0044938
:1070100025308873002002BD500F0020E042002080
:10702000E80B00202DE9F0410D46094904460868A7
:1070300016461F46804780463B4632462946204634
:1070400002F0DCFF4046BDE8F041024A1168084703
:10705000842200208822002038B50446002508003C
:107060000CD1094B0848B2FBF3F300FB1322214675
:10707000104602F0BFFF050003D00121204603F0B7
:1070800091FA284632BD00BF40420F0010B50C46B1
:107090000168084A116043680749084A0B60806824
:1070A000106002F04BFF00F0FFF82046BDE81040F2
:1070B000FCF7F0B9DC210020842200208822002087
:1070C0000A48083880F308880948016841F47001CB
:1070D000016000BF00BF02F0F9FE08B1FFF72CFD10
:1070E00002F046F9002002F0F3FD00BF004002204C
:1070F00088ED00E010B52021EFF3118481F31188B1
:10710000017C02290CD10268816843681A60002260
:10711000027442680068426008462146FFF71AFF81
:1071200084F3118810BD10B52021EFF3118481F391
:107130001188017C02290CD10268816843681A60B9
:107140000022027442680068426008462146FFF748
:1071500001FF84F3118810BD80B50A49142002F0A4
:10716000DAFD1420002102F0FFF9012002F0DFFD1A
:107170001420012102F0F8F94FF40C70BDE88040B2
:1071800002F0D5BD01640020BFB5044653B1002014
:107190000190D3E901500390187802958DF804000E
:1071A00001AB00E0034B2046FFF7BAFE204604B0D7
:1071B000B0BD00BFC0CC0100094900200022302A28
:1071C00004D08B1810325861D860F8E705490020C8
:1071D0000022482A08BFFAF75DB888520C32F8E757
:1071E000F0200020E83D0020052802D94FF0FF30B4
:1071F0007047084A00EB400032F820204FF0FF3083
:107200001AB14FF6F8739A4200D1704700200A80F5
:10721000704700BFE83D0020F8B50A4F06460D460E
:107220004FF0FF311446386802F0FEFC3046294624
:107230002246F9F747FC0446386802F035FE20463E
:10724000F8BD00BF88230020B0B50446012000FA35
:1072500004F502F099FB07498A682A438A602144B1
:1072600091F84321013281F8432102F057FD0020BB
:10727000B0BD00BF001900200A484068826800F1D4
:107280003801134652680AB18A42FAD1597B09077C
:1072900006D1408F40F60901884204BF01207047A3
:1072A00000207047701D002010B502F09FFE074AB5
:1072B000074B084C0348044912681B682468C160E6
:1072C0001CC010BDAC01002064A60100DC21002020
:1072D0008422002088220020B0B5044609480568B1
:1072E00055B1A868204205D0D5E9033220460021D7
:1072F000984718B92D68F3E70020B0BD4FF0FF3074
:10730000B0BD00BF001900209EB0094C012184F8D7
:107310003010616B09B969466163F5F735FF0320E9
:10732000207504480068C0B20F2800D2FEE7FEE7CF
:10733000D81D002004ED00E010B50A4B2022EFF329
:10734000118182F311881A6C072A04DCDC6B44F883
:107350002200501C1864002081F31188082AB8BF4D
:10736000012010BD941C002070B50A4D0446202059
:10737000EFF3118180F31188286C461E701C0128E0
:10738000B8BF70BDE86B50F8261020468847013E14
:10739000F4E700BF941C002080B502F023FE08B97A
:1073A000122002BD064B002018700021054802681B
:1073B000117000688180EFF797F800B1012002BDDD
:1073C000AD0F0020D80E002070B5094E044630687D
:1073D0000D4638B90749087802F0EEF9306008B96F
:1073E000012070BD3068E4B20555002070BD00BFBB
:1073F0004C420020D40F0020F8B50D460849044641
:10740000086816468047074632462946204602F05D
:10741000E5FD044A11683846BDE8F440084700BF5E
:107420008422002088220020F8B50D460849044631
:10743000086816468047074632462946204602F02D
:10744000C9FD044A11683846BDE8F440084700BF4A
:10745000842200208822002070B5084C94F9001086
:107460006FF00105A94207D0054B064A1E68106857
:1074700056F8342F9047257070BD00BF3624002089
:10748000200F00201C0F0020F8B50F4608490646C3
:107490000868804705463946304601F013FC002451
:1074A00000B14468034A1168284688472046F2BD67
:1074B0008422002088220020B0B50C460546FCF747
:1074C000A5FE291A04F57A72C4EB9100012898BF31
:1074D00001200023B2EB910F28BF1846B1F1404FB5
:1074E00028BF1846B0BDB0B50C46054602F04CFAB0
:1074F000D5E901122B69A24238BF1446121BAA60BB
:107500001A19B2FBF1F303FB1121296102F006FC09
:107510002046B0BDF8B50C46054602F035FAEA68DB
:1075200095E8C2000132B2FBF6F303FB16252944AD
:10753000216002F0F3FB701BF11B814238BF08464B
:10754000F8BDF8B50746042016460D4602F056FC75
:1075500068B1044686700780042029462246FFF75A
:107560000FF920B12046BDE8F84002F041BCF8BD5B
:10757000002804BF002170474CBF404200464FF036
:107580001F014CBF41F4406141F48061491E40003D
:10759000FCD34FEA015141EA1031000570473EB576
:1075A0004D681821144601916A880092AB88AA6838
:1075B00029884088F9F7F5FD162802D10021A96035
:1075C0003EBD01001CBF298821803EBD7CB50C78E2
:1075D000022C10D14C682578647805EB042642F61D
:1075E0000215AE4207D1BDF818500095022401944F
:1075F000FDF703FA76BD012076BD704710B5D0E9DE
:1076000001408168606802F00FFB00B110BD206886
:1076100004490422002302F02EF96068BDE81040FE
:1076200002F042BCEA230020B0B50446012584B133
:10763000B4FA84F181F01F0005FA00F254400428E6
:1076400002D8FFF769FBF2E7C1F11A00F7F788FBF0
:10765000EDE7B0BDB0B50446012584B1B4FA84F1BC
:1076600081F01F0005FA00F25440042802D8FFF709
:10767000EBFDF2E7C1F11A00F7F7BAF9EDE7B0BD9B
:10768000E0B5ADF8000008488DF806100021ADF80F
:1076900002100168684688479DF80710002818BF47
:1076A000FF2108468CBD00BFDC21002010B5094831
:1076B0006FF000444FF47A7200230068A0FB0401CD
:1076C00001F04CFEA04228BF2046002918BF2046EA
:1076D00010BD00BF50CE01001CB56FF0D244019424
:1076E0008DF806100421ADF8042001AA01EB8301F6
:1076F000042389B2FEF79CFF014908701CBD00BF3E
:1077000010220020B0B50748074D04782CB155F879
:107710000C0B00698047013CF8E704480121017027
:10772000B0BD00BF11CB010078CC0100292400209E
:1077300006480122017A027205480160054890F866
:10774000501080F8502004480160704768210020E4
:10775000C0420020941C0020BC42002010B50C4602
:107760000849097E02290AD100F0A2FE04B1206076
:10777000C1B20220012908BF6FF07E0000E00120A5
:10778000C0B210BD701D002010B5C4B20848062C50
:1077900004D0082C18BF10BD443000E0203002F0A7
:1077A0008FFB204600210022BDE81040FEF7E8BF15
:1077B000401E002010B5074800240321046006483D
:1077C00001600220FFF7A8FA0720F7F7C9FA03487B
:1077D000447010BDA802504210800240E0210020F9
:1077E000F8B50C46D0E90016002701F14C053068C9
:1077F000013C47F100018269D20606D429B1006834
:10780000C1B22846FDF772FDF1E7F8BD10B5044698
:10781000103000F001FD204650F80C1F09B100F0B7
:1078200077FF04482146502280684368BDE8104035
:10783000184700BF941C002010B52020EFF31184DE
:1078400080F3118805480068006B8047044AD2E93C
:10785000102384F3118801F081FD10BD8C0100100C
:10786000483B002070B504462020EFF3118580F3DB
:107870001188207D40B1E668FFF7DEFF216A301AEB
:10788000884288BF002000E0002085F3118870BD89
:107890004A1C08BF05212022EFF3118382F31188CF
:1078A00001228A40C0E90812034A526E02EBC1016C
:1078B000416383F311887047941C002000B1704726
:1078C00010B5074C207C28B1064890F8500008B944
:1078D000FCF706FF00202072BDE81040704700BF93
:1078E00068210020941C002038B508490446086827
:1078F00080470546A0680168A160F9F733FE044A95
:1079000011682846BDE83440084700BF84220020A3
:107910008822002038B502F003F9074D0446286894
:1079200038B1C08802F086FE18B12868C188605C52
:1079300032BD0248007832BD740F0020A90F00202C
:107940007CB504460D4602F041FB06000AD101A9B0
:10795000054800780091ADF804507F2300222146AD
:1079600002F030FB304676BD720200203EB50400C6
:107970001D460FD0ADF800108DF802200194684626
:1079800002F01CFB010006D12DB16089294602F0EE
:1079900011FB3EBD02203EBD80B5010002BF06497D
:1079A0000A78012A04D00549054B09781A689047DE
:1079B000BDE8014002F0C3BA3A240020EC420020A6
:1079C0001824002038B504460D46FEF739F968B191
:1079D0006D42611900F10803994221BF00F10805C9
:1079E00080882818884201D3084632BD204632BD1F
:1079F00081B14A6872B10A78042A0BD18A684AB107
:107A000002680023916153624B68D3618968916277
:107A1000F4F790BB6FF002007047B0B50568022024
:107A20000C46FFF779F964B1D5F8EC000021B1EB11
:107A3000107F06D10420FFF76FF94FF0FF30C5F833
:107A4000EC00B0BD92B1B0B5431E13F8014F002C4D
:107A5000FBD10024A24205D00D5D1D550134002D3F
:107A6000F8D101E000211955BDE8B040704710B5CC
:107A700004460023C85CE05418B101339A42F9D19E
:107A800008E0D01A022805D3E018D9430130114488
:107A900002F01AF9204610BD70B50446006C04F1DE
:107AA00044052CCDA0FB010602FB0161C6184D4127
:107AB000300C002240EA0541FFF7E4F9C4E91465FF
:107AC00070BD81B040F2000CEFF311808CF311888F
:107AD00000200090009810B900980130F9E72020AC
:107AE000EFF3118180F3118801B0704710B504469F
:107AF00002F0BDF801280CD02046FBF793FF0128C7
:107B000007D02046FDF786FB01281CBF2046FDF765
:107B1000A5FB002010BD70470648006940B180B544
:107B2000054801F0A3FF0548BDE8804001F0A4BF6F
:107B3000704700BFD81D002061890100158E01002B
:107B4000F8B54FF4805001210290052001900448BF
:107B50000390044800906846F9F760FB8FBD00BFB2
:107B6000582300208D70010010B5044606480068B7
:107B700020600648C0686060FCF738F8083838BFF5
:107B80000020A06010BD00BFB8420020802200206D
:107B900070B5064608461C461546FFF76FF8FF28E5
:107BA00004BF4FF0FF3070BD014630462A462346E1
:107BB000BDE87040FAF7F2BCB0B50D46044601F0DE
:107BC000E3FED5E9001211B14A606A6800E0626024
:107BD000002A18BF14462160BDE8B04002F09EB8EC
:107BE000B0B501F0D1FE0446064890F8380118B14E
:107BF00000F028FA054600E00125204602F08EF844
:107C00002846B0BD00190020F8B51D4616460446AA
:107C100001F0BAFE44B104F1200720348ECF334383
:107C20002F432A4331438EC4BDE8F84002F076B8B2
:107C300008496FF0590212F10A0304BF002070478F
:107C40000A44B2F85A2082421A46F4D1C818543075
:107C5000FDF796BE583C002080B5B2F5803F06D3B4
:107C600002F02EF8162101604FF0FF3080BD034B6B
:107C700011461A4600F018F8002080BDCCCC010057
:107C80001EF0040F14BFEFF30980684685462DE906
:107C9000F00F684671467446024A9047684621468E
:107CA000FEE700BFB996010010B5418203461430CB
:107CB000012100249861C3E90241117819745861C7
:107CC00002481946BDE8104000F070BFC4230020F0
:107CD000084890F86C1001B17047012180F86C10D1
:107CE000406E00213029F7D04218526042500831CE
:107CF000F8E700BF941C00202DE9F04F2DED108B0C
:107D0000C0F800D0D1F800D0BDEC108BBDE8F08FEA
:107D100000BF00BF00BF00BF00BF00BF00BF00BF6B
:107D200010B504460748002A08BF02462046F7F768
:107D30000FFC20B101462046F6F7CEFA002420467B
:107D400010BD00BF44C50100084890F8381001B1CB
:107D50007047012180F83810006A00213029F7D0DF
:107D60004218526042500831F8E700BF68210020F5
:107D700038B5084A0D461168044601F0FBFE80073D
:107D800005D529462046BDE8344002F00FB9012050
:107D900032BD00BF4842002010B50020074C2378B8
:107DA00001228240134204D1401CC3B2032BF6DBF4
:107DB00001E0C0B210BD1E2010BD00BF3424002061
:107DC00038B504000D4608BFFFF7E6FDA079294647
:107DD00002F090FB204601F0FDFA2046F4F7F2FC99
:107DE000BDE8314002F07CB838B5074A0446106857
:107DF0000D4680472168054B45F80C1C2560BDE801
:107E000032401A68104700BF8422002088220020D8
:107E100038B5074D074CA96920463C2202F052F8BC
:107E20002046FCF7BDFB2168BDE834400020084730
:107E3000BCC70100F43E00203EB50B460021ADF862
:107E40000600ADF8081004248DF804400092DDE926
:107E50000101024D6C690022A0473EBDF43E0020A6
:107E60003EB513460022ADF80420ADF8020004240C
:107E70008DF800400A46034DEC69DDE90001A0479A
:107E80003EBD00BFF43E002010B549B10C46097854
:107E9000042905D1D4E90112F3F754FE18B110BD3D
:107EA0004FF0FF3010BD02202070002010BDB0B593
:107EB0000C46054600F08CFD002144F80C1C296896
:107EC00019B10D4655F80C1DFAE72C60BDE8B0401D
:107ED00001F0B2BA70B514460D46064601F054FDE5
:107EE0006168C5E900416168002918BF0E46356028
:107EF0006560BDE8704001F011BF1CB504460598EF
:107F00000190049800902046EFF738F9014620468A
:107F10000A224FF0E04302B0BDE81040F6F776BF0A
:107F2000B0B5056802200C46FFF78EF954B1D5F8BC
:107F3000EC000021B1EB107F04D10420BDE8B0407B
:107F4000FFF782B9B0BD70B504460D461646F6F788
:107F50008FFB40B929464FF6FF70F6F789FB08B949
:107F6000112070BD04808670002070BD10B50446DD
:107F700001F00AFD94F8421011B14FF0FF3403E014
:107F8000012184F84210002401F0C8FE204610BDF3
:107F90000648006948B110B5054C204601F066FD61
:107FA0002046BDE8104001F067BD7047D81D002095
:107FB000074B0000B0B50C46054601F0E5FC00217A
:107FC000216069680029616008BF29460C606C6007
:107FD000BDE8B04001F0A2BEB0B50C46054601F0C8
:107FE000D3FC0021616029680029216008BF29466F
:107FF0004C602C60BDE8B04001F090BE70B5064604
:10800000064D04466FF39D06012001F090FEA8681E
:108010000642F9D0A8682040286070BD8847024019
:1080200080B5054801210068426801209047034857
:1080300003490068486080BDE0010010302009401D
:108040000823002010B506483C21012200230068C7
:10805000C4680448A047002818BF012010BD00BF15
:10806000A401001000A00C401CB5064980B24FF4DA
:108070007F42082309684C68009003483021A047DC
:108080001CBD00BFA401001000A00C401CB5064997
:1080900080B24FF4F802122309684C68009003483C
:1080A0000421A0471CBD00BFA401001000A00C408B
:1080B0001CB5064980B24FF40032112309684C68A0
:1080C000009003480421A0471CBD00BFA40100107C
:1080D00000A00C401CB5064980B24FF440620A2350
:1080E00009684C68009003482021A0471CBD00BFD0
:1080F000A401001000A00C4050B14AB110B50446D4
:1081000008300EC021460448FFF754FF002010BD80
:108110006FF00200704700BF0019002005480649B3
:10812000C069884208BFFAF76FBE044804212830AE
:1081300001F0BEBE701D002015300000101F002091
:1081400080B54FF0FF3001F02FFA800758BF80BD97
:1081500003484FF400612830BDE8804001F0A8BE1C
:10816000101F00200648007E022804D10548816CBB
:1081700009B9C06C08B1002070470120704700BFEA
:10818000701D0020741F002070B5144600220E469A
:10819000054600F07FFCFF2807D02B2E18BF40F2C9
:1081A0002B2646EA842145F8201070BDF8B5002141
:1081B0000391CDE9011101218DF80410034901F16A
:1081C000240201A900F062FB04B080BD941C0020D1
:1081D00010B5064C28B106480121006842682046C7
:1081E0009047606820F03000606010BD00400340A0
:1081F000D80100101CB504460498002B00900548D7
:1082000008BF03462046F9F7F5FD002818BF0024F3
:1082100020461CBDFCC8010000F1140181614161D0
:108220002021EFF3118281F31188016843681960FE
:1082300041680068416082F31188704710B5074CAF
:10824000207C08B1FCF74CFA0020207240F2000CB0
:10825000EFF311808CF3118810BD00BF682100205E
:1082600038B504460D466946288802F0DBF808B99F
:10827000012032BDBDF8002001462B462046F7F70D
:10828000B9FD32BD082800DB704710B50A0008D0E0
:108290004B1E194205D1034C2044427822EA0101C9
:1082A000417010BDC00C002038B502F033F9002435
:1082B000002550B10179032906D101680846641CE4
:1082C0006D1CE1B20429F5DBE8B232BD10B50C46F5
:1082D000210409D5054A1078F9F734FE08B1FAF7F8
:1082E00001FC84F4004010BD002010BDE9420020D4
:1082F00010B5074C2178E0610620FDF7E1FB2078FE
:1083000001F0F6FB2078BDE8104001F04BBE00BF45
:10831000741A002010B50446608850B9A079FDF7A2
:1083200047FFFF28E07102D16FF0030010BD00206D
:1083300010BD6FF0010010BD10B5040001D1002088
:1083400010BD04F10C0080B201F036FA28B1002112
:108350000160FF22048182720C3010BD80B5054996
:10836000054A00200860136853F8180F8047034936
:10837000086001BDB042002008240020B442002063
:108380000648016841B106484A68824298BF1046D3
:1083900009680029F8D1704700207047AC420020DE
:1083A0008EC2F528B0B5054601F0EEFA2C6834B15E
:1083B00021680029296008BF294600224A6001F08F
:1083C000ADFC2046B0BD70B50D460646002401F058
:1083D000DBFA2D6825B12969B14208BF2C46F8E7C0
:1083E00001F09CFC204670BDF8B50C46054601F036
:1083F000CBFA95E8C2002D692944216001F08EFC7A
:10840000701B874238BF3846F8BD6AB110B50C788A
:108410000378A34206D1013A00F1010001F1010104
:10842000F5D11C46181B10BD0020704710B503463F
:108430001B68834204D09C6864699442F8DA00E0C7
:10844000034658680B6048600160596010BD1CB558
:10845000044608466946008801F0E4FF010001D1A6
:10846000012016BDBDF800202046F9F74FFA16BDD1
:108470000068007B022802D1044801F015BD0248C3
:1084800001210170704700BFEF230020983D0020BC
:10849000B0B5064C256845F400202060402001F06E
:1084A00046FC25F400202060B0BD00BF3C20084001
:1084B00006490A68002AFCD10022CA610860C8691E
:1084C0000028FCD00020C8614868704700100440B4
:1084D00070B50024A34208D050F824506E1C04D07C
:1084E00015408D4202D00134F4E7FF24E0B270BDA4
:1084F00004480549006808400449884208BF70479D
:10850000FEE700BF1813005000F0FF0F0070B70B1C
:108510008068D0E90020C1E9002004484FF470527F
:10852000006802EA80208860704700BF3024034062
:1085300005484FF4825100680028044848BF4FF4B2
:1085400041510160704700BFAC4F005028A10C4062
:1085500005484FF4805100680028044848BF4FF494
:1085600040510160704700BFAC4F0050A8A00C40C4
:1085700080B505480068FDF775F804480068BDE857
:108580008040FDF707BD00BFBC420020C042002074
:10859000B0B5044601F0F8F9054604482146FFF756
:1085A0000BFB2846BDE8B04001F0B8BB0019002025
:1085B000064A0021B1F5307F06D0501890F93330CB
:1085C000002B02D55831F5E700207047003000201D
:1085D000E0B5064901AAFEF7D3FB9DF806108128F5
:1085E00018BF6FF07F0148B28CBD00BF01000304CB
:1085F0000A460146044843682BB18068084202D00D
:10860000024840681847704784CC0100701D002064
:1086100005480068C00704BF002070470348006891
:10862000C0B2C009704700BF4021084000000440AC
:10863000BCB5044680686A46F5F7BCF90546832850
:1086400004D1694620460022FEF79AFB2846BCBDAD
:108650001FB5044600200390CDE9010001208DF8EC
:10866000040001AA2046FFF71FFB204604B010BDFE
:10867000064A0021082905D01388834203D00A3214
:108680000131F7E70821C8B2704700BF583C00200D
:10869000F8B501A80021FEF70FFC039A6846BE2139
:1086A0008242009228BF8FBD1170009A0132F7E715
:1086B00001460120886000200861C86001F11400B3
:1086C00088614861014800F071BA00BFAC23002006
:1086D00070B514460D460646002024210022FDF701
:1086E00077FC20B131462A46234600F027FA70BDB8
:1086F00010B504460068FFF78FFD044821681C226E
:108700008068436898470020206010BD941C0020BA
:1087100010B50446006800F00BF8044821685822A0
:108720008068436898470020206010BD941C00209A
:108730002021EFF3118281F311888168C3681960E9
:10874000C16883685960002182F31188F5F7C4BDC0
:1087500001460020C90705D5034B044810220B2110
:10876000FFF704B9704700BFE4CC0100681B00208C
:1087700006488078FF2800D1704780B500F034FEAD
:10878000BDE80440002101F079BE00BF780E002052
:1087900080B5064B1978C91F012905D90020FFF7BC
:1087A000FBF8862001F0AAFE012002BDC80F0020C0
:1087B0008142064A03D2401A9042804103E0081ADF
:1087C00090428041C043C00F704700BF01E070720B
:1087D000017A102908DA054A11688B6E93F8331074
:1087E000012901D10620704701F0D8BB740F002089
:1087F000017A102908DA054A11688B6E93F8331054
:10880000012901D10620704701F0C4BB740F00207C
:1088100005490B88FF2B05D10880782200210348E9
:1088200000F0ECBD704700BF20240020683A002013
:10883000642809DC40036422044B596890FBF2F081
:10884000C0F5005080B2084704207047F43E002075
:108850001CB504686479022C02D1F2F731FC1CBD0E
:10886000049C049402B0BDE81040F0F713BC10B5AE
:10887000EFF31484002C1CBF002181F3148880477F
:10888000002C1CBF022181F3148810BDB0B5134623
:108890000C46054600201C210022FDF799FB18B16B
:1088A0002946224600F090F9B0BD3EB58DF808206B
:1088B000FE24120A8DF80920002501940095022358
:1088C00002AAF8F76EFC3EBD70B54A1ED2B2002374
:1088D00005E0D51AC45C465DC65444555B1CB3EB39
:1088E000510FF6DB70BD002818BF002901D102200E
:1088F000704740780870102800DA08B918207047CF
:108900000020704710B540B1002300E05B1CDCB2D2
:10891000944204D2045D8C42F8D0002010BD0120A6
:1089200010BD80B508B9052002BD10F8021CFF2952
:1089300001D0042002BD0C3800F046FF002002BD2B
:1089400080B5020606D50A4601460120F1F75CFA19
:10895000C0B202BDBDE808400022F1F790BA7047EE
:1089600010B5054C2069F8F72DF9A16801B9E06050
:10897000481CA06010BD00BFD81D0020054801683C
:10898000C26921F007010160012161F39F72C26198
:10899000704700BF0062024080B50068017B022979
:1089A0000CBF81690021024801F03EF980BD00BF83
:1089B000483D0020102801D3044A02E0042801D3D6
:1089C000014A8154704700BF14ED00E0F0E300E07D
:1089D00010B505480068EFF3118480F3118800F0AA
:1089E000E5FCC0EA044010BD48CE010080B5044B50
:1089F0001B689B699847034900220A6080BD00BF3D
:108A0000A80100108404604280B5044909684969DE
:108A10008847034900220A6080BD00BFA8010010FA
:108A20008404604250B180B5073080B2FBF7C4FBCC
:108A3000FF28BDE8804004BF012070470020704738
:108A4000E0B58DF807200DF107020123FDF7F0FDD9
:108A5000014908708CBD00BF1022002000220128AF
:108A60004FF0000004BF40F2EE204FF47A7202296A
:108A700008BF0246104670470548B0F85410B0F8D9
:108A80005600814218BF70470820FEF75FB900BF4B
:108A9000741F0020B0B5144640F2FF325023054643
:108AA000FFF716FD1CB155F82010890A2160B0BDF2
:108AB00010B5044600F068FF03490A7822430A70A3
:108AC000BDE8104001F02AB9701D0020B0B505487E
:108AD0004468C56900F0B2FF014620462A46BDE859
:108AE000B0401047701D002010B5044600F04CFF48
:108AF000626800212161013AC4E90212BDE8104018
:108B000001F00CB910B5054BC0B22AB111F8014BF8
:108B1000013A6040185CF7E710BD00BF0CBC0100D3
:108B20002021EFF3118281F31188016843681960F5
:108B300041680068416082F31188704710B50446AF
:108B40000448002B08BF03462046FEF7E9F92046FB
:108B500010BD00BFC0CC010010B5836884680C4014
:108B60001A408C4208BF0A4312B181689143816068
:108B7000104610BDB0B5054D0024022C08BFB0BD95
:108B800055F8240080470134F7E700BFBCCD010051
:108B90002021EFF3118281F3118801680B680360D3
:108BA0000B685860084682F3118870472022EFF363
:108BB000118382F31188086042684A60426811603C
:108BC000416083F31188704710B504460448002AB9
:108BD00008BF02462046FFF767F8204610BD00BFD9
:108BE000CCCC010010B504460448002A08BF024658
:108BF0002046FCF77FF8204610BD00BF24CA0100C4
:108C00002021EFF3118281F311888168C368196014
:108C1000C1688068416082F311887047054924313A
:108C2000884208BF704718B10099C0E900238160ED
:108C3000FEE700BF941C002038B504460D46E8B29C
:108C400000F0D2FB00F2051229462046BDE838406C
:108C500001F09CB905494A780870FF2A04D04B7886
:108C6000984288BF18464870704700BF34090020FA
:108C7000020008BF0248034A1170034908607047A8
:108C8000419F01003A2400201824002010B513460B
:108C90005A1E3BB110F8013B11F8014BA342F6D02C
:108CA000002010BD012010BD70B505460E46B0B2C3
:108CB00000F082FD040003D03246294600F0A8FBF4
:108CC000204670BD20B502460448006828B10389DB
:108CD0008B4204BF857A9542F7D120BDAC4200207B
:108CE00040680021B1EB106F1CBF6FF002007047AD
:108CF00080B5FEF799FC002080BD40680021B1EBF3
:108D0000106F1CBF6FF00200704780B5FEF7A2FC29
:108D1000002080BD80B500F0DFFEFDF7E1FB28B14B
:108D2000816819B1BDE8804000F05BBF80BD70B5BF
:108D300014460D46064601F0FEF830462946224606
:108D4000BDE87040F3F7C8BC0068816B21F4FA619C
:108D500081634FF4FA614164016B21F40071016396
:108D6000704700221146062A03D0435C4A1C002BA0
:108D7000F8D00020052988BF0120704710B50B46A8
:108D8000044600201C210022FDF722F910B12146E3
:108D900000F084FE10BD10B50B46044600201421DF
:108DA0000022FDF715F910B1214600F089FE10BD33
:108DB00080B500F043F98DF800006A4601214FF6B6
:108DC000744001F02FF9002002BD0A684B68002AA8
:108DD0000CBF436053604A6809680AB90160704774
:108DE0001160704704490A6802604A6842608A68F4
:108DF0008260C968C1607047404502400446FFF781
:108E0000C7F8034803210175204600F061FF00BF49
:108E1000D81D0020044881680139816018BF70475F
:108E2000D0E90310FAF786B8D81D002080B50146B6
:108E3000034800F0F9FEB0FA80F0400980BD00BFA1
:108E4000A83C002001440139884228BF70470278BD
:108E50000B7800F8013B01F80129F5E710B54468EB
:108E60002068F6F77BFF002020606068BDE81040B6
:108E700000F0DEBDFF2806D0034911F8202002F0E3
:108E8000FB0201F820207047021008400449C9681D
:108E9000091AB1F5967F88BFF5F752BD00207047DB
:108EA0008022002080B50448006800F0BDFE002844
:108EB00018BF6FF0020080BD88230020022807D071
:108EC000032804D180B5F2F7A9FB002080BDFEE79E
:108ED000F9F736BF044890F8411119B1D0F86C0188
:108EE00000B10047704700BF001900201CB5C2F355
:108EF000800302F001040093C2F340032246F1F71D
:108F000065F91CBD10B50129044698BF012100F088
:108F100063FF2046BDE8104000F060BF10B5044676
:108F2000FFF736FEA0420EBF0024846800F060FF09
:108F3000204610BD10B50023CC5CC25CA24203D118
:108F40000133062BF8D11446101B10BD03288EBF29
:108F50000248034951F82000704700BFEEC20100EB
:108F600024CB0100B0B50C46054600F09DFD02483B
:108F700044650565B0BD00BFA81E00200146002065
:108F8000886001F10C000861C8600148FFF70EBE5F
:108F9000BC23002080B5044B2433FFF723FE416936
:108FA000002908BF084680BD941C00202022EFF352
:108FB000118382F31188026B1143016383F31188DB
:108FC000FBF73EBB00BF00BF00BF00BF0498804757
:108FD00000980199029ADDF80CE0104710B52021A5
:108FE000EFF3118481F311882146FDF7B3FF84F379
:108FF000118810BDB0B50C46054600F0C5FCA96C43
:10900000A143A964BDE8B04000F088BEB0B50C46ED
:10901000054600F0B9FCA96C2143A964BDE8B04045
:1090200000F07CBE0449096809B900207047062297
:1090300050430844704700BF5042002010F0070022
:1090400001D11E207047024908700020704700BF00
:109050003424002080B50421684600F055FF0098B4
:1090600000F090FF0028F6D0009802BD044909687E
:1090700021B1097B012901D10C20704700F07EBF8E
:10908000500F0020044B5B6D2BB143F8220001F11F
:10909000045141F8280F7047041D0020014611F8C3
:1090A000060C032803D1024A1078FFF749BC704729
:1090B000E942002011444B1E03E013F8011900F8A7
:1090C000011B11464A1E0029F7D1704710B5034C09
:1090D000034B22691C780019115410BDE0220020B6
:1090E0008DCE010080B50A46010605D50146002057
:1090F000F0F78AFEC0B202BD012002BD0349044B55
:109100000020088001221A70704700BFD44200205E
:10911000EE42002080B5F1F7BBFEF2F795FDFBF7BC
:10912000EFF9BDE88040EEF7A2BD40B1BCB506AC9A
:10913000056801942D690094A847BDE8BC407047BC
:109140002020EFF3118180F31188B1FA81F081F3CF
:1091500011884009704710B52023EFF3118483F381
:109160001188C0E9002184F3118810BD10B50446B0
:1091700000F00AFC0021C4E90011BDE8104000F035
:10918000CDBD1CB50C6891F90430CDE90012012168
:109190002246F1F7B7F81CBD81B0C0B5039303AB0D
:1091A000009300F099FABDE8884001B07047D0E91B
:1091B000002092F83010043918BF0121526900785C
:1091C000FAF7A6BB10B52021EFF3118481F31188C3
:1091D000F6F78AFF84F3118810BD10B52021EFF354
:1091E000118481F31188FCF7B7FE84F3118810BD58
:1091F00080B50020FEF7D0FB822001F07FF9BDE8AA
:10920000014000F0B7BE00220A6043684B6042682C
:10921000002A14BF116001604160704780B5FAF701
:1092200019F802480121017080BD00BF24240020EC
:1092300080B500F007F802480121017080BD00BF31
:109240002524002080B5FAF705F8024801210170B5
:1092500080BD00BFDD22002080B5F9F7FBFF02488A
:109260000121017080BD00BF2624002080B5FAF7DF
:1092700081F802480121017080BD00BF2824002030
:1092800082B001208DF807009DF807000028FBD16F
:1092900000F095FDE0B58DF806000DF10200F8F73D
:1092A00039FD9DF807008CBD41EA90118000023025
:1092B0008DF8181041468DF8190070470348016871
:1092C0000029FCD000210160704700BF1C10044041
:1092D000E0B5C2F3800302F0010200930123F0F72E
:1092E00075FF8CBD81B001208DF803009DF803004F
:1092F0000028FBD101B0704781B000208DF8030039
:109300009DF8030001308DF80300F9E703490122BD
:1093100091F8500081F85020704700BF941C002045
:109320000348007D0138B0FA80F04009704700BF63
:10933000D81D002010B5046804F1340000F0B2FD1F
:10934000002084F8310010BD042805D180B51046F6
:10935000F2F776FBBDE880400020704740B584B04E
:1093600002AE0096F5F7A4FC029A039B04B040BD40
:109370000349002912BF01C900200021FAF72AB8C9
:109380000000000081B001208DF803009DF803006B
:109390000028FBD101B0704710B5034CE06BFAF721
:1093A0002DFD0020E06210BDD81D002003490122E0
:1093B00091F8500081F85020704700BF941C0020A5
:1093C00080B500218DF80010684600F0CFFD9DF8B3
:1093D000000002BD03490A78022AA4BF00210167E8
:1093E000704700BF780E0020034B5A684FF4D071CD
:1093F00048431044704700BF780E002010B5044663
:1094000010460A460146204600F018FC204610BDD2
:1094100003E011F8013B00F8013B13465A1E002BF4
:10942000F7D17047024A106002480160704700BFE0
:10943000944200209042002010B5044680B2FCF710
:1094400011F9200C80F3118810BDE0B50DF1070271
:10945000012300F0B9F89DF807008CBD10B5046831
:10946000D4F824C0029C0294BDE81040604780B547
:109470008022FCF709F808B1C06880BD002080BDDB
:10948000B0B50024551E80E836008361C0E904446D
:10949000B0BD0B4601281146184608BF01F0DAB8E6
:1094A000F8F760B801700A0A0B0C090E427083705D
:1094B000C170001D704710B500239A4208BF10BD4F
:1094C000CC5CC4540133F8E7B0B5024991E83C00E4
:1094D0003CC0B0BD34CB0100024A02EBC000FAF739
:1094E00017BE00BF54CD0100024A02EBC000F3F7E3
:1094F00055BA00BF5CCD0100B0B5024991E83C000F
:109500003CC0B0BD44CB0100B0B5024991E83C007D
:109510003CC0B0BD54CB0100024A02EBC000F8F7DA
:10952000C1BB00BF64CD010002490A685200FCD5EE
:10953000FFF758BC504502400249D1E90012C0E98A
:1095400000127047D81D0020B0B5024991E83C00D8
:109550003CC0B0BD64CB0100024A02EBC000FAF788
:1095600019BB00BF6CCD0100FF281CBF014A81540C
:10957000704700BF002002400121002201724FF01D
:10958000FF31C0E9002170470248007DB0FA80F049
:1095900040097047D81D0020102802D30149103817
:1095A0000860704700EF00E002490A681040C243BB
:1095B0000A6070471010044002490A681040C24314
:1095C0000A6070470810044001EB40310148C06850
:1095D00000F027B910220020B5F8541001396FF3BC
:1095E0001F31A5F85410704702484FF00041016048
:1095F000704700BF00A10C400248016841F0030120
:10960000016070472422084002480068C0F3072028
:10961000704700BF30A00C4002480068C0F384408F
:10962000704700BF04A00C4002480068C0F38120CE
:10963000704700BF20A00C40024840210160FEF7A7
:10964000EFBC00BFA8A00C400249084490F84A01B2
:10965000704700BF0019002010B50023541E80E899
:109660001E00C0E9043310BD00214FF0FF32C0E9F5
:109670000011C0E90221704770B5024991E87C00F1
:109680007CC070BDACC90100024A02EBC000F6F715
:10969000BDBF00BF74CD010000680121806900F0EA
:1096A000080081EAD0007047024901220A60D0E92F
:1096B00006010847042009400249012281F83020B0
:1096C000FDF722FED81D002002490122087A0A7205
:1096D000704700BF68210020E0B50193002300938C
:1096E00001ABEAF7C3FE8CBD0C281CBF11281A2859
:1096F00001D100F007BD70470249086000200871E1
:10970000704700BF2C420020024B18609A8099716C
:10971000704700BF800E0020024A52680AB142F82A
:1097200021007047041D0020024B1A683C21484369
:10973000104470475C42002002480178481E804176
:10974000C00F7047C80F002002480178481E8041B2
:10975000C00F7047C80F0020024940F649600880DA
:10976000704700BFF000002170B5024DAE6B346849
:10977000A04770BD041D00200249087800B1486868
:10978000704700BF044200200228BCBF0149087096
:10979000704700BF372400200228BCBF0149087071
:1097A000704700BFE842002080B50221684600F003
:1097B000D9FBBDF8000002BD024A136853F8341FFC
:1097C000084700BF08240020024A136853F8381FD6
:1097D000084700BF08240020024A136853F8441FBA
:1097E000084700BF0824002080B50A46D0F80310BF
:1097F000104600F069FA80BD0068002180F83E1034
:109800000A20F5F7ADBA0068002180F822100A207E
:10981000F5F7A6BA80B54FF00041F8F75BFF0020DE
:1098200080BD10B50468D4F81CC0BDE81040604786
:10983000234603958DF804500295FDF7A5BC40F230
:1098400003714FF6FF720523FEF742BEDAF8086097
:10985000DAF81000BAF930107047D0E90110401A58
:10986000B0FA80F040097047062902D34A1C18BF9D
:109870007047FEF70DB81CB54FF0FF340094FEF7AB
:10988000E7FF1CBD10B50021044600F092FA204607
:1098900010BD0021425C0131002AFBD1481E7047F7
:1098A0000021425C0131002AFBD1481E7047002193
:1098B000425C0131002AFBD1481E704780B5FFF79A
:1098C000BBFEBDE88040FBF7EFB91CB59DF810402A
:1098D000009400F043FB16BD90F87B20042AB8BF2B
:1098E00000F038BB704700239A4208BF7047C1544C
:1098F0000133F9E70B46D0F80320C11D184600F0EC
:10990000E1BA0068002101700A20F5F729BA704712
:1099100001491C2200F0D6BAA0C701000021C0E90D
:109920000011C0E9021170470148007D704700BF77
:10993000D81D002001480178FDE700BF941C0020DD
:109940000148C069004700BFD81D0020C0E90112CE
:109950000421017000207047C0E90112022101704A
:1099600000207047014800F09FBA00BFA83C0020CB
:1099700000210173C0E90011816070470068002177
:1099800001701220F5F7ECB92021EFF3118081F37B
:1099900011887047E0B501906846FFF7A1F98CBDCA
:1099A000E0B501906846FFF7A8F98CBD0246014872
:1099B000104700BF6CCC01000B46014610461A460A
:1099C000FFF7A0B80148006800F06EBA88230020B5
:1099D000DBF84C0000222346FEF716B9014909685E
:1099E00009680847E001001001490968C96A084789
:1099F000B80100100148006800680047E801001045
:109A00000148006840680047E8010010014880688C
:109A1000704700BF001900200149202200F052BA0F
:109A200070C6010001490860704700BF042400208F
:109A3000E0B5019001A8FEF75BFE8CBD0148806D8A
:109A4000704700BF941C00200068016B21F48071F6
:109A5000016370470068016B41F4807101637047D6
:109A60000149242200F02EBAFCC40100014908601B
:109A7000704700BFFC23002001490860704700BF09
:109A80000024002010784238B0FA80F04009704776
:109A900080B5F7F7FFFB4BF6BE2080BD10B504463E
:109AA000FEF706FE204610BD01460148FDF7F4BF53
:109AB000483B00200148C06CFAF7C2BDA81E002038
:109AC00010B50446FFF75AFA204610BD014924227A
:109AD00000F0F8B944C5010001488069704700BF33
:109AE0006821002001490860704700BF44420020FF
:109AF00001490870704700BF7302002001490870D7
:109B0000704700BFDA42002001490870704700BF6B
:109B1000D942002001490870704700BFDB42002095
:109B200001480068704700BF4C420020014800799E
:109B3000704700BF2C42002001484078704700BFAA
:109B40000442002001480078704700BF0442002012
:109B5000816941F010018161F3F75AB90148007839
:109B6000704700BF3724002001490870704700BFCC
:109B7000E942002080B5F4F77BFD00B1807802BD9A
:109B800001490860704700BF884200200148007802
:109B9000704700BFE02200201CB500240094F5F7B8
:109BA0008DFA16BD006808B9012070470020704783
:109BB00080B5242100F088F880BD0068002180F87D
:109BC0003F1070470068012180F83F107047002166
:109BD0000170C0E90111704780B5112100F074F8DF
:109BE00080BD40684FF00041F8F774BD10B10068C7
:109BF00000F0D9B87047C0F13F022846FDF722BFF8
:109C00002046FF214FF0FF32704700220091FF21D4
:109C1000FFF78BBA00224FF08073FDF7F5BF0021EC
:109C20004FF0FF32F2F700BB80B5F2F79FFF01382B
:109C300080BD406801210068C16470470B46114631
:109C40001A46FFF750BEE0B501A8FDF78DFF8CBDA9
:109C50000021C0E9001181607047C17801F0F7016F
:109C6000C170704780B5FCF737FDC0B202BD80B54A
:109C7000FDF7F2FB002002BDEFF3108072B67047D3
:109C8000EFF3108062B670474068002101707047A2
:109C900000210022FFF749BA012300901020284735
:109CA00000220023FDF770BAFF210022FFF73DBA22
:109CB0009AF800105020204780B5F9F70FF880BDC2
:109CC00000487047F82300200A460021FFF70BBE2A
:109CD000FDF74AFB00F031F908B10021018170471E
:109CE0000222EEF757BD0122EEF754BD0846FFF7FA
:109CF0009DB80122F5F788BB0222FAF709BE0122BE
:109D0000FAF706BE0021017570476FF00100704739
:109D10004FF0884070470022F4F7BABD80F31188F5
:109D20007047D0E9011008470C38FCF7BDBB01387B
:109D3000FDD170476FF00100704703689B681847BA
:109D40000268D26810472046FFF7E8BF2846FFF7B1
:109D5000A7BD2846FFF7E2BF0720F8F703BA0022A5
:109D6000FDF70EB80022FDF70BB80846F4F7E8BD82
:109D70000846FCF799BB0021FBF742BEC0B2F7F7DB
:109D800051BD000AFDF79ABD00210160704780694E
:109D9000FFF7EBBF8069FFF7EBBF8069FFF753BFA9
:109DA000806900F0A1B8002101757047FEF7E2FE5E
:109DB000FCE74060006070470020FBF753BC00F0F8
:109DC00011F8FEE7FFF7CEBDFEF7AABE0A207047E6
:109DD000FDF748BD007D704781607047FFF7F2B91D
:109DE000EAF778B900BF7047FFF7C5BFFBF718BCAB
:109DF000FCF75ABBFDF7B8BEFDF71EBDF4F7A0BDDA
:109E0000FFF744B8FAF7FEBAF4F74ABEEFF7F8B92D
:109E1000FDF76CBE0120704701207047012070479C
:109E200001207047012070470120704701207047D2
:109E3000F1F7D2B901207047002070470020704729
:109E400000207047002070470020704700207047B6
:109E500001207047002070470020704700207047A5
:109E600010467047EAF750BE002070470020704748
:109E7000FBF788B90020704700207047EAF7A4BCC0
:109E800000207047FCF780BBFCF79ABBFEF7C8B810
:109E900000207047FDF714B980687047FCF700BADE
:109EA000FAF788B8FEF7B8B9F9F754BBFEF7A8BEC1
:109EB000FFF77CB8FBF7D6BBFFF70EBCFDF798BDEC
:109EC000FFF780B9FFF7F7BAFAF73ABFF3F708BB25
:109ED0000020704700F03AB8EEF7E2BDEFF754BC4F
:109EE000E7F726BC0020704701207047F2F720BF3B
:109EF00000F028B8EEF754BFFCF7CABDF9F7EEBD85
:109F000081607047F7F794B8F4F722BEF4F778BE93
:109F1000FFF74ABCFFF7BDBC006870470068704798
:109F20007047704770477047704770477047704779
:109F30007047FEE7FEE770477047FEE770477047DF
:109F400070477047DFF800F0DDFF0110DFF800F028
:109F500009070210DFF800F039C00110DFF800F047
:109F6000E59C0110DFF800F0056B0210DFF800F04F
:109F7000156B0210DFF800F0D56E0210DFF800F06C
:109F800085110110DFF800F01DC50110DFF800F0A9
:109F9000F9B00110DFF800F01D410210DFF800F009
:109FA000E53D0110DFF800F0B16D0210DFF800F0C0
:109FB000E1AF0110DFF800F0110E0210DFF800F041
:109FC000A9780110DFF800F0D9A50110DFF800F042
:109FD000F5290210DFF800F03DFD0110DFF800F078
:109FE00091FD0110DFF800F0856A0210DFF800F043
:109FF00001700010DFF800F005E80110DFF800F054
:10A00000B5A90110DFF800F02DF90010DFF800F01D
:10A0100015540210DFF800F0794A0110DFF800F063
:10A0200039900110DFF800F02D920110DFF800F0F8
:10A03000CD840110DFF800F099D90010DFF800F0AE
:10A04000F5F80110DFF800F045660210DFF800F0C7
:10A0500045510210DFF800F0D5520210DFF800F091
:10A0600029440110DFF800F065730110DFF800F0FB
:10A0700025360210DFF800F0F5360210DFF800F0A8
:10A080007D430210DFF800F005C80110DFF800F092
:10A0900025E90110DFF800F0694F0110DFF800F04A
:10A0A0004D400210DFF800F0911B0210DFF800F0C5
:10A0B00085E90110DFF800F039140210DFF800F034
:10A0C000ED340210DFF800F045FB0110DFF800F07E
:10A0D00019550110DFF800F01D620110DFF800F0E3
:10A0E000A5E70110DFF800F06D4E0110DFF800F079
:10A0F0008D300210DFF800F0998B0110DFF800F0CE
:10A1000055070210DFF800F089350210DFF800F083
:10A11000752D0210DFF800F0C5E80110DFF800F03F
:10A12000F9DC0110DFF800F079490110DFF800F0E8
:10A1300031190110DFF800F04D520110DFF800F086
:10A14000390D0210DFF800F0654A0210DFF800F068
:10A1500065E80110DFF800F0911E0210DFF800F052
:10A1600061D80110DFF800F0B5540210DFF800F0FC
:10A1700069B60110DFF800F0A96C0210DFF800F0FA
:10A18000D1920110DFF800F031480110DFF800F043
:10A19000CD650210DFF800F0CD2C0210DFF800F0E2
:10A1A000A11A0110DFF800F0695D0210DFF800F07D
:10A1B00031F00110DFF800F085620210DFF800F0E6
:10A1C000C95F0210DFF800F0F1220210DFF800F0A2
:10A1D00089190210DFF800F06D510210DFF800F06D
:10A1E000F9620110DFF800F055350210DFF800F0D9
:10A1F00001220210DFF800F025F40110DFF800F072
:10A20000CD440210DFF800F0D54D0210DFF800F069
:10A21000C1610210DFF800F0F1170210DFF800F062
:10A22000A95F0210DFF800F075660210DFF800F099
:10A23000456D0210DFF800F03D540210DFF800F029
:10A24000FD6C0210DFF800F0AD750110DFF800F0D2
:10A25000E56C0210DFF800F085520210DFF800F024
:10A2600001120210DFF800F0B13F0210DFF800F039
:10A27000DD540210DFF800F08D2E0210DFF800F040
:10A280002D2A0210DFF800F0AD580210DFF800F0C0
:10A29000810D0210DFF800F08D5A0110DFF800F098
:10A2A00021A90110DFF800F0B9C00110DFF800F0BB
:10A2B0004D0A0210DFF800F0794B0110DFF800F0D2
:10A2C000616C0210DFF800F0696E0210DFF800F038
:10A2D000059B0110DFF800F0BD420210DFF800F02E
:10A2E000793E0210DFF800F035F60110DFF800F0DB
:10A2F000E9A20110DFF800F0DD3D0210DFF800F008
:10A30000D11B0210DFF800F0B9C10110DFF800F036
:10A31000911A0210DFF800F03DA60110DFF800F0FE
:10A3200069620210DFF800F09DE40010DFF800F031
:10A33000D11A0210DFF800F06DB00110DFF800F064
:10A340004D430210DFF800F085D70110DFF800F070
:10A35000354F0210DFF800F089FF0110DFF800F040
:10A360001D300210DFF800F0B5400210DFF800F0F9
:10A3700095D30110DFF800F0714D0110DFF800F007
:10A3800049360110DFF800F0754C0110DFF800F0DD
:10A3900039C10110DFF800F0416E0210DFF800F063
:10A3A000D9570110DFF800F021BD0110DFF800F0EF
:10A3B000952C0210DFF800F065540210DFF800F071
:10A3C000111D0210DFF800F089910110DFF800F094
:10A3D0007D4D0210DFF800F021E40110DFF800F0FD
:10A3E000E56A0210DFF800F055DB0110DFF800F03D
:10A3F000F1DE0110DFF800F019AD0110DFF800F018
:10A4000055280210DFF800F005550210DFF800F0C3
:10A41000DD490210DFF800F0B5650210DFF800F04A
:10A42000F5D70110DFF800F0C90D0210DFF800F0D9
:10A43000E5650210DFF800F035180210DFF800F0D3
:10A44000695F0210DFF800F0FD520210DFF800F043
:10A45000A59B0110DFF800F039D20110DFF800F001
:10A460004D490210DFF800F0911F0210DFF800F0F4
:10A47000B1E50110DFF800F05D6D0210DFF800F0CB
:10A48000F9AB0110DFF800F025930010DFF800F0C1
:10A49000D96D0110DFF800F089420210DFF800F0FA
:10A4A000BD180210DFF800F069790010DFF800F045
:10A4B000D11F0210DFF800F0E53F0210DFF800F0D6
:10A4C000CD190210DFF800F049AA0110DFF800F002
:10A4D0006DF30110DFF800F01D9E0110DFF800F0B1
:10A4E0000D680210DFF800F005670210DFF800F0D9
:10A4F0002DDF0010DFF800F0659A0110DFF800F0A2
:10A50000656B0210DFF800F0DD430210DFF800F0A9
:10A5100019400210DFF800F0656E0210DFF800F05D
:10A5200031A00010DFF800F0E5040210DFF800F0C1
:10A5300029110210DFF800F0DD670210DFF800F0EB
:10A5400005560110DFF800F029E00110DFF800F0F7
:10A5500005700010DFF800F0F1B60110DFF800F030
:10A56000E1100210DFF800F029B30110DFF800F06D
:10A57000ED660210DFF800F055690210DFF800F018
:10A58000D5660210DFF800F02D540110DFF800F05E
:10A5900095F70110DFF800F041B40110DFF800F08A
:10A5A000C1DF0110DFF800F00D4A0210DFF800F003
:10A5B00069600210DFF800F0C56A0210DFF800F0F1
:10A5C0002DF50110DFF800F0396E0210DFF800F011
:10A5D000316E0210DFF800F0856B0210DFF800F03A
:10A5E0003DF70110DFF800F0A1F90110DFF800F0ED
:10A5F000B56A0210DFF800F0BD820110DFF800F04C
:10A6000005D40110DFF800F08D450210DFF800F0EE
:10A61000BD510210DFF800F041610110DFF800F0D9
:10A62000396D0210DFF800F05D520210DFF800F023
:10A6300035520210DFF800F039070110DFF800F0A2
:10A64000CDB40110DFF800F0BD4A0210DFF800F0D1
:10A650003D650210DFF800F0295E0210DFF800F01F
:04A66000E13E0210C5
:10A66400D8420020D9420020DA420020DB420020F8
:10A67400DC42002038C2010004420020782300207C
:10A68400E4420020E5420020392400203824002040
:10A69400FAC8010012CB010064CE010066CE0100AD
:10A6A40068CE0100A59B010007920100199F0100DB
:10A6B400CB8D0100B9970100C99701006515010010
:10A6C40011940100B5900100FD930100398301004C
:10A6D4002389010041890100451F010011DC0000AC
:10A6E400A5520100C5790100A5940100C5630100CC
:10A6F40005890100B9570100016B01006562010081
:10A7040075570100A98C01008D8C0100119F010077
:10A71400999B01007D2A0100DD1A0100D9970100EF
:10A72400897401003F9F010099790100D56A0210E4
:10A734002D920110A1F101104D0A0210495E021080
:10A74400FD9A010049AA0110D52A021075D40110FE
:10A75400099B0100794B0110154B021005150210DD
:10A76400C9880100217A0110514D0210F5E201104F
:10A77400BD6F0100010A0210159B0100A523021000
:10A7840081CF011045FB0110994B02109551021025
:10A79400C537021091370210D1680100A10E0210D2
:10A7A4002D380210796E0210816E0210756E02103F
:10A7B4005D4502107D6E021025530210615902108E
:10A7C400AD520210FD520210D5520210895E0210E1
:10A7D40019550110A5D60110213D0000756D021018
:10A7E4002D690210493F021099C50110E59201003C
:10A7F400E5920100E5920100E96400006D9001001A
:10A80400059E0100F5500100D9CA0110ED26021081
:10A8140021A1011049DB000005550210E13E0210A0
:10A82400D96D011061500110F1170210E592010079
:10A83400ED7F01107566021001E500007D4D0210E8
:10A84400E5920100E5920100AD3E010059E30110DB
:10A85400659A011065A70110D9AA011039BF01102A
:10A8640011F30110515C0110155A0210E592010018
:10A87400E592010005560110156B0210E9D800009D
:10A88400DD540210056B0210AD460210FD470210A4
:10A894003D2D0210F159021065270210CD47021018
:10A8A400310F0210ED560100E9DA0110398C010074
:10A8B4008119010069B60110E9C90110B5F201104E
:10A8C400790F0210295F0210418A011085EC0110F2
:10A8D4002D54011029270210996D000011F2000077
:10A8E400E5920100E5920100E59201009504021051
:10A8F400D131011045ED01107D010100E592010007
:10A90400E5920100E5920100D53C0110B554021016
:10A9140051CC000061CA0110F973010029740100CF
:10A92400691A0100257001005D3F0100ED66021007
:10A9340055690210A15B0210659C0100099F01008A
:10A944003D2F0210696002102D4E0210956E021008
:10A95400996E02105D5A0210B9F20000E52D021042
:10A96400E5920100E5920100E5920100A96E021052
:10A97400ED8A0110AD6E0210A56E0210E592010081
:10A98400E5920100E59201005D480210395A021077
:10A99400B16E0210014E0210E9FC011045F10110E4
:10A9A400A55A0210AD170210A16E02108DA8011055
:10A9B400256B02108D6602109D6E02103D51010040
:10A9C400815A0210E56B021081A301105555021043
:10A9D400A127021059510110B9110210F5550210A6
:10A9E4000112021039D20110DD4E0210BD620210B4
:10A9F400DD490210459C0110EDF70110ED9E0100A8
:10AA0400616C0210E9780100656E0210696E021033
:10AA1400DD4302106D6B01102D480210C10F0210AE
:10AA2400F9A701104529010089DE011069620210AD
:10AA34007D430210511B0210BD1802108D4D010000
:10AA440009970100059B0110E110021015C60110C1
:10AA5400B14301001D620110FD570100294401109A
:10AA6400B1E501109DE00000D9F70000B50F010029
:10AA7400C13B0110418E011019690210E5EC01106F
:10AA8400752D0210ED04010031570100559F01108E
:10AA9400E50A0210752F0210B9CC0110B14E021054
:10AAA400310B021055DB0110CDB401106DF3011010
:10AAB4000D680210DD6702100567021029110210EB
:10AAC40019400210D11F0210AD2F0210854E021042
:10AAD400E96901005DE1000061D801108D5A01109F
:10AAE4002D670000E59201008D2E0210AD49021081
:10AAF40089AC0110C55B0210DDD00110597401004E
:10AB0400C5C7000061D20000C17D0100856202104A
:10AB1400C95F0210E993010029E00110E5920100E8
:10AB2400192802107918021035180210D99801005A
:10AB3400ED480210416902107D550210ED6D0210BE
:10AB4400CD550210695F02107D1D0110C52401005E
:10AB54006D93000065EF0000F9C40000FD380000AB
:10AB6400D99E0100B9C0011019F90000E53F021097
:10AB7400399B01007997010089420210DD9E010092
:10AB8400459B0100E95F0210216A01005590010014
:10AB9400856B0210A5ED01104DE501108101021035
:10ABA400A95F0210DD27021021420210BD480210E5
:10ABB400E5040210656B0210594401003DC0000019
:10ABC4001D49021055420210D56602102DE20110F3
:10ABD400E5920100A5660210511F0210CD19021062
:10ABE40025930010F9AB01100D9A001061F30000D9
:10ABF40029B30110A555021039F70000ED14010026
:10AC0400F5FA0000E19E010011CE00003961010057
:10AC140051CB011095F7011005EE01101536010016
:10AC240021E40110E5920100AD4302107D0501000D
:10AC3400117D0110C97D0110DDDF00002D770110A9
:10AC440055810110E5920100E5920100ED680110C3
:10AC5400ADD0000099D900102DF90010F5190100AC
:10AC6400B9BF0110E59201001D3402101D890000D6
:10AC7400E5920100E9E40110C9CB0110557C0110F3
:10AC840091E00110F9E001103125010035050210B1
:10AC940051D10110E5920100C1EE011051100210D2
:10ACA40085E4011041CC0110C1DF01109DB20110F7
:10ACB4007D850110F1B60110B13F0210B18701008A
:10ACC400416E02101DC5011041B40110011902109A
:10ACD400B5B3011021A901108B6301005D4301008C
:10ACE4003907011069D001105D6602103D5402104D
:10ACF400911E021045660210CD5902108D540210A7
:10AD0400952C021065540210C1930100516D02107C
:10AD1400D54D021015540210D1200210A531021095
:10AD2400C56B0210C95E021069AB0110E95E021026
:10AD3400A93D0210396D0210855902102113021029
:10AD44007D5B021045290210DD46021085B1011019
:10AD540025170210DD6802104504021035D60110D3
:10AD6400C5EB0110D56B0210A94D02100569021044
:10AD7400D5630110B99E0110113E0210B1260210D4
:10AD84005D2C02106D470210F56A021035F60110B1
:10AD9400A1C40110A5EA01105916021025C401101E
:10ADA40095670210F168021075140100790701100B
:10ADB400F9220110D192011015BA011051A201100B
:10ADC400DDF50110EDFB01101D840110A9590210DD
:10ADD4004D620210ED5302103D4702109D16021001
:10ADE400E1160210DD3D021065EB0110111E021088
:10ADF40075930110FD650210511E02106DA500002F
:10AE04006913021059F20110595B0210990A0210D9
:10AE140031470110355B02101566021031480110EC
:10AE2400793E0210F5CF011011DA01103D670110CF
:10AE3400453E0210E9A20110DD31021005EB0110BC
:10AE44002D66021065670210A56B0210196E0210C0
:10AE5400B9630210E169021019610210596E0210FF
:10AE6400556A0210456A02105D6E0210556E02109A
:10AE7400F5D70110E9330210E95C0210111A02102F
:10AE840045510210C95C0210E16002104D2102100C
:10AE9400511A0210695C0210610C02104D43021039
:10AEA4004D33021019330210496002107D64021000
:10AEB400CD690210ED5A021025060210AD5702109A
:10AEC400C1DB01101D430210115B0210F5130210C7
:10AED400295D0210AD640210ED500210153202100B
:10AEE400E5320210A95C02107D320210ED4202101C
:10AEF400D11A0210BD420210911A021089210210C7
:10AF0400B1320210895C021049320210316C021015
:10AF1400256C0210F529021065EE0110C5600210BF
:10AF240065500100111B02105D3702106DB0011055
:10AF3400295E0210C90D021005D40110BD82011052
:10AF4400819D0110F9C801103D590210C161021020
:10AF540055650210417901000D190100F5FD00004D
:10AF640085980110A5030210D1580210990C011004
:10AF74003D4402109D440210DD6102109DFA01104F
:10AF8400F5360210D9A50110E1B501106D6E02105D
:10AF9400716E021059360210252D0110F5030210AE
:10AFA4008D3602104F840100B9BD0110657901107E
:10AFB4006D65021061820100ED230100216D021014
:10AFC400156D0210F9610210E94A02102599011069
:10AFD40029370210F5580210F50F011015620210FE
:10AFE400E95D02108565021019590210095E02100C
:10AFF400A56102101134011045A501100DB901100D
:10B0040039D9011039B9000051DD0110B1C2011064
:10B014009D720110958901108DF0011055AF01103A
:10B0240085F50110C114021069090210CDD8011070
:10B0340089A0011085080210D10802101D09021010
:10B04400253602103DA60110AD5001003147010024
:10B05400D1A60110E5650210CD4402109D650210D1
:10B064000D6D0110015B010071C90110111C01106B
:10B0740065660110816B0000998D0110C59C00006C
:10B084001D8F000049240110F18C01107528010066
:10B09400A31101009F750100C5990110911B0210B5
:10B0A4004D9F00006D390100316E021021BD011069
:10B0B400D11B02106D610210C56A0210B9C10110E2
:10B0C40005E8011025E9011039140210ED340210CD
:10B0D400D95701100D9F0100098600000D280100B9
:10B0E400111D021039030100C30D0100157901007F
:10B0F4009D6C0210A96C0210396E0210496E021088
:10B104002135021025F40110A1BB0110B502021073
:10B11400895D0210D5710110654A0210390D0210C3
:10B124007D38011095D3011089910110812301000C
:10B134003D220210C16C0210CD6C021005030210F6
:10B144005507021021BC0110BD060210D59E010056
:10B15400394A02102143011099CE011065E801100B
:10B16400AD580210A5E70110756A0210956A021025
:10B17400856A0210A56A0210F5640210893502106E
:10B18400E9960100C9390100A1BC0110A107021010
:10B194009D9E0100B1640110A19E01000D410110AA
:10B1A400DD8601100140011005C801104D40021058
:10B1B40085D70110C15B0100E52B01109DF801103A
:10B1C400097101101D670210F56202108129021035
:10B1D400D962021069690210B54002108140021060
:10B1E400150C021079480110A5140110754C0110BA
:10B1F40035090110592E0110714D011089FF0110FC
:10B20400256802107D69021045190210354F02109D
:10B214008500021089C701108D87011035370100A0
:10B224001D300210458C0110F19E010055300210B2
:10B23400619501104556021011200210C90B02102D
:10B244001DBB011011630210E94002102D630210AE
:10B25400FD30021049630210F1320110F15E011059
:10B2640061E10110A56D021009F700108D30021084
:10B27400C5300210094F0210CD280210D505021066
:10B28400DDE60110296002109128021051200210FD
:10B294003100021049360110911202106D4E011056
:10B2A400A9CD0110D900021041E70110D9120210F2
:10B2B40021CE011019A4011001B80110FD9E010056
:10B2C400A52A0110F187010045F80110B94F0210B9
:10B2D40011500210E54F021085410210614F021017
:10B2E4009550021035670210092902108D4F021083
:10B2F40081630210098201109D6302103557021008
:10B3040069500210BD5602103D500210E55602105D
:10B31400A5690210B94102106D560210C95A0210F3
:10B32400E7880100353102101D56021095560210AF
:10B33400C15801105D5702100D570210C9F30110D6
:10B34400D1870100813A0100ADD20110E52F02102E
:10B35400F59E0100E5FD011021D3011049120210F0
:10B3640079E6011039FE011039C101100DC7011031
:10B3740045FB0010F99E0100B1F20010616001105C
:10B38400E5920100996D02107D0B0210115E01100F
:10B3940085E90110553E0100810D02103D88011020
:10B3A4002D2A021049E400008D65011069DC0010AB
:10B3B40081DA0000914A021031F00110A95D0210F7
:10B3C400652901105535021001220210694F011040
:10B3D400B934021065020210695D0210F5430021C0
:10B3E400794000219540002169440021A5440021B1
:10B3F400C5400021D1400021DD400021F940002159
:10B404004F45002141410021DB0705D000F003F83E
:10B414000249087070BD70B5014D2847E004002151
:10B424001D240200074C657900F009F86179694030
:10B43400490703D50121044A8903116070BD70B521
:10B444000249084780030021081104402D590000D7
:10B4540070B5004700F016FA00480047577F000017
:10B4640000F016FA004800471B8800000599880A76
:10B47400802805D1134988788007800F00F020FACE
:10B4840000480047D96E00000FB40F48C188002956
:10B4940002D0104600F014FA079B9B0A084D832B38
:10B4A40008D1084C23899B0604D500F005F8002830
:10B4B40000D042350FBC284770B50448004700004F
:10B4C4001F0B02006001002180030021EB09020030
:10B4D4000848094A03689A420AD108480289084B75
:10B4E400D21A01D0012A03D1406E06498847039934
:10B4F400054B1847A8020021BD030200600100218A
:10B5040021180000F1350000BD06000070B51F4D84
:10B514002878C4B21E4880472878032834D1032CE5
:10B5240032D01C488068400DC2071A480146603179
:10B534008030002A03D01F240C57458802E01E24C3
:10B544000C570588002C1FD01348154A416900790F
:10B554004143481011494969401810494039497F0D
:10B56400904740054015694288420DDBA8420BDC38
:10B574000C4B996988B20246090C624309045212C1
:10B58400801880B20843986170BD0000E402002175
:10B5940079410000280000218003002100030021DC
:10B5A400CB8100004040044010B5864C2146403118
:10B5B400087D012834D18448C07D4008C0072FD0BD
:10B5C4002046603042795208D20729D04089800B46
:10B5D400012825D1087E4109C9070CD0A16F0007B5
:10B5E4000988C00F4002090408436066A06F801CEC
:10B5F40000F080F913E07448203080694068002826
:10B604000ED0724A00230178D356591A08D4C900BF
:10B6140008184178C90703D0016861664068A066CC
:10B624006B48804710BDF8B5664C6A4926462036FB
:10B63400707B2546403500902F79B800401880680B
:10B644008047002828D16049C97D0909C90723D04A
:10B6540022466432152F20D0297E00234F09FF078C
:10B6640003D06D7D002D00D00123009FA56FBB4347
:10B6740012D0737B002B0FD0237D5B060CD5D288B0
:10B68400920B012A08D1C908C90705D0A988890BDA
:10B69400012901D100217173F8BDAB7EE97D012B35
:10B6A400E3D00023E1E770B5464C2546606A803557
:10B6B40000281DD15420005D0022002817D06420EA
:10B6C400005D8008C00712D0A9688888800B012813
:10B6D4000DD13D48C07D4008C00708D03A4820300D
:10B6E40080690068002802D02962A86000E02A620C
:10B6F40039488047616A002903D1296A002900D0AA
:10B70400A96070BDF8B52F4C344920464030027D05
:10B71400002A2FD0807E25468035032802D00428B5
:10B7240003D027E00120E87524E06420005D800850
:10B73400C0071FD0A8688088800B01281AD122482E
:10B74400EA7DC07D002A13D0C008C00712D0264667
:10B754002036777B88470146394308D1217D090685
:10B7640005D56988890B012901D100217173F8BDC0
:10B774008008EAE78847F8BD124880300021C17587
:10B78400174800470F4940310871262814D006DCB9
:10B79400152813D01B280BD01F2804D10AE03D28FC
:10B7A4000ED047280AD00B498000401880687047A3
:10B7B4000C4870470C4870470C4870470C48704759
:10B7C4000C48704760010021C8000021E0040021FA
:10B7D40059490200005502008F3D020075300200F5
:10B7E400152A0200E9430021754300211743002173
:10B7F400974200211942002110B50C4988470C4A90
:10B804000621515E002907D0022905D0092903D059
:10B81400102901D0112907D17721C943884201DDBC
:10B82400002801DD7F20C04310BD0000A965000091
:10B834008003002110B51048C1881048052918D08C
:10B844000F4C21684A0852002260A26B5208520031
:10B85400A2632160FFF7FCFDA06B000708D4012060
:10B86400206060600020401C0C28FCDB1420206257
:10B8740010BDFFF7EDFD10BD800300213F5B00000C
:10B8840000600440806B0C490007000F487170474A
:10B89400094A0A4918235079CB56497EC018814277
:10B8A40001DD084602E00F2800DD0F20D1890909D7
:10B8B40009010143D1817047E00200218800002181
:10B8C4000849C979CA08D20708D0C1400648C9073F
:10B8D40001D0064900E00649491CC16070470020B8
:10B8E40070470000E80000212800002188010000C2
:10B8F40050010000820881079200C90E0CCAC0786A
:10B90400CA40494220318B401A431102090A0006F9
:10B91400084370473960EE2DCE2DC22D540FEF2F02
:10B92400EF0F975F9D170050400200400C0000008D
:10B9340088140900F905010000808B008000500F75
:10B9440000001D0A9005000005000004207BC100D2
:10B9540000000F00277F7F0100800C000000981476
:10B964000900F905000000808B008000700F0000C2
:10B974001D129005000005000004207BC10000009A
:10B984000F00267F7F010D720E720F7210725DA37D
:10B99400E5A44A65D0B00071D0A010B11B726281D9
:10B9A4002010623930062000301601110114016C98
:10B9B4005C605C605C605C605C605C605C605C60A3
:10B9C4005C6065608360CD6020125D60101211734D
:10B9D40012731373B1811000B09170B0406021C232
:10B9E400FBC502C360C42018136F236E1116121610
:10B9F4006A68EB94A378839C7081001E5C4430C019
:10BA0400B092F0C1D09232C6C0C92018814003124E
:10BA1400236E12167E683CB65C6005B0917200C15C
:10BA2400F09128B120B113B111B1E8B0007128B17F
:10BA3400E8A030B210B9808C309911B1A284B484DA
:10BA4400F3C0D1B0007112B002B011B1D1A09172A3
:10BA54002C7230B613B003B0E0B0007120B1708125
:10BA6400C09290814096007120B1C39242960071B9
:10BA740020B14496007120B1E0A030A633B6D3B013
:10BA8400007113B1D3A030C0109920C03099D1B047
:10BA9400007111B1D1A0917203A002A06E6505736B
:10BAA40006739173917230A2C0C710905C60F36406
:10BAB40060782465F0C5D1682A65D5B015B131C068
:10BAC400007190805022344574B010A9937310B95A
:10BAD4000F72137331B2D5A05DB3408B2039009738
:10BAE4003F6534B261C25865F322ED44666578B0AF
:10BAF400A3C2466530C074655C60B084A09570993B
:10BB040080890E10A0849095709980890E1480C04D
:10BB14000E1880C00E1851838139213961063116FF
:10BB240000111014006C1E311E318E318E392E9787
:10BB3400408230221645D5B0007115B1D5A00E61F2
:10BB440000C1E09110781099E7139A78E5B440C5E4
:10BB5400109002B004B006B000705078509030904D
:10BB6400707860904090007035B26CB011B089B0BC
:10BB7400E5B4D1A0D0A03DB1FDB00070319A438AA4
:10BB8400548A3331533D3431543D9396A49653B083
:10BB9400D460E5A444A064B08381031E3F410070D7
:10BBA4003399179100715DA323729173917203729B
:10BBB40004726E6530D00090C0FF109008A0057329
:10BBC400067300705B894089B0182331A88C8318F0
:10BBD40003181318339910A911B110B9D1B000701A
:10BBE400081E6C41007144B711B13899007100709E
:10BBF400308601C85131100430960070009AF089E3
:10BC040000227545E0B900700097B92EE5725CCB4F
:10BC14005DCAE473B82F0196BA2D03945FC8E67128
:10BC2400E7705EC90295BB2CE3745ACD0691BF2818
:10BC3400BE2907905BCCE27559CEE077BC2B059208
:10BC44000493BD2AE17658CF51C6E87FB4230D9AF8
:10BC54000C9BB522E97E50C7EB7C52C50E99B720E8
:10BC6400B6210F9853C4EA7DB2250B9C57C0EE79D8
:10BC7400EF7856C10A9DB324089FB126ED7A54C3C8
:10BC840055C2EC7BB027099EA2351B8C47D0FE69B8
:10BC9400FF6846D11A8DA334188FA136FD6A44D3A8
:10BCA40045D2FC6BA037198E41D6F86FA4331D8A98
:10BCB4001C8BA532F96E40D7FB6C42D51E89A73088
:10BCC400A6311F8843D4FA6DF3644ADD1681AF3878
:10BCD400AE3917804BDCF26549DEF067AC3B158268
:10BCE4001483AD3AF16648DF1087A93EF5624CDB58
:10BCF4004DDAF463A83F1186AA3D13844FD8F66148
:10BD0400F7604ED91285AB3C00000000ACCD0100B9
:10BD140001000000C4CB0100020000004BCA010076
:10BD240003000000FCCC0100050000002ECC010043
:10BD34000600000071CA01000800000021CC0100C7
:10BD44000900000097CA01000C00000084CA010029
:10BD540012000000FCC901001300000000CB010028
:10BD64001400000003CC010015000000DECA01002D
:10BD740016000000D4CB01001A00000010CA010014
:10BD840028000000E8C901002900000082C9010060
:10BD94002A0000002CC801002F00000090CC0100F4
:10BDA40030000000C8C801003B000000D4C90100F5
:10BDB4003D00000090CC01003E000000C8C8010016
:10BDC40048776920616C726561647920646566698D
:10BDD4006E65643A20696E74722320256420282FCE
:10BDE40055736572732F636C64726E2F74692F734D
:10BDF400696D706C656C696E6B5F63633133787801
:10BE04005F6363323678785F73646B5F385F3331B6
:10BE14005F30305F31312F6B65726E656C2F7469E2
:10BE240072746F73372F7061636B616765732F74FE
:10BE3400692F73797362696F732F66616D696C79A9
:10BE44002F61726D2F6D332F4877692E633A333922
:10BE54003729006F7574206F66206D656D6F727978
:10BE64003A20686561703D307825782C2073697AB2
:10BE7400653D257520282F55736572732F636C6497
:10BE8400726E2F74692F73696D706C656C696E6B5B
:10BE94005F6363313378785F6363323678785F73D6
:10BEA400646B5F385F33315F30305F31312F6B65E6
:10BEB400726E656C2F746972746F73372F7061635F
:10BEC4006B616765732F74692F73797362696F731C
:10BED4002F72756E74696D652F4D656D6F72792E55
:10BEE400633A37382900696E746E756D3A2025649B
:10BEF400206973206F7574206F662072616E6765A8
:10BF040020282F55736572732F636C64726E2F74BF
:10BF1400692F73696D706C656C696E6B5F636331F7
:10BF24003378785F6363323678785F73646B5F3835
:10BF34005F33315F30305F31312F6B65726E656C0A
:10BF44002F746972746F73372F7061636B616765E7
:10BF5400732F74692F73797362696F732F66616DC0
:10BF6400696C792F61726D2F6D332F4877692E6359
:10BF74003A33383929000008215600009DA60000F4
:10BF8400859301008593010085930100ED8E0100E6
:10BF9400D192010085930100199A0100659D010069
:10BFA4005F9D01008391010085930100410E010012
:10BFB4000D420100D1850100410901006F94010087
:10BFC400D1CF0000859301003186010085930100E3
:10BFD400859301007D710000FB7E010085930100C3
:10BFE4000010004015000000FF0000000C4000207D
:10BFF400200000002C400020200000000000000071
:10C004000C0000000D000000FF000000FF00000015
:10C014002018002010180020040000000200000076
:10C0240005000000100000000F00000011000000D7
:10C0340012000000000200005B5343414E5D2041AA
:10C0440044562066726F6D202573207C206E616DCE
:10C05400653A2573207C20525353493A2564206461
:10C06400426D207C2061646472547970653A257352
:10C07400207C207072696D5048593A25732073658D
:10C08400635048593A2573206576743A2573000144
:10C094008E0000008E0001008E0002008E0003005E
:10C0A4008F0000018F0000028F0000038E00010446
:10C0B4008E0000058E0008048E000004890000062E
:10C0C400500000007F0001003F0004003F00020018
:10C0D4003F0001007F0002008E0002048E00010276
:10C0E4008E000101DFFFFFFFFFFFFFFFFFFFFFFFE8
:10C0F400FFFFFFFFFBFFFFFFFFFFFFFFFFFFFFFF50
:10C10400FFFFFFFFFFFFFFFFFFFFFFFFFFFFFFFF3B
:10C11400FBFFFFFFFBFFFFFFF9FFFFFFF9FFFFFF3F
:10C12400FAFFFFFFFFFFFFFFFDFFFFFF9D2501005B
:10C134005DDE00008192010019650100BD08010067
:10C14400152C0100F99D0100453C0100ED9B010007
:10C154001598010095990100A1990100959201009B
:10C16400FD9D0100F19D0100851D0100F59D01006B
:10C17400019E010096C298D84539A1F4A033EB2D55
:10C18400817D0377F240A463E5E6BCF847422CE1E5
:10C19400F2D1176BF551BF376840B6CBCE5E316B29
:10C1A4005733CE2B169E0F7C4AEBE78E9B7F1AFEED
:10C1B400E242E34F1D920100D9940100039901006A
:10C1C400C9940100B19B0100E79C0100E19C0100BE
:10C1D4005992010019950100079801000995010081
:10C1E4001D990100FF9C0100F99C0100599901006F
:10C1F4004D9901000000000000000000FFFFFFFF58
:10C20400000000000000000000000000000000002A
:10C21400000000000000000000000000FFFFFFFF1E
:10C22400000000000000000000000000000000000A
:10C2340000000000000000000000000054CE0100D7
:10C2440058CE0100000000007ACE01007CCE01002F
:10C254007ECE010080CE010082CE01008ECE010090
:10C264008FCE01005CCE010084CE010086CE010099
:10C27400041D00205B504149525D2050617373637B
:10C284006F646552657120636F6E6E3D3078253042
:10C294003458207569496E3A25752075694F75744F
:10C2A4003A2575206E756D436D703A256C75005B8B
:10C2B400494E5345435552455D204A757374205782
:10C2C4006F726B7320616363657074656420627957
:10C2D40020706565723A20616464723D2573206E36
:10C2E400616D653D2573202573003F00000000004B
:10C2F40000000000FFFFFFFF00000000000000003E
:10C3040000000000000000000000000021480100BF
:10C31400FF00000000000000B9F90000FF00000069
:10C32400000000000805000308100A001024002083
:10C33400142400203A010000000000000000000066
:10C344000C2400203822002000000000000000001F
:10C3540000000000010000004A572D446574656325
:10C36400746F72207374617274696E6720286175CA
:10C37400746F207363616E202B20363073207265D6
:10C384006C61756E6368292E2E2E005B434F4E4EF2
:10C394005D20446973636F6E6E65637465643A20EF
:10C3A40025732028726561736F6E3D3078253032B5
:10C3B4005820257329005B5741524E5D20496E7306
:10C3C400756666696369656E74206D656D6F7279F3
:10C3D4003B2073746F7070696E67207363616E00C5
:10C3E4005B434F4E4E5D20436F6E6E6563746564B0
:10C3F4003A202573207C206E616D653A2573207C7C
:10C4040020525353493A256400324D00899C01005F
:10C41400359D010019720100118501002D4B0100A9
:10C42400A58E01000D130100794B0100C59901008F
:10C4340029B7000008000000CC1F0020B022002013
:10C444005C2200204823002007CE010000000000E9
:10C45400000000001300000000000000A5340000EC
:10C46400C160010035080100B9A101100DCF011010
:10C47400817E01102D230210FD2F0100ED5D0000CF
:10C48400CD8201005B504149525D20496E69746957
:10C49400617465642076696120474150426F6E641F
:10C4A4004D67725F506169722829005B5343414EA6
:10C4B4005D20706572696F6469632072656C617573
:10C4C4006E63682073657420746F2025756D730026
:10C4D4005B434F4E4E5D20506172616D20757064F8
:10C4E4006174653A2025732074696D656F75743ABB
:10C4F40025646D7300314D00000000000000000051
:10C504000000000000000000000000000100000026
:10C5140000C2010003000000000000005B434F4E16
:10C524004E5D20436F6E6E656374696E672061743F
:10C5340074656D70742063616E63656C6C65640012
:10C5440000000000000000000000000001000000E6
:10C5540000000000000200000000000000000000D5
:10C56400010000005B504149525D206661696C65C1
:10C574006420283078253032582920636F6E6E3D50
:10C58400307825303458006E6F20757365722069D9
:10C594006E746572616374696F6E20647572696E1E
:10C5A400672070616972696E67005B5343414E5D39
:10C5B4002072657374617274207469636B202865DA
:10C5C400766572792025756D732900033FBA0000E2
:10C5D400B12B0100FD75010059FA0000CD030100E3
:10C5E4005D8E01000B9D0100119D0100FCFFFFFF0A
:10C5F400FFFFFFFFFFFFFFFF00000000000000003F
:10C604000000000001000000FFFFFFFF4B60D22785
:10C614003E3CCE3BF6B053CCB0061D65BC86987646
:10C6240055BDEBB3E7933AAAD835C65A512563FCF6
:10C63400C2CAB9F3849E17A7ADFAE6BCFFFFFFFF99
:10C64400FFFFFFFF00000000FFFFFFFFFFFFFFFFF2
:10C65400FFFFFFFFFFFFFFFF0000000000000000DE
:10C664000000000001000000FFFFFFFFFFFFFFFFCD
:10C674000000000000000000000000003A013A0140
:10C684000000000000000000000000006D920100A6
:10C6940049950100599501007D99010071990100A6
:10C6A400D99B010011B50000258C00005B53434168
:10C6B4004E5D2064697361626C696E6720746F20DB
:10C6C40072657374617274202E2E2E0000000000B7
:10C6D40000000000FFFFFFFF00000000000000005A
:10C6E4000000000000000000000000005B50414911
:10C6F400525D20737461727465642028636F6E6E7A
:10C704003D30782530345829005B504149525D2032
:10C71400737563636573732028636F6E6E3D307841
:10C724002530345829005B504149525D20626F6EB8
:10C73400642025732028636F6E6E3D307825303475
:10C7440058290074692E73797362696F732E6B6E46
:10C754006C2E5461736B2E49646C655461736B0069
:10C764005B5343414E5D207374617274696E67203C
:10C77400696E697469616C207363616E006E6F2009
:10C78400494F2C206E6F204E756D6572696320438E
:10C794006F6D70617269736F6E007C001000000031
:10C7A400102700000000000000000000000000004E
:10C7B40004000000000000007CBF010090C60100DE
:10C7C400B8C10100E4CB01009CCD010000000000D1
:10C7D4002C2100205B434F4E4E5D20496E697469E5
:10C7E4006174696E6720746F202573202E2E2E00CD
:10C7F4000000000000000000E8030000000000004A
:10C804000000000000000000000000000C080217F7
:10C814000D010102090901010602091818030101A9
:10C824000909030305030201554E4143434550548E
:10C8340041424C455F434F4E4E5F494E544552561C
:10C84400414C005B5343414E5D20737461727469C3
:10C854006E6720287761732069646C6529005B44E6
:10C8640042475D2052502041646472206368616EC7
:10C874006765643A202573005B474154545D204149
:10C884005454207273702064726F70706564202534
:10C8940064005B494E49545D20446F6E652E20440C
:10C8A4006576416464723A202573005B4442475DB7
:10C8B400204843492068617264776172652065721B
:10C8C400726F7200434F4E4E5F4641494C45445F80
:10C8D400544F5F45535441424C495348005B5041C7
:10C8E40049525D2025732028636F6E6E3D30782594
:10C8F4003034582900050028000000000000000022
:10C904000100000000000000E00000000100000041
:10C914005B474154545D204D5455207570646174D7
:10C9240065643A202564003E3E20494E5445524EEB
:10C93400414C204657204552524F5221005B4442FD
:10C94400475D2025733A20525353492025642064BF
:10C95400426D005B5343414E5D2072657374617296
:10C9640074696E67206E6F77003E3E2044454641F1
:10C97400554C54205350494E4C4F434B2100554E77
:10C9840049545F4B45595F554E535550504F52547F
:10C994004544001E00000000DDE70000BD8E0100DC
:10C9A400010101000000000002000000000000007E
:10C9B40000000000FFFFFFFF000000000000000077
:10C9C40000100E00FFFFFFFFF03800208000000081
:10C9D4004241445F434F4E4E5F504152414D455496
:10C9E4004552530050414952494E475F4E4F545FA0
:10C9F400414C4C4F574544004C4C5F524553504FAB
:10CA04004E53455F54494D454F555400554E53556B
:10CA140050504F525445445F464541545552450089
:10CA240000000000000000000000000005000000FD
:10CA3400000000005B494E49545D2052502041647F
:10CA440064723A20257300554E4B4E4F574E5F4348
:10CA54004F4E4E454354494F4E003E3E20494E549E
:10CA640045524E414C204552524F52210050494E9E
:10CA74005F4F525F4B45595F4D495353494E4700F1
:10CA8400434F4D4D414E445F444953414C4C4F57E5
:10CA940045440052455045415445445F4154544532
:10CAA4004D505453003E3E204F5554204F46204D88
:10CAB400454D4F52592100656E6372797074696FE8
:10CAC4006E206661696C656400303132333435360A
:10CAD4003738394142434445460052454D4F544549
:10CAE4005F504F5745525F4F464600303132333422
:10CAF40035363738396162636465660052454D4F97
:10CB040054455F555345525F5445524D0001012829
:10CB1400EBCD010000CE01001BCD01002FCD0100A3
:10CB2400F2CD0100F9C401000DC401003BCC0100A9
:10CB34000200000000000000FFFFFFFF00000000F3
:10CB44000200000000000000FFFFFFFF00000000E3
:10CB54000200000000000000FFFFFFFF00000000D3
:10CB64000200000000000000FFFFFFFF00000000C3
:10CB7400181C002070390020EC390020FFFFFFFF53
:10CB84003E3E204943414C4C2041424F52542100E7
:10CB94003E3E3E535441434B20415353455254006F
:10CBA4001B371B5B3130721B5B25643B25644800DB
:10CBB4005B5343414E5D2064697361626C6564003C
:10CBC400554E4B4E4F574E5F4843495F434D4400CB
:10CBD4004C4F43414C5F484F53545F5445524D00B2
:10CBE4004D3D010089960100BD9E01003593010071
:10CBF4006C696E6B20656E63727970746564005243
:10CC0400454D4F54455F4C4F575F524553005B535E
:10CC140043414E5D20656E61626C656400434F4E16
:10CC24004E5F54494D454F555400415554485F4655
:10CC340041494C55524500436F6465642853322F73
:10CC440053382900FF00000000000000000100002C
:10CC540028CE010023CE01002DCE0100D0C5010055
:10CC640010420020C0C9010071640100D189010093
:10CC74003994010010C40100F142002094CD010058
:10CC8400FF0001002F8D0100070000004D49435FA4
:10CC94004641494C55524500434F4E4E454354413D
:10CCA400424C45002A2A2A4552524F522A2A2A0027
:10CCB40073617665206661696C656400000000003C
:10CCC4000000000000000000000000000000000060
:10CCD40000000000FF0000000000000080A9030025
:10CCE40085CA00001DD800000000000000000000FC
:10CCF400CD7501000000000048575F4641494C557E
:10CD040052450028756E6B6E6F776E290053434150
:10CD14004E4E41424C45005055424C49435F4944B4
:10CD240000286E6F2D6E616D65290052414E444F8F
:10CD34004D5F4944005343414E5F525350004449B0
:10CD44005245435445440001BC1F0020C01F00202D
:10CD5400B041002088CE01002837002089CE010090
:10CD6400C03F00208ACE0100AC4000208BCE0100E1
:10CD74006C380020D8CC0100C0320020E4BF010090
:10CD8400EC400020C4CD01000102000302000103B5
:10CD94000080040000400000AD93010065560100CE
:10CDA400554E4B4E4F574E00535543434553530036
:10CDB400286572726F722900516E0100D58E0100D0
:10CDC400000002400929FF000200000076CE0100A5
:10CDD4000200000078CE010060CE010001000000D6
:10CDE400286E756C6C29005055424C494300286EDE
:10CDF4006F6E6529004C45474143590052414E44EA
:10CE04004F4D00202000200F09736176656400698E
:10CE140063616C6C00000602868200081018201BF7
:10CE24005B304B001B5B314B001B5B324B004E4FA6
:10CE34004E450000010203042200010044000100E9
:10CE440000204060200000001C1E00200A0000009A
:10CE5400EC0000210000D0025F00000000616200CD
:10CE6400052A03280228002A012A042AA62AC92AF4
:10CE74000229001801180A0506030603040200002B
:0CCE840028002800FFFFFFFF000A00024A
:08CE9000440001002200010032
:10CE980000E500000FA1020100BF0514BF02D19EEA
:10CEA800013F00B1D50000E50070040BB7010A048A
:10CEB80004937710050004FE188F01BD1A3CCDA617
:10CEC800B899FF5899B740EB7B60FFFF4A503F1075
:10CED800D2E3B3C9FF74385FC5A3D4F649FF3FE670
:10CEE8009D350E480103FFCCDBFDF4AC1191F4FF36
:10CEF800EFB9A5F9E9A7832CFF5E2CBE97F2D20300
:10CF0800B0FF208BD28915D08E1CFF742430ED8F92
:10CF1800C24563FF765C15525ABF9A32FF636DEBC8
:10CF28002A65499C80FDDC1FBF4E2F0C0000550F61
:10CF38007F00000915000002268077FAC80113B2A5
:10CF4800CCCD0100F27B66CE00F32B24002001F14A
:10CF58004D6A00F4984100F301F52C01F4AD6C0220
:10CF6800F4BE3F01FB2D03F46E5604F4CC2303FBFF
:10CF78002E05F47006F4A92F06F407F53007F472AD
:10CF880008F4D6B7420020317F020260003F092032
:10CF98002F002001040C7060003602FF0CC604BC90
:10CFA800000807300035394F1DC41CB3002000317C
:10CFB8003CB1CC400BB7DCC8017000312A3F0230CD
:10CFC80014303FB50308D2405F00DC1A3041BF027D
:10CFD8003402BC100A4C333F20473F576CDC2761B2
:10CFE8004E26034EC47F494A0100FD8D013730F9B2
:10CFF800273E7F0C3E854300205036E0197F204CA9
:10D008003F8E0149191C6F1562EF8B01D388F3FF1E
:10D018000083860500054001FF40303C183828533E
:10D0280000EF0064403C2DF0950023FF082A01E33F
:10D0380087E700F3EF87F4002101F0005F00FF416C
:10D04800410104C044DD07FF002460205B630264E3
:10D05800FF01A3880100738B1F5F00610304C07187
:10D0680071FF0000DBECC85990EECA59E0F1CDDF42
:10D07800060000F4D02EF0F6D3F62F40F7D44DD0AA
:10D08800FA9316007700FB950040FD991874A0DB11
:10D098005D2C61D061324EE0663EF635706F485DBA
:10D0A8008020820000FF052E7600007FFFFF553F9D
:10D0B800507AD4507C3250746451702447367A00C8
:10D0C8007452702BB14849705F3F8E019E84FF06F1
:10D0D80068210020003172FF0660925D308C0230BA
:10D0E800003194003489BF2E71F964475F4880315C
:10D0F80050C60100F02FC501001000703000B0814B
:10D1080071BE638178C1010098003047FF30020288
:10D118009860FB75A4FF60007D20539006A3FF0272
:10D128002D01D450F900E03F508700F8501425F243
:10D138008232DF8901003994849F0C1155BF0100A8
:10D148004375010004738FFE047E4A757374576F2C
:10D1580072FF6B73205363616E6E9B65729D82458F
:10D168000006029E4C1BFF631B5B324A1B5B317B34
:10D1780030720040313B314851A67EA0EA2968014F
:10D188000035348E1F0CE5047BB0300EF00DF3E54E
:10D19800079CFB6021337228C30100BC1FC7010034
:10D1A80038C4003078F42F79FF1C00A001BC281C7B
:10D1B800448FBC06200C76CF0236B0A9A6C52FFC3A
:10D1C8000000919470AC7D700031D5B40034BC007F
:10D1D80034C400345000FDA0ACE0E8031AFD151873
:10D1E8007E1581393B0100B9409AD5B40F31AED1D3
:10D1F8008089F79F010032E7A43A10B0713900F036
:10D20800B0F54101B0FFFB001B13F90A0A02020145
:10D21800FF02012001073CFE0107FFFF01FFF000AC
:10D22800511B0100F5980100E99701000200000078
:10D2380010000000020000001000000002000000C2
:10D24800B21E000002000000D800000098CE0100C5
:10D258000019002034D20100101800203CD201002F
:10D268002018002044D20100402400204CD20100A4
:04D27800004300204F
:02000002A0005C
:10FFA80000008001100080FFFDFF5800FFC1B9F379
:10FFB800FFFFFFFFFFFFFFFFFFFFFFFFFFFFFFFF49
:10FFC800FFFFFFFFFFFFFFFFFFFFFFFFFFFFFFFF39
:10FFD800C50FFEC5FFFFFFFF00FFFFFF00C5C5FF00
:10FFE800000000FF00000000FFFFFFFFFFFFFFFF12
:08FFF800FFFFFFFFFFFFFFFF09
:0400000310009E95B6
:00000001FF
